﻿<?xml version="1.0" encoding="UTF-8" standalone="yes"?>
<addon id="plugin.video.crunchyroll-old"
       name="Crunchyroll Takeout"
	   provider-name="Yoshi of the Wire"
       version="0.7.2.3">
  <requires>
    <import addon="xbmc.python" version="2.1"/>
    <import addon="script.module.cryptopy" version="1.2.6.1"/>
    <import addon="script.module.beautifulsoup" version="3.2.0"/>
  </requires>
  <extension point="xbmc.python.pluginsource"
             library="default.py">
	<provides>video</provides>
  </extension>
  <extension point="xbmc.addon.metadata">
    <platform>all</platform>
    <minversion>29000</minversion>
    <summary lang="en">Watch videos from Crunchyroll.com!</summary>
    <summary lang="no">Se på videoer fra crunchyroll.com!</summary>
    <description lang="en">Crunchyroll is an online video service and community that offers full-length episodes and movies of the very best in Japanese anime and Asian entertainment.  Forked from the Crunchyroll Plugin by maruchan </description>
    <description lang="no">Crunchyroll er en online video tjeneste og fellesskap som tilbyr full-lengde episoder og filmer av det aller beste i japansk anime og asiatiske tv serier. Forket fra Crunchyroll plugin av maruchan</description>
    <disclaimer lang="en">WARNING: This fork is best for Premium Members.</disclaimer>
    <disclaimer lang="no">ADVARSEL: Dene forken funker best for Premium Medlemmer.</disclaimer>
    <supportedcontent>
      <content>movies</content>
      <content>tvshows</content>
    </supportedcontent>
  </extension>
</addon>
