<?xml version="1.0" encoding="UTF-8"?>
<addon id="plugin.video.nhlvideocenter" name="NHL Videocenter" version="1.0.2" provider-name="membrane">
    <requires>
        <import addon="xbmc.python" version="1.0"/>
    </requires>
    <extension point="xbmc.python.pluginsource" library="default.py">
        <provides>video</provides>
    </extension>
    <extension point="xbmc.addon.metadata">
        <platform>all</platform>
        <summary lang="en">NHL Videocenter VOD</summary>
        <description lang="en">With NHL Videocenter you get all videos from http://video.nhl.com/videocenter/ on demand</description>
    </extension>
</addon>
