<?xml version="1.0" encoding="UTF-8" standalone="yes"?>
<addon id="plugin.video.23tv.video" name="23TV" version="1.0.0" provider-name="shmulik">
    <requires>
        <import addon="xbmc.python" version="1.0"/>
    </requires>
    <extension point="xbmc.python.pluginsource" library="Default.py">
        <provides>video</provides>
    </extension>
    <extension point="xbmc.addon.metadata">
        <platform>all</platform>
        <minversion>31632</minversion>
        <summary>Wacth 23 channel content.</summary>
        <description>Wacth israeli 23 channel contents from 23tv.co.il.</description>
        <disclaimer>This addon parse 23tv's site and tvland.co.il, you should check their TOS before you using. It's as is</disclaimer>
        <supportedcontent>
          <content>tvshows</content>
          <content>episodes</content>
        </supportedcontent>	
    </extension>
</addon>
