<window>
	<defaultcontrol>201</defaultcontrol>
	<animation effect="fade" time="200">WindowOpen</animation>
	<animation effect="fade" time="200">WindowClose</animation>
	<coordinates>
		<system>1</system>
		<posx>110</posx>
		<posy>110</posy>
	</coordinates>
	<controls>
		<control type="image">
			<description>backdrop</description>
			<posx>-110</posx>
			<posy>-110</posy>
			<width>720</width>
			<height>576</height>
			<texture>amt-black.png</texture>
			<animation effect="fade" time="2000">WindowOpen</animation>
		</control>
		<control type="image">
			<description>background image</description>
			<posx>-15</posx>
			<posy>-15</posy>
			<width>520</width>
			<height>420</height>
			<texture>amt-background-settings_16x9.png</texture>
		</control>
		<!-- ** Required ** Do not change id or type -->
		<control type="label" id="20">
			<description>heading label</description>
			<posx>10</posx>
			<posy>-2</posy>
			<width>420</width>
			<align>left</align>
			<font>special13</font>
			<textcolor>DDced8da</textcolor>
            <label>SCRIPT0</label>
		</control>
		<!-- ** Required ** Do not change id or type -->
		<control type="label" id="30">
			<description>Version Label</description>
			<posx>495</posx>
			<posy>-2</posy>
			<width>200</width>
			<align>right</align>
			<font>special13</font>
			<textcolor>DDced8da</textcolor>
			<label></label>
		</control>
		<!-- ** Required ** Do not change id or type -->
		<control type="spincontrol" id="900">
			<description>page label</description>
			<posx>500</posx>
			<posy>345</posy>
			<subtype>page</subtype>
			<font>special12</font>
			<textcolor>ffffffff</textcolor>
			<texturefocus>-</texturefocus>
			<texturenofocus>-</texturenofocus>
			<textureup>-</textureup>
			<textureupfocus>-</textureupfocus>
			<texturedown>-</texturedown>
			<texturedownfocus>-</texturedownfocus>
			<showonepage>true</showonepage>
		</control>
		<!-- ** Required ** Do not change id's or type's -->
		<control type="grouplist" id="9000">
			<posx>10</posx>
			<posy>40</posy>
			<width>380</width>
			<height>318</height>
			<itemgap>2</itemgap>
			<pagecontrol>900</pagecontrol>
            <onleft>2000</onleft>
            <onright>2000</onright>
            <ondown>9000</ondown>
            <onup>9000</onup>
            <control type="button" id="201">
                <description>Setting1 Button</description>
                <posx>0</posx>
                <posy>0</posy>
                <width>380</width>
                <height>30</height>
                <align>left</align>
                <aligny>center</aligny>
                <label>SCRIPT201</label>
                <font>font13</font>
                <textcolor>ffffffff</textcolor>
                <textoffsetx>10</textoffsetx>
                <texturefocus>amt-input-focus.png</texturefocus>
                <texturenofocus>amt-input-nofocus.png</texturenofocus>
                <disabledcolor>60d0d0d0</disabledcolor>
                <shadowcolor>ff000000</shadowcolor>
            </control>
            <control type="image" id="1">
                <description>separator image</description>
                <posx>-5</posx>
                <posy>0</posy>
                <width>390</width>
                <height>5</height>
                <texture>-</texture>
            </control>
            <control type="button" id="202">
                <description>Setting2 Button</description>
                <posx>0</posx>
                <posy>0</posy>
                <width>380</width>
                <height>30</height>
                <align>left</align>
                <aligny>center</aligny>
                <label>SCRIPT202</label>
                <font>font13</font>
                <textcolor>ffffffff</textcolor>
                <textoffsetx>10</textoffsetx>
                <texturefocus>amt-input-focus.png</texturefocus>
                <texturenofocus>amt-input-nofocus.png</texturenofocus>
                <disabledcolor>60d0d0d0</disabledcolor>
                <shadowcolor>ff000000</shadowcolor>
            </control>
            <control type="button" id="203">
                <description>Setting3 Button</description>
                <posx>0</posx>
                <posy>0</posy>
                <width>380</width>
                <height>30</height>
                <align>left</align>
                <aligny>center</aligny>
                <label>SCRIPT203</label>
                <font>font13</font>
                <textcolor>ffffffff</textcolor>
                <textoffsetx>10</textoffsetx>
                <texturefocus>amt-input-focus.png</texturefocus>
                <texturenofocus>amt-input-nofocus.png</texturenofocus>
                <disabledcolor>60d0d0d0</disabledcolor>
                <shadowcolor>ff000000</shadowcolor>
            </control>
            <control type="button" id="204">
                <description>Setting4 Button</description>
                <posx>0</posx>
                <posy>0</posy>
                <width>380</width>
                <height>30</height>
                <align>left</align>
                <aligny>center</aligny>
                <label>SCRIPT204</label>
                <font>font13</font>
                <textcolor>ffffffff</textcolor>
                <textoffsetx>10</textoffsetx>
                <texturefocus>amt-input-focus.png</texturefocus>
                <texturenofocus>amt-input-nofocus.png</texturenofocus>
                <disabledcolor>60d0d0d0</disabledcolor>
                <shadowcolor>ff000000</shadowcolor>
            </control>
            <control type="radiobutton" id="205">
                <description>Setting5 Button</description>
                <posx>0</posx>
                <posy>0</posy>
                <width>380</width>
                <height>30</height>
                <align>left</align>
                <aligny>center</aligny>
                <label>SCRIPT205</label>
                <font>font13</font>
                <textcolor>ffffffff</textcolor>
                <textoffsetx>10</textoffsetx>
                <texturefocus>amt-input-focus.png</texturefocus>
                <texturenofocus>amt-input-nofocus.png</texturenofocus>
                <textureradiofocus>amt-settings-check-box.png</textureradiofocus>
                <textureradionofocus>amt-settings-check-boxNF.png</textureradionofocus>
                <disabledcolor>60d0d0d0</disabledcolor>
                <shadowcolor>ff000000</shadowcolor>
            </control>
            <control type="image" id="2">
                <description>separator image</description>
                <posx>-5</posx>
                <posy>0</posy>
                <width>390</width>
                <height>5</height>
                <texture>-</texture>
            </control>
            <control type="button" id="206">
                <description>Setting6 Button</description>
                <posx>0</posx>
                <posy>0</posy>
                <width>380</width>
                <height>30</height>
                <label>SCRIPT206</label>
                <align>left</align>
                <aligny>center</aligny>
                <label>-</label>
                <font>font13</font>
                <textcolor>ffffffff</textcolor>
                <textoffsetx>10</textoffsetx>
                <texturefocus>amt-input-focus.png</texturefocus>
                <texturenofocus>amt-input-nofocus.png</texturenofocus>
                <disabledcolor>60d0d0d0</disabledcolor>
                <shadowcolor>ff000000</shadowcolor>
            </control>
            <control type="radiobutton" id="207">
                <description>Setting7 Button</description>
                <posx>0</posx>
                <posy>0</posy>
                <width>380</width>
                <height>30</height>
                <align>left</align>
                <aligny>center</aligny>
                <label>SCRIPT207</label>
                <font>font13</font>
                <textcolor>ffffffff</textcolor>
                <textoffsetx>10</textoffsetx>
                <texturefocus>amt-input-focus.png</texturefocus>
                <texturenofocus>amt-input-nofocus.png</texturenofocus>
                <textureradiofocus>amt-settings-check-box.png</textureradiofocus>
                <textureradionofocus>amt-settings-check-boxNF.png</textureradionofocus>
                <disabledcolor>60d0d0d0</disabledcolor>
                <shadowcolor>ff000000</shadowcolor>
            </control>
            <control type="image" id="3">
                <description>separator image</description>
                <posx>-5</posx>
                <posy>0</posy>
                <width>390</width>
                <height>5</height>
                <texture>-</texture>
            </control>
            <control type="button" id="208">
                <description>Setting8 Button</description>
                <posx>0</posx>
                <posy>0</posy>
                <width>380</width>
                <height>30</height>
                <align>left</align>
                <aligny>center</aligny>
                <label>SCRIPT208</label>
                <font>font13</font>
                <textcolor>ffffffff</textcolor>
                <textoffsetx>10</textoffsetx>
                <texturefocus>amt-input-focus.png</texturefocus>
                <texturenofocus>amt-input-nofocus.png</texturenofocus>
                <disabledcolor>60d0d0d0</disabledcolor>
                <shadowcolor>ff000000</shadowcolor>
            </control>
            <control type="button" id="209">
                <description>Setting9 Button</description>
                <posx>0</posx>
                <posy>0</posy>
                <width>380</width>
                <height>30</height>
                <align>left</align>
                <aligny>center</aligny>
                <label>SCRIPT209</label>
                <font>font13</font>
                <textcolor>ffffffff</textcolor>
                <textoffsetx>10</textoffsetx>
                <texturefocus>amt-input-focus.png</texturefocus>
                <texturenofocus>amt-input-nofocus.png</texturenofocus>
                <disabledcolor>60d0d0d0</disabledcolor>
                <shadowcolor>ff000000</shadowcolor>
            </control>
            <control type="button" id="210">
                <description>Setting10 Button</description>
                <posx>0</posx>
                <posy>0</posy>
                <width>380</width>
                <height>30</height>
                <align>left</align>
                <aligny>center</aligny>
                <label>SCRIPT210</label>
                <font>font13</font>
                <textcolor>ffffffff</textcolor>
                <textoffsetx>10</textoffsetx>
                <texturefocus>amt-input-focus.png</texturefocus>
                <texturenofocus>amt-input-nofocus.png</texturenofocus>
                <disabledcolor>60d0d0d0</disabledcolor>
                <shadowcolor>ff000000</shadowcolor>
            </control>
            <control type="button" id="211">
                <description>Setting10 Button</description>
                <width>380</width>
                <height>30</height>
                <posx>0</posx>
                <posy>0</posy>
                <align>left</align>
                <aligny>center</aligny>
                <label>SCRIPT211</label>
                <font>font13</font>
                <textcolor>ffffffff</textcolor>
                <textoffsetx>10</textoffsetx>
                <texturefocus>amt-input-focus.png</texturefocus>
                <texturenofocus>amt-input-nofocus.png</texturenofocus>
                <disabledcolor>60d0d0d0</disabledcolor>
                <shadowcolor>ff000000</shadowcolor>
            </control>
            <control type="image" id="4">
                <description>separator image</description>
                <posx>-5</posx>
                <posy>0</posy>
                <width>390</width>
                <height>5</height>
                <texture>-</texture>
            </control>
            <control type="radiobutton" id="212">
                <description>Setting12 Button</description>
                <posx>0</posx>
                <posy>0</posy>
                <width>380</width>
                <height>30</height>
                <align>left</align>
                <aligny>center</aligny>
                <label>SCRIPT212</label>
                <font>font13</font>
                <textcolor>ffffffff</textcolor>
                <textoffsetx>10</textoffsetx>
                <texturefocus>amt-input-focus.png</texturefocus>
                <texturenofocus>amt-input-nofocus.png</texturenofocus>
                <textureradiofocus>amt-settings-check-box.png</textureradiofocus>
                <textureradionofocus>amt-settings-check-boxNF.png</textureradionofocus>
                <disabledcolor>60d0d0d0</disabledcolor>
                <shadowcolor>ff000000</shadowcolor>
            </control>
            <control type="radiobutton" id="218">
                <description>Setting18 Button</description>
                <posx>0</posx>
                <posy>0</posy>
                <width>380</width>
                <height>30</height>
                <align>left</align>
                <aligny>center</aligny>
                <label>SCRIPT218</label>
                <font>font13</font>
                <textcolor>ffffffff</textcolor>
                <textoffsetx>10</textoffsetx>
                <texturefocus>amt-input-focus.png</texturefocus>
                <texturenofocus>amt-input-nofocus.png</texturenofocus>
                <textureradiofocus>amt-settings-check-box.png</textureradiofocus>
                <textureradionofocus>amt-settings-check-boxNF.png</textureradionofocus>
                <disabledcolor>60d0d0d0</disabledcolor>
                <shadowcolor>ff000000</shadowcolor>
            </control>
            <control type="radiobutton" id="213">
                <description>Setting13 Button</description>
                <posx>0</posx>
                <posy>0</posy>
                <width>380</width>
                <height>30</height>
                <align>left</align>
                <aligny>center</aligny>
                <label>SCRIPT213</label>
                <font>font13</font>
                <textcolor>ffffffff</textcolor>
                <textoffsetx>10</textoffsetx>
                <texturefocus>amt-input-focus.png</texturefocus>
                <texturenofocus>amt-input-nofocus.png</texturenofocus>
                <textureradiofocus>amt-settings-check-box.png</textureradiofocus>
                <textureradionofocus>amt-settings-check-boxNF.png</textureradionofocus>
                <disabledcolor>60d0d0d0</disabledcolor>
                <shadowcolor>ff000000</shadowcolor>
            </control>
            <control type="radiobutton" id="214">
                <description>Setting14 Button</description>
                <posx>0</posx>
                <posy>0</posy>
                <width>380</width>
                <height>30</height>
                <align>left</align>
                <aligny>center</aligny>
                <label>SCRIPT214</label>
                <font>font13</font>
                <textcolor>ffffffff</textcolor>
                <textoffsetx>10</textoffsetx>
                <texturefocus>amt-input-focus.png</texturefocus>
                <texturenofocus>amt-input-nofocus.png</texturenofocus>
                <textureradiofocus>amt-settings-check-box.png</textureradiofocus>
                <textureradionofocus>amt-settings-check-boxNF.png</textureradionofocus>
                <disabledcolor>60d0d0d0</disabledcolor>
                <shadowcolor>ff000000</shadowcolor>
            </control>
            <control type="button" id="215">
                <description>Setting15 Button</description>
                <posx>0</posx>
                <posy>0</posy>
                <width>380</width>
                <height>30</height>
                <align>left</align>
                <aligny>center</aligny>
                <label>SCRIPT215</label>
                <font>font13</font>
                <textcolor>ffffffff</textcolor>
                <textoffsetx>10</textoffsetx>
                <texturefocus>amt-input-focus.png</texturefocus>
                <texturenofocus>amt-input-nofocus.png</texturenofocus>
                <disabledcolor>60d0d0d0</disabledcolor>
                <shadowcolor>ff000000</shadowcolor>
            </control>
            <control type="image" id="5">
                <description>separator image</description>
                <posx>-5</posx>
                <posy>0</posy>
                <width>390</width>
                <height>5</height>
                <texture>-</texture>
            </control>
            <control type="button" id="216">
                <description>Setting16 Button</description>
                <posx>0</posx>
                <posy>0</posy>
                <width>380</width>
                <height>30</height>
                <align>left</align>
                <aligny>center</aligny>
                <label>SCRIPT216</label>
                <font>font13</font>
                <textcolor>ffffffff</textcolor>
                <textoffsetx>10</textoffsetx>
                <texturefocus>amt-input-focus.png</texturefocus>
                <texturenofocus>amt-input-nofocus.png</texturenofocus>
                <disabledcolor>60d0d0d0</disabledcolor>
                <shadowcolor>ff000000</shadowcolor>
            </control>
            <control type="button" id="217">
                <description>Setting17 Button</description>
                <posx>0</posx>
                <posy>0</posy>
                <width>380</width>
                <height>30</height>
                <align>left</align>
                <aligny>center</aligny>
                <label>SCRIPT217</label>
                <font>font13</font>
                <textcolor>ffffffff</textcolor>
                <textoffsetx>10</textoffsetx>
                <texturefocus>amt-input-focus.png</texturefocus>
                <texturenofocus>amt-input-nofocus.png</texturenofocus>
                <disabledcolor>60d0d0d0</disabledcolor>
                <shadowcolor>ff000000</shadowcolor>
            </control>
            <control type="button" id="219">
                <visible>false</visible>
                <description>Setting19 Button</description>
                <posx>0</posx>
                <posy>0</posy>
                <width>380</width>
                <height>30</height>
                <align>left</align>
                <aligny>center</aligny>
                <label>SCRIPT219</label>
                <font>font13</font>
                <textcolor>ffffffff</textcolor>
                <textoffsetx>10</textoffsetx>
                <texturefocus>amt-input-focus.png</texturefocus>
                <texturenofocus>amt-input-nofocus.png</texturenofocus>
                <disabledcolor>60d0d0d0</disabledcolor>
                <shadowcolor>ff000000</shadowcolor>
            </control>
            <control type="button" id="220">
                <visible>false</visible>
                <description>Setting20 Button</description>
                <posx>0</posx>
                <posy>0</posy>
                <width>380</width>
                <height>30</height>
                <align>left</align>
                <aligny>center</aligny>
                <label>SCRIPT220</label>
                <font>font13</font>
                <textcolor>ffffffff</textcolor>
                <textoffsetx>10</textoffsetx>
                <texturefocus>amt-input-focus.png</texturefocus>
                <texturenofocus>amt-input-nofocus.png</texturenofocus>
                <disabledcolor>60d0d0d0</disabledcolor>
                <shadowcolor>ff000000</shadowcolor>
            </control>
		</control>
		<!-- ** Required ** Do not change id's or type's -->
		<control type="group" id="2000">
			<posx>400</posx>
			<posy>40</posy>
			<control type="button" id="250">
				<description>Ok Button</description>
				<posx>0</posx>
				<posy>0</posy>
				<width>90</width>
				<height>32</height>
				<align>center</align>
				<aligny>center</aligny>
                <label>SCRIPT250</label>
				<font>font10</font>
				<textcolor>ffffffff</textcolor>
				<textoffsetx>17</textoffsetx>
				<texturenofocus>amt-keyboard-btn-backspace.png</texturenofocus>
				<texturefocus>amt-keyboard-btn-backspace-focus.png</texturefocus>
				<onleft>9000</onleft>
				<onright>9000</onright>
				<onup>254</onup>
				<ondown>251</ondown>
			</control>
			<control type="button" id="251">
				<description>Cancel Button</description>
				<posx>0</posx>
				<posy>35</posy>
				<width>90</width>
				<height>32</height>
				<align>center</align>
				<aligny>center</aligny>
                <label>SCRIPT251</label>
				<font>font10</font>
				<textcolor>ffffffff</textcolor>
				<textoffsetx>17</textoffsetx>
				<texturenofocus>amt-keyboard-btn-backspace.png</texturenofocus>
				<texturefocus>amt-keyboard-btn-backspace-focus.png</texturefocus>
				<onleft>9000</onleft>
				<onright>9000</onright>
				<onup>250</onup>
				<ondown>252</ondown>
			</control>
			<control type="button" id="252">
				<description>Update Button</description>
				<posx>0</posx>
				<posy>70</posy>
				<width>90</width>
				<height>32</height>
				<align>center</align>
				<aligny>center</aligny>
                <label>SCRIPT252</label>
				<font>font10</font>
				<textcolor>ffffffff</textcolor>
				<disabledcolor>60ffffff</disabledcolor>
				<textoffsetx>17</textoffsetx>
				<texturenofocus>amt-keyboard-btn-backspace.png</texturenofocus>
				<texturefocus>amt-keyboard-btn-backspace-focus.png</texturefocus>
				<onleft>9000</onleft>
				<onright>9000</onright>
				<onup>251</onup>
				<ondown>253</ondown>
				<enable>System.InternetState</enable>
			</control>
			<control type="button" id="253">
				<description>Credits Button</description>
				<posx>0</posx>
				<posy>105</posy>
				<width>90</width>
				<height>32</height>
				<align>center</align>
				<aligny>center</aligny>
                <label>SCRIPT253</label>
				<font>font10</font>
				<textcolor>ffffffff</textcolor>
				<disabledcolor>60ffffff</disabledcolor>
				<textoffsetx>17</textoffsetx>
				<texturenofocus>amt-keyboard-btn-backspace.png</texturenofocus>
				<texturefocus>amt-keyboard-btn-backspace-focus.png</texturefocus>
				<onleft>9000</onleft>
				<onright>9000</onright>
				<onup>252</onup>
				<ondown>255</ondown>
			</control>
			<control type="button" id="255">
				<description>Defaults Button</description>
				<posx>0</posx>
				<posy>155</posy>
				<width>90</width>
				<height>32</height>
				<align>center</align>
				<aligny>center</aligny>
                <label>SCRIPT255</label>
				<font>font10</font>
				<textcolor>ffffffff</textcolor>
				<disabledcolor>60ffffff</disabledcolor>
				<textoffsetx>17</textoffsetx>
				<texturenofocus>amt-keyboard-btn-backspace.png</texturenofocus>
				<texturefocus>amt-keyboard-btn-backspace-focus.png</texturefocus>
				<onleft>9000</onleft>
				<onright>9000</onright>
				<onup>253</onup>
				<ondown>254</ondown>
			</control>
			<control type="button" id="254">
				<description>Plugin Button</description>
				<posx>0</posx>
				<posy>225</posy>
				<width>90</width>
				<height>32</height>
				<align>center</align>
				<aligny>center</aligny>
                <label>SCRIPT254</label>
				<font>font10</font>
				<textcolor>ffffffff</textcolor>
				<disabledcolor>60ffffff</disabledcolor>
				<textoffsetx>17</textoffsetx>
				<texturenofocus>amt-keyboard-btn-backspace.png</texturenofocus>
				<texturefocus>amt-keyboard-btn-backspace-focus.png</texturefocus>
				<onleft>9000</onleft>
				<onright>9000</onright>
				<onup>255</onup>
				<ondown>250</ondown>
			</control>
		</control>
	</controls>
</window>