<?xml version="1.0" encoding="UTF-8" standalone="yes"?>
<addon id="plugin.video.sesame.street"
       name="Sesame Street"
       version="1.2.0"
       provider-name="nixa">
  <requires>
    <import addon="xbmc.python" version="1.0"/>
  </requires>
  <extension point="xbmc.python.pluginsource"
            library="default.py">
        <provides>video</provides>
  </extension>
  <extension point="xbmc.addon.metadata">
    <summary lang="en">Watch shows from Sesamestreet.org</summary>
    <description lang="en">Kids can enjoy!</description>
     <platform>all</platform>
  </extension>
</addon>
