<?xml version="1.0" encoding="UTF-8"?>
<addon id="plugin.video.extreme" name="Extreme.com" version="0.1.1" provider-name="membrane">
    <requires>
        <import addon="xbmc.python" version="2.1.0"/>
    </requires>
    <extension point="xbmc.python.pluginsource" library="default.py">
        <provides>video</provides>
    </extension>
    <extension point="xbmc.addon.metadata">
        <platform>all</platform>
        <summary lang="de">extreme.com</summary>
        <summary lang="en">extreme.com</summary>
        <description lang="de">extreme.com</description>
        <description lang="en">extreme.com</description>
    </extension>
</addon>
