<?xml version="1.0" encoding="UTF-8"?>
<addon id="plugin.video.nhl" name="NHL Archive" version="0.2" provider-name="membrane">
    <requires>
        <import addon="xbmc.python" version="1.0"/>
    </requires>
    <extension point="xbmc.python.pluginsource" library="default.py">
        <provides>video</provides>
    </extension>
    <extension point="xbmc.addon.metadata">
        <platform>all</platform>
        <summary lang="de">NHL Archive</summary>
        <summary lang="en">NHL Archive</summary>
        <description lang="de">NHL Archive</description>
        <description lang="en">NHL Archive</description>
    </extension>
</addon>
