﻿<?xml version="1.0" encoding="UTF-8" standalone="yes"?>
<addon id="plugin.video.teleplus.ru"
       name="[COLOR FF00FF00]Фильмы ([/COLOR][COLOR FFFFF000]TelePlus.ru[/COLOR][COLOR FF00FF00])[/COLOR]"
       version="1.0.4"
       provider-name="TelePlus.ru">
  <requires>
    <import addon="xbmc.python" version="2.1.0"/>
  </requires>
  <extension point="xbmc.python.pluginsource"
             provides="video"
             library="default.py">
    <provides>video</provides>
  </extension>
  <extension point="xbmc.addon.metadata">
    <summary>TelePlus.ru</summary>
    <description>Онлайн-кинотеатр teleplus.ru – развлекательная концепция будущего. Он удачно соединяет в себе все достоинства обычного кинотеатра с экономией и домашним уютом. Более 5000 фильмов и полмиллиона аудиотрэков по символической цене - 199 руб в месяц.</description>
    <platform>all</platform>
  </extension>
</addon>
