<?xml version="1.0" encoding="UTF-8" standalone="yes"?>
<addon id="plugin.video.kidstv.video" name="KidsTv" version="1.1.0" provider-name="shmulik">
    <requires>
        <import addon="xbmc.python" version="1.0"/>
    </requires>
    <extension point="xbmc.python.pluginsource" library="Default.py">
        <provides>video</provides>
    </extension>
    <extension point="xbmc.addon.metadata">
        <platform>all</platform>
        <minversion>31632</minversion>
        <summary>Wacth Israeli kids channel videos.</summary>
        <description>Watch series from Israeli kids channel's site.</description>
        <disclaimer>This addon parse KidsTv site, you should check KidsTv's TOS before you using. It's as is</disclaimer>
        <supportedcontent>
          <content>tvshows</content>
          <content>episodes</content>
        </supportedcontent>	
    </extension>
</addon>
