<?xml version="1.0" encoding="UTF-8" standalone="yes"?>
<addon id="plugin.video.pga.tour"
       name="PGA-Tour.com"
       version="0.0.1"
       provider-name="divingmule">
  <requires>
    <import addon="xbmc.python" version="1.0"/>
  </requires>
  <extension point="xbmc.python.pluginsource"
            library="default.py">
        <provides>video</provides>
  </extension>
  <extension point="xbmc.addon.metadata">
    <summary>Videos from pgatour.com</summary>
    <description>Plays videos from The Professionl Golfers Association Tour website.</description>
    <platform>all</platform>
    <broken>site is using HDS to stream videos</broken>
  </extension>
</addon>