<?xml version="1.0" encoding="UTF-8" standalone="yes"?>
<addon id="script.Screensaver.Clock"
       name="Clock"
       version="0.0.2"
       provider-name="Eraser">
  <requires>
    <import addon="xbmc.python" version="1.0"/>
  </requires>
  <extension point="xbmc.python.script" library="default.py">
   <provides>executable</provides> 
  </extension>
  <extension point="xbmc.addon.metadata">
    <summary lang="en">Screensaver clock</summary>
    <description lang="en">It's not quite screensaver, this application that shows the clock. Can be used as screensaver.</description>
    <platform>all</platform>
  </extension>
</addon>
