<?xml version="1.0" encoding="UTF-8" standalone="yes"?>
<addon id="plugin.video.uakino.net"
       name="uakino.net"
       version="0.0.5"
       provider-name="Tolin">
  <requires>
    <import addon="xbmc.python" version="1.0"/>
  </requires>
  <extension point="xbmc.python.pluginsource"
             provides="video"
             library="default.py">
    <provides>video</provides>
  </extension>
  <extension point="xbmc.addon.metadata">
    <summary></summary>
    <description>All rights reserved</description>
    <platform>all</platform>
  </extension>
</addon>
