<?xml version="1.0" encoding="UTF-8" standalone="yes"?>
<addon id="script.ambilight" name="Ambilight"
       version="1.0.0" date="17.03.2011"
       provider-name="Eraser">
  <requires>
    <import addon="xbmc.python" version="1.0"/>
  </requires>
  <extension point="xbmc.python.script"
             library="default.py">
  </extension>
  <extension point="xbmc.addon.metadata">
    <summary lang="en">Ambilight manager</summary>
    <description lang="en"></description>
    <license>GPL</license>
    <platform>all</platform>
  </extension>
</addon>
