<?xml version="1.0" encoding="UTF-8" standalone="yes"?>
<addon id="plugin.video.macedoniaondemand" name="Macedonia On Demand" version="1.4.6" provider-name="Viktor Mladenovski">
  <requires>
  </requires>
  <extension point="xbmc.python.pluginsource" library="addon.py">
    <provides>video</provides>
  </extension>
  <extension point="xbmc.addon.metadata">
    <language>en</language>
    <platform>all</platform>
    <summary lang="en">Macedonian on demand.</summary>
    <description lang="en">Watch videos and live streams from Macedonian TV stations, and listen to live radio streams.
    </description>
  </extension>
</addon>
