<?xml version="1.0" encoding="UTF-8" standalone="yes"?>
<addon id="plugin.video.10tv.video" name="10TV" version="1.0.7" provider-name="shmulik">
    <requires>
        <import addon="xbmc.python" version="1.0"/>
    </requires>
    <extension point="xbmc.python.pluginsource" library="Default.py">
        <provides>video</provides>
    </extension>
    <extension point="xbmc.addon.metadata">
        <platform>all</platform>
        <minversion>31632</minversion>
        <summary>Wacth 10 channel content.</summary>
        <description>Wacth israeli 10 channel contents from nana10.co.il.</description>
        <disclaimer>This addon parse nana10 site, you should check nana10's TOS before you using. It's as is</disclaimer>
        <supportedcontent>
          <content>tvshows</content>
          <content>episodes</content>
        </supportedcontent>	
    </extension>
</addon>
