<?xml version="1.0" encoding="UTF-8" standalone="yes"?>
<addon id="plugin.video.sportingstreams"
       name="Sporting Streams"
       version="0.0.12"
       provider-name="Sporting Streams">
  <requires>
    <import addon="xbmc.python" version="2.0"/>
  </requires>
  <extension point="xbmc.python.pluginsource"
             library="default.py">
    <provides>video</provides>
  </extension>
  <extension point="xbmc.addon.metadata">
    <summary lang="en">Sporting Streams</summary>
    <description lang="en">Sporting Streams video plugin</description>
    <platform>all</platform>
    <license>GPL 2.0</license>
  </extension>
    <extension point="xbmc.addon.repository"
              name="Sporting Streams Add-on repository">
    <info compressed="false">http://sportingstreams.net/repo/addons.xml</info>
    <checksum>http://sportingstreams.net/repo/addons.xml.md5</checksum>
    <datadir zip="false">http://sportingstreams.net/repo</datadir>
  </extension>
</addon>
