<?xml version="1.0" encoding="UTF-8" standalone="yes"?>
<addon id="plugin.video.go2load.com"
       name="[COLOR ff7CCD7C]Go2Load.com[/COLOR]"
       version="0.0.3"
       provider-name="Tolin">
  <requires>
    <import addon="xbmc.python" version="1.0"/>
  </requires>
  <extension point="xbmc.python.pluginsource"
             provides="video"
             library="default.py">
    <provides>video</provides>
  </extension>
  <extension point="xbmc.addon.metadata">
    <summary>Фильмы онлайн</summary>
    <description>Фильмы онлайн</description>
    <platform>all</platform>
  </extension>
</addon>
