﻿<?xml version="1.0" encoding="UTF-8"?>
<addon id="addon.video.gametestyoutube"
		version="0.0.2.2"
		name="GameTestYouTube"
		provider-name="THN [@KaptajnGuldkorn Twitter]">
	<requires>
		<import addon="xbmc.python" version="1.0"/>
	</requires>
	<extension point="xbmc.python.pluginsource" library="addon.py">
		<provides>video</provides>
	</extension>
	<extension point="xbmc.addon.metadata">
		<platform>all</platform>
		<summary lang="en">Series, videos and more from GameTest.dk</summary>
		<summary lang="da">Udsendelser, video og mere fra GameTest.dk</summary>
		<description lang="en">GameTest is a danish channel on youtube, this addon provides a list of videos. The Raspberry-PI, somehow doesn't support the official-addon provided by Tommy Winther. Copyright 2012.In order to play the videos, you will be forced to download the youtube plugin. This plugin have been brought to you by the power of free will. If you want to help, making it better, feel free contacting me.</description>
		<description lang="da">GameTest er en dansk videokanal på youtube, dette addon tilbyder en liste video-klip, som du kan afspille. Dette er et alternativ-addon til os med en Raspberry-PI, da det officielle addon fra Tommy Winther ikke kan afvikle videoerne. Copyright 2012. Al video bliver hentet via youtube, du vil derfor også blive bedt om, at hente youtube's tilføjelse. Dette plugin er lavet af fri vilje, hvis du vil hjælpe, så skriv til emailen ovenover.</description>
		<disclaimer lang="en">All content belongs to YouTube and the owner. Please notice, that all content can be removed at any given time.</disclaimer>
        <disclaimer lang="da">Alt indhold tilhører YouTube og Uploaderen. Alt indhold kan blive fjernet uden varsel. </disclaimer>
		<license>GPL 2.0</license>
	</extension>
</addon>
