<?xml version="1.0" encoding="UTF-8"?>
<addon id="plugin.video.xbmcberry" version="1.0.9" name="xbmcberry" provider-name="t0mus">
	<requires>
	    <import addon="xbmc.python" version="2.0"/>
	    <import addon="script.module.t0mus.common" version="1.1.0"/>
	    <import addon="script.module.beautifulsoup" version="3.2.0"/>
	</requires>
	<extension point="xbmc.python.pluginsource" library="xbmcberry.py">
		<provides>video</provides>
	</extension>
	<extension point="xbmc.addon.metadata">
		<summary>xbmcberry</summary>
		<description>xbmcberry</description>
		<platform>all</platform>
	</extension>
</addon>
