<?xml version="1.0" encoding="UTF-8" standalone="yes"?>
<addon id="script.il.lyrics"
       name="IL Lyrics"
       version="0.1"
       provider-name="Shmulik (original:Amet)">
  <requires>
    <import addon="xbmc.python" version="1.0"/>
  </requires>
  <extension point="xbmc.python.lyrics"
             library="default.py" />
  <extension point="xbmc.addon.metadata">
    <summary>IL Lyrics</summary>
    <description lang="en">Search, download and display lyrics from www.shiron.net. Downloaded lyrics will be saved in userdata/addon_data.Lyrics button on OSD needs to be activated and path set to IL Lyrics under Settings-> Skin-> Scripts </description>
    <description lang="he">מציג, מוריד ומציג מילים לשירים משירונט. מילים לשירים יכולים להשמר בקובץ טקסט בהתאם להגדרות. כפתור "מילים לשירים" צריך להיות מופעל ומקושר לIL Lyrics בהגדרות > סקין > סקריפטים (במידה ויש בעיה לעבור לאנגלית לשם ההגדרה ואז להחזיר)</description>
    <disclaimer>Check the credits on Settings page. The plugin scrap Shironet's site, you should check shironet's TOS before use.</disclaimer>
    <platform>all</platform>
    <license>GPL</license>
  </extension>
</addon>