<?xml version="1.0" encoding="UTF-8" standalone="yes"?>
<addon id="plugin.video.fs.ua"
       name="Fs.ua"
       version="1.9.11"
       provider-name="x86demon">
    <requires>
        <import addon="xbmc.python" version="2.1.0"/>
        <import addon="script.module.beautifulsoup"/>
        <import addon="script.module.simplejson"/>
        <import addon="script.module.simple.downloader"/>
    </requires>
    <extension point="xbmc.python.pluginsource"
               provides="audio, video"
               library="default.py">
        <provides>audio video</provides>
    </extension>
    <extension point="xbmc.addon.metadata">
        <summary>Просмотр контента с brb.to (fs.ua, fs.to)</summary>
        <description>РАБОТАЕТ ТОЛЬКО В УКРАИНЕ!!!

На этом портале вы можете найти и, что самое главное бесплатно скачать последний новинки кино, музыкальные
файлы, любимые видеоклипы и сериалы.
        </description>
        <platform>all</platform>
    </extension>
</addon>
