﻿<?xml version="1.0" encoding="UTF-8" standalone="yes"?>
<addon id="plugin.video.torrent.kg"
       name="torrent.kg"
       version="1.0.0"
       provider-name="delletenebre@gmail.com">
    <requires>
		<import addon="script.module.torrent.ts"/>
		<import addon="script.module.beautifulsoup"/>
    </requires>
    <extension point="xbmc.python.pluginsource" provides="video" library="default.py">
        <provides>video</provides>
    </extension>
    <extension point="xbmc.addon.metadata">
        <summary>Просмотр Торрент файлов с ресурса www.torrent.kg</summary>
        <description>
Просмотр Торрент файлов с ресурса torrent.kg (http://www.torrent.kg/)

Так же, подключен ТОРРЕНТ-ТВ (http://torrent-tv.ru/) в качестве эксперимента.
        </description>
        <platform>all</platform>
    </extension>
</addon>
