<?xml version="1.0"?>
<channels>
  <channel>
    <name>Laos Live TV Channels</name>
    <info>Watch Live Laos TV Broadcasts</info>

	<item> 
	<title>Sabaidee Lao TV</title> 
	<link>rtmp://liveplay3.malimarcdn.com/ftaedge/ playpath=laous.sdp swfUrl=http://www.laoscities.com/sabaideelaotv/wp-content/themes/shopperpress/thumbs/jw-player-plugin-for-wordpress/player/player.swf pageUrl=http://www.sabaideelaotv.com/ swfVfy=true live=true</link>
	<thumbnail>https://encrypted-tbn3.gstatic.com/images?q=tbn:ANd9GcTNoUcL8YcA5n6S52w6SVf_LwhSE1ROtKVAjzttZLVjK3Z418qr</thumbnail> 
	</item>



	<item> 
	<title>Malimar TV</title> 
	<link>rtmp://liveplay3.malimarcdn.com/ftaedge/_definst_/?token=malimar.sdp-1388261291000-6j62fj7h55i37d7f51d4-83f37a5210d5e09dac7d5e1210f12c9c swfUrl=http://malimar.tv/flowplayer/flowplayer.swf pageUrl=http://malimar.tv/watch.php?vid=f6d3e7751 live=1</link>
	<thumbnail>http://272938358.r.cdn77.net/malimar_images/malimarHD.jpg</thumbnail>
	</item>



 
	<item> 
	<title>Malimar TV Non Stop Music Live from Laos</title> 
	<link>rtmp://liveplay3.malimarcdn.com/ftaedge/ playpath=malimar.sdp swfUrl=http://aseaniptv.com/media/jwadvanced/player/6/jwplayer.flash.swf pageUrl=http://aseaniptv.com/laotv live=1</link>
	<thumbnail>https://aseaniptv.com/asean_images/malimar.jpg</thumbnail>
	</item>


	<item> 
	<title>TV Lao</title> 
	<link>rtmp://liveplay3.malimarcdn.com/liveedge/ playpath=tvlao.stream swfUrl=http://aseaniptv.com/media/jwadvanced/player/6/jwplayer.flash.swf pageUrl=http://aseaniptv.com/laotv live=1</link>
	<thumbnail>http://aseaniptv.com/asean_images/tvlao.jpg</thumbnail> 
	</item>


	<item> 
	<title>Lao PSTV</title>
	<link>rtmp://liveplay3.malimarcdn.com/liveedge/ playpath=laopstv.stream swfUrl=http://aseaniptv.com/media/jwadvanced/player/6/jwplayer.flash.swf pageUrl=http://aseaniptv.com/laotv live=1</link>
	<thumbnail>https://aseaniptv.com/asean_images/pstv.jpg</thumbnail>
	</item>

	<item> 
	<title>Lao National TV</title>
	<link>rtmp://liveplay3.malimarcdn.com/liveedge/ playpath=lntv3.stream swfUrl=http://aseaniptv.com/media/jwadvanced/player/6/jwplayer.flash.swf pageUrl=http://aseaniptv.com/laotv live=1</link>
	<thumbnail>https://aseaniptv.com/asean_images/lntv.jpg</thumbnail>
	</item>

	<item> 
	<title>MV Lao</title> 
	<link>rtmp://liveplay3.malimarcdn.com/liveedge/ playpath=mvlao.stream swfUrl=http://aseaniptv.com/media/jwadvanced/player/6/jwplayer.flash.swf pageUrl=http://aseaniptv.com/laotv live=1</link>
<thumbnail>https://aseaniptv.com/asean_images/mvlaoHD.jpg</thumbnail> 
	</item>

	<item> 
	<title>Good Idea TV </title> 
	<link>rtmp://98.112.144.58/live/server1/livestream swfUrl=http://www.goodideatv.tv/jwplayer/jwplayer.flash.swf swfVfy=true live=true pageUrl=http://www.goodideatv.tv/</link>
	<thumbnail>https://si0.twimg.com/profile_images/483766700/Goodidea_TV01.png</thumbnail> 
	</item>

	<item> 
	<title>Nu Vision TV </title> 
	<link>rtmp://69.64.68.92:1935/live/nuvision2.stream swfUrl=http://www.laoscities.com/wp-content/themes/directorypress/thumbs//jw-player-plugin-for-wordpress/player/player.swf swfVfy=true live=true pageUrl=http://www.laoscities.com/live-tv/good-idea-tv/</link>
	<thumbnail>http://nuvisiontv.com/images/ewLogo.png</thumbnail> 
	</item>


  </channel>
</channels>
