<?xml version="1.0" encoding="UTF-8" standalone="yes"?>
<addon id="plugin.video.xbmako.video" name="xbMako" version="1.0.0" provider-name="Itay Weinberger (itay.weinberger@gmail.com)">
    <requires>
        <import addon="xbmc.python" version="1.0"/>
    </requires>
    <extension point="xbmc.python.pluginsource" library="default.py">
        <provides>video</provides>
    </extension>
    <extension point="xbmc.addon.metadata">
        <platform>all</platform>
        <minversion>31632</minversion>
        <summary>Israel's VOD service directly from within XBMC</summary>
        <description>xbVOD is a video plugin for Israel VOD sites</description>
        <disclaimer>Important! Please make sure you check the script settings.</disclaimer>
        <supportedcontent>
          <content>tvshows</content>
          <content>episodes</content>
        </supportedcontent>	
        <license>GPL</license>
        <authors>
          <author name="Itay Weinberger" email="itay.weinberger@gmail.com" />
        </authors>
    </extension>
</addon>
