﻿<?xml version="1.0" encoding="UTF-8" standalone="yes"?>
<addon id="plugin.video.soptv"
    name="SOP电视(soptv)"
    version="0.2.1"
    provider-name="htpcyh2@gmail.com">
    <requires>
        <import addon="script.module.keyboard.chinese" version="1.0.0"/>
    </requires>
    <extension
        point="xbmc.python.pluginsource"
        library="default.py">
        <provides>video</provides>
    </extension>
    <extension point="xbmc.addon.metadata">
        <summary lang="en">SOP TV plugin</summary>
        <summary lang="zh">SOP网络电视插件</summary>
        <description lang="en">Watch sopcast p2p network TV live broadcast. support 32bit Linux systems. example as openelec and xbmc live</description>
        <description lang="zh">观看sopcast p2p 网络电视直播,支持32位openelec ,安装完插件请重新起动电脑,即可使用</description>
        <platform>linux</platform>
    </extension>
</addon>