<?xml version='1.0' encoding='UTF-8' standalone='yes'?>
<addon id='script.tportal.hr' version='1.1.2' name='tportal.hr' provider-name='big$ale'>
  <requires>  </requires>
  <extension point='xbmc.python.pluginsource' library='default.py'>
        <provides>executable</provides>
  </extension>
  <extension point='xbmc.addon.metadata'>
    <platform>all</platform>
    <summary lang='en'>tportal.hr news portal</summary>
    <description lang='en'>Plugin for accessing and reading news from tportal.hr portal</description>
    <disclaimer lang='en'>All articels are property of tportal.hr. This plugin is just accessing articles on tportal.hr like any other browser</disclaimer>
  </extension>
</addon>
