<?xml version="1.0" encoding="UTF-8" standalone="yes"?>
<addon
  id="plugin.image.oboobs"
  version="0.0.6"
  name="Oboobs.ru"
  provider-name="Eraser®">
  <requires>
        <import addon="xbmc.python" version="1.0"/>
  </requires>
    <extension point="xbmc.python.pluginsource" library="addon.py">
        <provides>image</provides>
    </extension>
  <extension point="xbmc.addon.metadata">
    <platform>all</platform>
    <summary lang="en">Oboobs.ru</summary>
    <description lang="en">Pictures from Oboobs.ru</description>
    <summary lang="ru">Oboobs.ru</summary>
    <description lang="ru">Изображения с сайта Oboobs.ru</description>
    </extension>
</addon>
