<?xml version="1.0" encoding="UTF-8" standalone="yes"?>
<addon
  id="plugin.video.pinoy_ako"
  version="1.0.14"
  name="pinoy_ako"
  provider-name="Dknight">
  <requires>
        <import addon="xbmc.python" version="2.1.0" optional="true" />
		<import addon="script.module.simplejson" />
		<import addon="script.module.urlresolver"  version="0.0.1"/>
		<import addon="script.module.t0mm0.common" version="1.1.0"/>
  </requires>
  <extension point="xbmc.python.pluginsource"
            library="default.py">
        <provides>video</provides>
  </extension>
  <extension point="xbmc.addon.metadata">
    <summary>pinoy ako</summary>
    <description>Watch pinoy ako (Filipino) Videos</description>
    <platform>all</platform>
  </extension>
</addon>