<window type="dialog" id="53">
	<defaultcontrol always="true">999</defaultcontrol>
	<allowoverlay>no</allowoverlay>
	<controls>
		<control type="group">
			<include>Dialog_Popup_Background</include>
			<control type="group">
				<include>Dialog_Popup_Animation</include>
				<posx>337</posx>
				<posy>195</posy>
				<control type="image">
					<description>dialog background</description>
					<posx>0</posx>
					<posy>0</posy>
					<width>604</width>
					<height>330</height>
					<texture>backgrounds/dialog_background.png</texture>
				</control>
				<control type="label">
					<description>heading label</description>
					<posx>25</posx>
					<posy>30</posy>
					<width>554</width>
					<height>30</height>
					<align>left</align>
					<aligny>center</aligny>
					<font>light28</font>
					<label>31187</label>
					<textcolor>green</textcolor>
					<scroll>true</scroll>
				</control>
				<control type="list" id="999">
					<posx>25</posx>
					<posy>80</posy>
					<width>534</width>
					<height>176</height>
					<scrolltime>200</scrolltime>
					<viewtype label="536">List</viewtype>
					<onup>noop</onup>
					<ondown>10</ondown>
					<onright>998</onright>
					<pagecontrol>998</pagecontrol>
					<orientation>vertical</orientation>
					<itemlayout height="44">
						<control type="image">
							<width>534</width>
							<height>44</height>
							<texture>views/line_frame_device_black.png</texture>
						</control>
						<control type="label">
							<posx>20</posx>
							<width>494</width>
							<height>44</height>
							<info>ListItem.Label</info>
							<aligny>center</aligny>
							<font>font21</font>
						</control>
						<control type="label">
							<posx>514</posx>
							<width>494</width>
							<height>44</height>
							<info>ListItem.Label2</info>
							<align>right</align>
							<aligny>center</aligny>
							<font>font21</font>
						</control>
					</itemlayout>
					<focusedlayout height="44">
						<control type="image">
							<width>534</width>
							<height>44</height>
							<texture>views/line_frame_device_black.png</texture>
						</control>
						<control type="image">
							<width>534</width>
							<height>44</height>
							<texture>views/line_frame_device_white.png</texture>
							<visible>Control.HasFocus(999)</visible>
						</control>
						<control type="label">
							<posx>20</posx>
							<width>494</width>
							<height>44</height>
							<textcolor>black</textcolor>
							<info>ListItem.Label</info>
							<aligny>center</aligny>
							<font>font21</font>
							<visible>Control.HasFocus(999)</visible>
						</control>
						<control type="label">
							<posx>514</posx>
							<width>494</width>
							<height>44</height>
							<textcolor>black</textcolor>
							<info>ListItem.Label2</info>
							<align>right</align>
							<aligny>center</aligny>
							<font>font21</font>
							<visible>Control.HasFocus(999)</visible>
						</control>
						<control type="label">
							<posx>20</posx>
							<width>494</width>
							<height>44</height>
							<info>ListItem.Label</info>
							<aligny>center</aligny>
							<font>font21</font>
							<visible>!Control.HasFocus(999)</visible>
						</control>
						<control type="label">
							<posx>514</posx>
							<width>494</width>
							<height>44</height>
							<info>ListItem.Label2</info>
							<align>right</align>
							<aligny>center</aligny>
							<font>font21</font>
							<visible>!Control.HasFocus(999)</visible>
						</control>
					</focusedlayout>
					<content>
						<item id="1">
							<label>571</label>
							<onclick>Dialog.Close(53)</onclick>
							<onclick>SendClick(movieinformation,10)</onclick>
						</item>
						<item id="3">
							<label>31186</label>
							<onclick>Dialog.Close(53)</onclick>
							<onclick>Dialog.Close(2003)</onclick>
							<onclick condition="Container.Content(tvshows)">XBMC.RunScript(script.artwork.downloader, mode=gui, mediatype=tvshow, dbid=$INFO[ListItem.DBID])</onclick>
							<onclick condition="Container.Content(movies)">XBMC.RunScript(script.artwork.downloader, mode=gui, mediatype=movie, dbid=$INFO[ListItem.DBID])</onclick>
							<visible>Container.Content(tvshows) | Container.Content(movies)</visible>
						</item>
					</content>
				</control>
				<control type="scrollbar" id="998">
					<description>scroll bar indicator for lists</description>
					<posx>567</posx>
					<posy>80</posy>
					<width>12</width>
					<height>176</height>
					<onleft>999</onleft>
					<onright>noop</onright>
					<texturesliderbackground border="0,8,0,8">icons/scrollbar_vertical_bg.png</texturesliderbackground>
					<texturesliderbar border="4,8,4,8">icons/scrollbar_vertical_nib.png</texturesliderbar>
					<texturesliderbarfocus border="4,8,4,8">icons/scrollbar_vertical_nib_on.png</texturesliderbarfocus>
					<orientation>vertical</orientation>
					<showonepage>false</showonepage>
				</control>
				<control type="button" id="10">
					<posx>25</posx>
					<posy>278</posy>
					<width>33</width>
					<height>33</height>
					<align>left</align>
					<aligny>top</aligny>
					<textoffsetx>40</textoffsetx>
					<textoffsety>0</textoffsety>
					<textcolor>grey</textcolor>
					<focusedcolor>green</focusedcolor>
					<texturefocus>icons/icon_cancel_on.png</texturefocus>
					<texturenofocus>icons/icon_cancel.png</texturenofocus>
					<font>font23</font>
					<label>222</label>
					<onup>999</onup>
					<ondown>noop</ondown>
					<onleft>noop</onleft>
					<onright>noop</onright>
					<onclick>Dialog.Close(53)</onclick>
				</control>
				<control type="label">
					<visible>Control.HasFocus(10)</visible>
					<posx>65</posx>
					<posy>278</posy>
					<width>144</width>
					<height>33</height>
					<label>222</label>
					<font>font23</font>
					<textcolor>green</textcolor>
				</control>
			</control>
		</control>
	</controls>
</window>