<window>
	<controls>
		<control type="group">
			<description>notification</description>
			<include>Dialog_Popup_Animation</include>
			<posx>745</posx>
			<posy>10</posy>
			<control type="image">
				<posx>0</posx>
				<posy>0</posy>
				<width>525</width>
				<height>90</height>
				<texture>backgrounds/notification_background.png</texture>
			</control>
			<control type="grouplist" id="9000">
				<posx>20</posx>
				<posy>10</posy>
				<width>485</width>
				<height>70</height>
				<itemgap>10</itemgap>
				<orientation>horizontal</orientation>
				<control type="image" id="400">
					<description>avatar</description>
					<align>left</align>
					<aligny>center</aligny>
					<width>70</width>
					<height>70</height>
					<texture>DefaultIconInfo.png</texture>
				</control>
				<control type="group">
					<width>475</width>
					<height>70</height>
					<control type="label" id="401">
						<description>Description Button</description>
						<posy>4</posy>
						<height>23</height>
						<width>475</width>
						<label>-</label>
						<font>light23b</font>
						<align>left</align>
						<scroll>true</scroll>
					</control>
					<control type="label" id="402">
						<description>Description Button</description>
						<posy>30</posy>
						<height>23</height>
						<width>475</width>
						<label>-</label>
						<font>light23</font>
						<align>left</align>
						<scroll>true</scroll>
					</control>
				</control>
				<control type="image" id="403">
					<description>avatar</description>
					<align>left</align>
					<aligny>center</aligny>
					<width>70</width>
					<height>70</height>
					<texture>DefaultIconInfo.png</texture>
				</control>
				<control type="image" id="404">
					<description>avatar</description>
					<align>left</align>
					<aligny>center</aligny>
					<width>70</width>
					<height>70</height>
					<texture>DefaultIconWarning.png</texture>
				</control>
				<control type="image" id="405">
					<description>avatar</description>
					<align>left</align>
					<aligny>center</aligny>
					<width>70</width>
					<height>70</height>
					<texture>DefaultIconError.png</texture>
				</control>
			</control>
		</control>
	</controls>
</window>
