<window>
	<defaultcontrol always="true">29</defaultcontrol>
	<controls>
		<include>Dialog_Popup_Background</include>
		<control type="group">
			<include>Dialog_Popup_Animation</include>
			<posx>0</posx>
			<posy>30</posy>
			<control type="image">
				<posx>65</posx>
				<posy>0</posy>
				<width>1150</width>
				<height>660</height>
				<texture>backgrounds/background.png</texture>
			</control>
			<control type="group">
				<control type="label">
					<description>header label</description>
					<posx>95</posx>
					<posy>20</posy>
					<width>1080</width>
					<height>30</height>
					<font>light28</font>
					<label>19143</label>
					<align>left</align>
					<aligny>center</aligny>
				</control>
				<control type="group">
					<description>Group list</description>
					<posx>95</posx>
					<posy>50</posy>
					<control type="label">
						<description>name label</description>
						<posx>0</posx>
						<posy>0</posy>
						<width>340</width>
						<height>70</height>
						<font>font21</font>
						<label>31166</label>
						<align>center</align>
						<aligny>center</aligny>
						<textcolor>green</textcolor>
					</control>
					<control type="list" id="13">
						<posx>5</posx>
						<posy>80</posy>
						<width>330</width>
						<height>440</height>
						<onup>13</onup>
						<ondown>13</ondown>
						<onleft>29</onleft>
						<onright>73</onright>
						<pagecontrol>73</pagecontrol>
						<scrolltime>200</scrolltime>
						<itemlayout height="44">
							<control type="image">
								<posx>0</posx>
								<posy>0</posy>
								<width>330</width>
								<height>44</height>
								<texture>views/line_frame_device_black.png</texture>
							</control>
							<control type="label">
								<posx>15</posx>
								<posy>0</posy>
								<width>300</width>
								<height>44</height>
								<font>font21</font>
								<align>left</align>
								<aligny>center</aligny>
								<selectedcolor>blue</selectedcolor>
								<info>ListItem.Label</info>
							</control>
						</itemlayout>
						<focusedlayout height="44">
							<control type="image">
								<posx>0</posx>
								<posy>0</posy>
								<width>330</width>
								<height>44</height>
								<texture>views/line_frame_device_black.png</texture>
								<visible>!Control.HasFocus(13)</visible>
							</control>
							<control type="image">
								<posx>0</posx>
								<posy>0</posy>
								<width>330</width>
								<height>44</height>
								<texture>views/line_frame_device_white.png</texture>
								<visible>Control.HasFocus(13)</visible>
							</control>
							<control type="label">
								<posx>15</posx>
								<posy>0</posy>
								<width>300</width>
								<height>44</height>
								<font>font21</font>
								<align>left</align>
								<aligny>center</aligny>
								<selectedcolor>blue</selectedcolor>
								<info>ListItem.Label</info>
								<visible>!Control.HasFocus(13)</visible>
							</control>
							<control type="label">
								<posx>15</posx>
								<posy>0</posy>
								<width>300</width>
								<height>44</height>
								<font>font21</font>
								<align>left</align>
								<aligny>center</aligny>
								<textcolor>black</textcolor>
								<selectedcolor>blue</selectedcolor>
								<info>ListItem.Label</info>
								<visible>Control.HasFocus(13)</visible>
							</control>
						</focusedlayout>
					</control>
					<control type="scrollbar" id="73">
						<visible>!system.getbool(input.enablemouse)</visible>
						<posx>344</posx>
						<posy>80</posy>
						<width>12</width>
						<height>440</height>
						<texturesliderbackground border="0,8,0,8">icons/scrollbar_vertical_bg.png</texturesliderbackground>
						<texturesliderbar border="4,8,4,8">icons/scrollbar_vertical_nib.png</texturesliderbar>
						<texturesliderbarfocus border="4,8,4,8">icons/scrollbar_vertical_nib_on.png</texturesliderbarfocus>
						<onleft>13</onleft>
						<onright>11</onright>
						<ondown>73</ondown>
						<onup>73</onup>
						<showonepage>false</showonepage>
						<orientation>vertical</orientation>
					</control>
					<control type="group">
						<visible>system.getbool(input.enablemouse) + IntegerGreaterThan(Container(13).NumPages,1)</visible>
						<control type="button">
							<posx>344</posx>
							<posy>80</posy>
							<width>24</width>
							<height>24</height>
							<onclick>PageUp(73)</onclick>
							<texturefocus>icons/settings_arrow_button_up.png</texturefocus>
							<texturenofocus>icons/scroll_up.png</texturenofocus>
						</control>
						<control type="scrollbar" id="73">
							<description>scroll bar indicator for lists</description>
							<posx>344</posx>
							<posy>110</posy>
							<width>12</width>
							<height>380</height>
							<texturesliderbackground border="0,8,0,8">icons/scrollbar_vertical_bg.png</texturesliderbackground>
							<texturesliderbar border="4,8,4,8">icons/scrollbar_vertical_nib.png</texturesliderbar>
							<texturesliderbarfocus border="4,8,4,8">icons/scrollbar_vertical_nib_on.png</texturesliderbarfocus>
							<onleft>13</onleft>
							<onright>11</onright>
							<ondown>73</ondown>
							<onup>73</onup>
							<showonepage>false</showonepage>
							<orientation>vertical</orientation>
						</control>
						<control type="button">
							<posx>344</posx>
							<posy>496</posy>
							<width>24</width>
							<height>24</height>
							<onclick>PageDown(73)</onclick>
							<texturefocus>icons/settings_arrow_button_down.png</texturefocus>
							<texturenofocus>icons/scroll_down.png</texturenofocus>
						</control>
					</control>
				</control>
				<control type="group">
					<description>Channels list</description>
					<posx>462</posx>
					<posy>50</posy>
					<control type="label" id="21">
						<description>name label</description>
						<posx>0</posx>
						<posy>0</posy>
						<width>340</width>
						<height>70</height>
						<font>font21</font>
						<align>center</align>
						<aligny>center</aligny>
						<textcolor>green</textcolor>
					</control>
					<control type="list" id="11">
						<posx>5</posx>
						<posy>80</posy>
						<width>330</width>
						<height>440</height>
						<onup>11</onup>
						<ondown>11</ondown>
						<onleft>73</onleft>
						<onright>71</onright>
						<pagecontrol>71</pagecontrol>
						<scrolltime>200</scrolltime>
						<itemlayout height="44">
							<control type="image">
								<posx>0</posx>
								<posy>0</posy>
								<width>330</width>
								<height>44</height>
								<texture>views/line_frame_device_black.png</texture>
							</control>
							<control type="image">
								<width>36</width>
								<height>36</height>
								<posx>4</posx>
								<posy>4</posy>
								<texture>$INFO[ListItem.Icon]</texture>
							</control>
							<control type="label">
								<posx>50</posx>
								<posy>0</posy>
								<width>270</width>
								<height>44</height>
								<font>font21</font>
								<align>left</align>
								<aligny>center</aligny>
								<selectedcolor>blue</selectedcolor>
								<label>$INFO[ListItem.ChannelNumber,(,) - ]$INFO[ListItem.ChannelName]</label>
							</control>
						</itemlayout>
						<focusedlayout height="44">
							<control type="image">
								<posx>0</posx>
								<posy>0</posy>
								<width>330</width>
								<height>44</height>
								<texture>views/line_frame_device_black.png</texture>
								<visible>!Control.HasFocus(11)</visible>
							</control>
							<control type="image">
								<posx>0</posx>
								<posy>0</posy>
								<width>330</width>
								<height>44</height>
								<texture>views/line_frame_device_white.png</texture>
								<visible>Control.HasFocus(11)</visible>
							</control>
							<control type="image">
								<width>36</width>
								<height>36</height>
								<posx>4</posx>
								<posy>4</posy>
								<texture>$INFO[ListItem.Icon]</texture>
							</control>
							<control type="label">
								<posx>50</posx>
								<posy>0</posy>
								<width>270</width>
								<height>44</height>
								<font>font21</font>
								<align>left</align>
								<aligny>center</aligny>
								<selectedcolor>blue</selectedcolor>
								<label>$INFO[ListItem.ChannelNumber,(,) - ]$INFO[ListItem.ChannelName]</label>
								<visible>!Control.HasFocus(11)</visible>
							</control>
							<control type="label">
								<posx>50</posx>
								<posy>0</posy>
								<width>270</width>
								<height>44</height>
								<font>font21</font>
								<align>left</align>
								<aligny>center</aligny>
								<textcolor>black</textcolor>
								<selectedcolor>blue</selectedcolor>
								<label>$INFO[ListItem.ChannelNumber,(,) - ]$INFO[ListItem.ChannelName]</label>
								<visible>Control.HasFocus(11)</visible>
							</control>
						</focusedlayout>
					</control>
					<control type="scrollbar" id="71">
						<visible>!system.getbool(input.enablemouse)</visible>
						<posx>344</posx>
						<posy>80</posy>
						<width>12</width>
						<height>440</height>
						<texturesliderbackground border="0,8,0,8">icons/scrollbar_vertical_bg.png</texturesliderbackground>
						<texturesliderbar border="4,8,4,8">icons/scrollbar_vertical_nib.png</texturesliderbar>
						<texturesliderbarfocus border="4,8,4,8">icons/scrollbar_vertical_nib_on.png</texturesliderbarfocus>
						<onleft>11</onleft>
						<onright>12</onright>
						<ondown>71</ondown>
						<onup>71</onup>
						<showonepage>false</showonepage>
						<orientation>vertical</orientation>
					</control>
					<control type="group">
						<visible>system.getbool(input.enablemouse) + IntegerGreaterThan(Container(11).NumPages,1)</visible>
						<control type="button">
							<posx>344</posx>
							<posy>80</posy>
							<width>24</width>
							<height>24</height>
							<onclick>PageUp(71)</onclick>
							<texturefocus>icons/settings_arrow_button_up.png</texturefocus>
							<texturenofocus>icons/scroll_up.png</texturenofocus>
						</control>
						<control type="scrollbar" id="71">
							<description>scroll bar indicator for lists</description>
							<posx>344</posx>
							<posy>110</posy>
							<width>12</width>
							<height>380</height>
							<texturesliderbackground border="0,8,0,8">icons/scrollbar_vertical_bg.png</texturesliderbackground>
							<texturesliderbar border="4,8,4,8">icons/scrollbar_vertical_nib.png</texturesliderbar>
							<texturesliderbarfocus border="4,8,4,8">icons/scrollbar_vertical_nib_on.png</texturesliderbarfocus>
							<onleft>11</onleft>
							<onright>12</onright>
							<ondown>71</ondown>
							<onup>71</onup>
							<showonepage>false</showonepage>
							<orientation>vertical</orientation>
						</control>
						<control type="button">
							<posx>344</posx>
							<posy>496</posy>
							<width>24</width>
							<height>24</height>
							<onclick>PageDown(71)</onclick>
							<texturefocus>icons/settings_arrow_button_down.png</texturefocus>
							<texturenofocus>icons/scroll_down.png</texturenofocus>
						</control>
					</control>
				</control>
				<control type="group">
					<description>Grouped Channels list</description>
					<posx>829</posx>
					<posy>50</posy>
					<control type="label" id="22">
						<description>name label</description>
						<posx>0</posx>
						<posy>0</posy>
						<width>340</width>
						<height>70</height>
						<font>font21</font>
						<align>center</align>
						<aligny>center</aligny>
						<textcolor>green</textcolor>
					</control>
					<control type="list" id="12">
						<posx>5</posx>
						<posy>80</posy>
						<width>330</width>
						<height>450</height>
						<onup>12</onup>
						<ondown>12</ondown>
						<onleft>71</onleft>
						<onright>72</onright>
						<pagecontrol>72</pagecontrol>
						<scrolltime>200</scrolltime>
						<itemlayout height="44">
							<control type="image">
								<posx>0</posx>
								<posy>0</posy>
								<width>330</width>
								<height>44</height>
								<texture>views/line_frame_device_black.png</texture>
							</control>
							<control type="image">
								<width>36</width>
								<height>36</height>
								<posx>4</posx>
								<posy>4</posy>
								<texture>$INFO[ListItem.Icon]</texture>
							</control>
							<control type="label">
								<posx>50</posx>
								<posy>0</posy>
								<width>270</width>
								<height>44</height>
								<font>font21</font>
								<align>left</align>
								<aligny>center</aligny>
								<selectedcolor>blue</selectedcolor>
								<label>$INFO[ListItem.ChannelNumber,(,) - ]$INFO[ListItem.ChannelName]</label>
							</control>
						</itemlayout>
						<focusedlayout height="44">
							<control type="image">
								<posx>0</posx>
								<posy>0</posy>
								<width>330</width>
								<height>44</height>
								<texture>views/line_frame_device_black.png</texture>
								<visible>!Control.HasFocus(12)</visible>
							</control>
							<control type="image">
								<posx>0</posx>
								<posy>0</posy>
								<width>330</width>
								<height>44</height>
								<texture>views/line_frame_device_white.png</texture>
								<visible>Control.HasFocus(12)</visible>
							</control>
							<control type="image">
								<width>36</width>
								<height>36</height>
								<posx>4</posx>
								<posy>4</posy>
								<texture>$INFO[ListItem.Icon]</texture>
							</control>
							<control type="label">
								<posx>50</posx>
								<posy>0</posy>
								<width>270</width>
								<height>44</height>
								<font>font21</font>
								<align>left</align>
								<aligny>center</aligny>
								<selectedcolor>blue</selectedcolor>
								<label>$INFO[ListItem.ChannelNumber,(,) - ]$INFO[ListItem.ChannelName]</label>
								<visible>!Control.HasFocus(12)</visible>
							</control>
							<control type="label">
								<posx>50</posx>
								<posy>0</posy>
								<width>270</width>
								<height>44</height>
								<font>font21</font>
								<align>left</align>
								<aligny>center</aligny>
								<textcolor>black</textcolor>
								<selectedcolor>blue</selectedcolor>
								<label>$INFO[ListItem.ChannelNumber,(,) - ]$INFO[ListItem.ChannelName]</label>
								<visible>Control.HasFocus(12)</visible>
							</control>
						</focusedlayout>
					</control>
					<control type="scrollbar" id="72">
						<visible>!system.getbool(input.enablemouse)</visible>
						<posx>344</posx>
						<posy>80</posy>
						<width>12</width>
						<height>440</height>
						<texturesliderbackground border="0,8,0,8">icons/scrollbar_vertical_bg.png</texturesliderbackground>
						<texturesliderbar border="4,8,4,8">icons/scrollbar_vertical_nib.png</texturesliderbar>
						<texturesliderbarfocus border="4,8,4,8">icons/scrollbar_vertical_nib_on.png</texturesliderbarfocus>
						<onleft>12</onleft>
						<onright>26</onright>
						<ondown>72</ondown>
						<onup>72</onup>
						<showonepage>false</showonepage>
						<orientation>vertical</orientation>
					</control>
					<control type="group">
						<visible>system.getbool(input.enablemouse) + IntegerGreaterThan(Container(12).NumPages,1)</visible>
						<control type="button">
							<posx>344</posx>
							<posy>80</posy>
							<width>24</width>
							<height>24</height>
							<onclick>PageUp(72)</onclick>
							<texturefocus>icons/settings_arrow_button_up.png</texturefocus>
							<texturenofocus>icons/scroll_up.png</texturenofocus>
						</control>
						<control type="scrollbar" id="72">
							<description>scroll bar indicator for lists</description>
							<posx>344</posx>
							<posy>110</posy>
							<width>12</width>
							<height>380</height>
							<texturesliderbackground border="0,8,0,8">icons/scrollbar_vertical_bg.png</texturesliderbackground>
							<texturesliderbar border="4,8,4,8">icons/scrollbar_vertical_nib.png</texturesliderbar>
							<texturesliderbarfocus border="4,8,4,8">icons/scrollbar_vertical_nib_on.png</texturesliderbarfocus>
							<onleft>12</onleft>
							<onright>26</onright>
							<ondown>72</ondown>
							<onup>72</onup>
							<showonepage>false</showonepage>
							<orientation>vertical</orientation>
						</control>
						<control type="button">
							<posx>344</posx>
							<posy>496</posy>
							<width>24</width>
							<height>24</height>
							<onclick>PageDown(72)</onclick>
							<texturefocus>icons/settings_arrow_button_down.png</texturefocus>
							<texturenofocus>icons/scroll_down.png</texturenofocus>
						</control>
					</control>
				</control>
				<control type="grouplist" id="9000">
					<posx>100</posx>
					<posy>610</posy>
					<width>1080</width>
					<height>33</height>
					<itemgap>10</itemgap>
					<orientation>horizontal</orientation>
					<onup>13</onup>
					<ondown>noop</ondown>
					<control type="button" id="26">
						<description>Add Group</description>
						<width>33</width>
						<height>33</height>
						<texturefocus>buttons/info_install_on.png</texturefocus>
						<texturenofocus>buttons/info_install.png</texturenofocus>
						<font>-</font>
						<hitrect x="0" y="0" w="100" h="33" />
					</control>
					<control type="label" id="40">
						<visible>!Control.HasFocus(26)</visible>
						<width min="0" max="200">auto</width>
						<height>33</height>
						<label>31167</label>
						<font>font23</font>
						<textcolor>grey</textcolor>
					</control>
					<control type="label" id="41">
						<visible>Control.HasFocus(26)</visible>
						<width min="0" max="200">auto</width>
						<height>33</height>
						<label>31167</label>
						<font>font23</font>
						<textcolor>green</textcolor>
					</control>
					<control type="label" id="42">
						<width>4</width>
						<height>33</height>
					</control>
					<control type="button" id="27">
						<description>Rename Group</description>
						<width>33</width>
						<height>33</height>
						<texturefocus>buttons/info_refresh_on.png</texturefocus>
						<texturenofocus>buttons/info_refresh.png</texturenofocus>
						<font>-</font>
						<hitrect x="0" y="0" w="100" h="33" />
					</control>
					<control type="label" id="43">
						<visible>!Control.HasFocus(27)</visible>
						<width min="0" max="200">auto</width>
						<height>33</height>
						<label>31168</label>
						<font>font23</font>
						<textcolor>grey</textcolor>
					</control>
					<control type="label" id="44">
						<visible>Control.HasFocus(27)</visible>
						<width min="0" max="200">auto</width>
						<height>33</height>
						<label>31168</label>
						<font>font23</font>
						<textcolor>green</textcolor>
					</control>
					<control type="label" id="45">
						<width>4</width>
						<height>33</height>
					</control>
					<control type="button" id="28">
						<description>Delete Group</description>
						<width>33</width>
						<height>33</height>
						<texturefocus>buttons/info_uninstall_on.png</texturefocus>
						<texturenofocus>buttons/info_uninstall.png</texturenofocus>
						<font>-</font>
						<hitrect x="0" y="0" w="100" h="33" />
					</control>
					<control type="label" id="46">
						<visible>!Control.HasFocus(28)</visible>
						<width min="0" max="200">auto</width>
						<height>33</height>
						<label>31169</label>
						<font>font23</font>
						<textcolor>grey</textcolor>
					</control>
					<control type="label" id="47">
						<visible>Control.HasFocus(28)</visible>
						<width min="0" max="200">auto</width>
						<height>33</height>
						<label>31169</label>
						<font>font23</font>
						<textcolor>green</textcolor>
					</control>
					<control type="label" id="48">
						<width>4</width>
						<height>33</height>
					</control>
					<control type="button" id="29">
						<description>OK Group</description>
						<width>33</width>
						<height>33</height>
						<texturefocus>icons/icon_ok_on.png</texturefocus>
						<texturenofocus>icons/icon_ok.png</texturenofocus>
						<font>-</font>
						<hitrect x="0" y="0" w="100" h="33" />
					</control>
					<control type="label" id="49">
						<visible>!Control.HasFocus(29)</visible>
						<width min="0" max="200">auto</width>
						<height>33</height>
						<label>186</label>
						<font>font23</font>
						<textcolor>grey</textcolor>
					</control>
					<control type="label" id="50">
						<visible>Control.HasFocus(29)</visible>
						<width min="0" max="200">auto</width>
						<height>33</height>
						<label>186</label>
						<font>font23</font>
						<textcolor>green</textcolor>
					</control>
				</control>
			</control>
		</control>
		<control type="label" id="20">
			<description>Fake Label used to pass on name label</description>
			<visible>false</visible>
		</control>
	</controls>
</window>