<window>
	<defaultcontrol always="true">5</defaultcontrol>
	<animation effect="fade" time="200">WindowOpen</animation>
	<animation effect="fade" time="200" delay="450">WindowClose</animation>
	<coordinates>
		<posx>13</posx>
		<posy>383</posy>
	</coordinates>
	<controls>
		<control type="group" id="9100">
			<animation effect="slide" start="0, 283" end="0, 0" time="300" delay="10">WindowOpen</animation>
			<animation effect="slide" start="0, 0" end="0, 283" time="300" delay="310">WindowClose</animation>
			<control type="image">
				<description>background bottom image</description>
				<posx>0</posx>
				<posy>54</posy>
				<width>1254</width>
				<height>560</height>
				<texture>osd/osd_settings_background.png</texture>
			</control>
			<control type="image">
				<description>cover art background image</description>
				<posx>27</posx>
				<posy>80</posy>
				<width>230</width>
				<height>230</height>
				<texture>views/frame_device_sq_white.png</texture>
			</control>
			<control type="image" id="19">
				<description>cover art background image</description>
				<posx>47</posx>
				<posy>100</posy>
				<width>190</width>
				<height>190</height>
				<info>ListItem.Icon</info>
				<aspectratio>keep</aspectratio>
				<bordersize>4</bordersize>
				<bordertexture>views/info_cover_border.png</bordertexture>
			</control>
			<control type="label" id="20">
				<description>media title</description>
				<posx>275</posx>
				<posy>87</posy>
				<width>960</width>
				<height>20</height>
				<font>font18b</font>
				<align>left</align>
				<aligny>center</aligny>
				<textcolor>white</textcolor>
				<info>listItem.label</info>
			</control>
			<control type="list" id="5">
				<posx>275</posx>
				<posy>115</posy>
				<width>970</width>
				<height>188</height>
				<onleft>60</onleft>
				<onright>60</onright>
				<onup>9000</onup>
				<ondown>1000</ondown>
				<pagecontrol>60</pagecontrol>
				<scrolltime>200</scrolltime>
				<itemlayout height="44">
					<control type="image">
						<posx>0</posx>
						<posy>0</posy>
						<width>970</width>
						<height>44</height>
						<texture>menu/context_info_settings_button.png</texture>
					</control>
					<control type="label">
						<posx>25</posx>
						<posy>5</posy>
						<width>250</width>
						<height>35</height>
						<font>font18</font>
						<aligny>center</aligny>
						<selectedcolor>blue</selectedcolor>
						<textcolor>white</textcolor>
						<align>left</align>
						<info>ListItem.Label</info>
					</control>
					<control type="label">
						<posx>945</posx>
						<posy>5</posy>
						<width>700</width>
						<height>35</height>
						<font>font18</font>
						<aligny>center</aligny>
						<selectedcolor>white</selectedcolor>
						<textcolor>white</textcolor>
						<align>right</align>
						<info>ListItem.Label2</info>
					</control>
				</itemlayout>
				<focusedlayout height="44">
					<control type="image">
						<posx>0</posx>
						<posy>0</posy>
						<width>970</width>
						<height>44</height>
						<visible>Control.HasFocus(5)</visible>
						<texture>menu/context_info_settings_button_focus.png</texture>
					</control>
					<control type="image">
						<posx>0</posx>
						<posy>0</posy>
						<width>970</width>
						<height>45</height>
						<visible>!Control.HasFocus(5)</visible>
						<texture>menu/context_info_settings_button.png</texture>
					</control>
					<control type="label">
						<posx>25</posx>
						<posy>5</posy>
						<width>250</width>
						<height>35</height>
						<font>font18</font>
						<aligny>center</aligny>
						<selectedcolor>black</selectedcolor>
						<textcolor>black</textcolor>
						<align>left</align>
						<info>ListItem.Label</info>
						<visible>Control.HasFocus(5)</visible>
					</control>
					<control type="label">
						<posx>945</posx>
						<posy>5</posy>
						<width>700</width>
						<height>35</height>
						<font>font18</font>
						<aligny>center</aligny>
						<selectedcolor>black</selectedcolor>
						<textcolor>black</textcolor>
						<align>right</align>
						<info>ListItem.Label2</info>
						<visible>Control.HasFocus(5)</visible>
					</control>
					<control type="label">
						<posx>5</posx>
						<posy>5</posy>
						<width>250</width>
						<height>35</height>
						<font>font18</font>
						<aligny>center</aligny>
						<selectedcolor>blue</selectedcolor>
						<textcolor>white</textcolor>
						<align>left</align>
						<info>ListItem.Label</info>
						<visible>!Control.HasFocus(5)</visible>
					</control>
					<control type="label">
						<posx>945</posx>
						<posy>5</posy>
						<width>700</width>
						<height>35</height>
						<font>font18</font>
						<aligny>center</aligny>
						<selectedcolor>white</selectedcolor>
						<textcolor>white</textcolor>
						<align>right</align>
						<info>ListItem.Label2</info>
						<visible>!Control.HasFocus(5)</visible>
					</control>
				</focusedlayout>
			</control>
			<control type="image">
				<posx>1217</posx>
				<posy>85</posy>
				<width>27</width>
				<height>27</height>
				<texture>icons/scroll_up_white.png</texture>
				<visible>Container(5).HasPrevious</visible>
			</control>
			<control type="image">
				<posx>1217</posx>
				<posy>306</posy>
				<width>27</width>
				<height>27</height>
				<texture>icons/scroll_down_white.png</texture>
				<visible>Container(5).HasNext</visible>
			</control>
		</control>
	</controls>
</window>
