<window>
	<defaultcontrol always="true">9000</defaultcontrol>
	<allowoverlay>no</allowoverlay>
	<controls>
		<control type="group">
			<include>Common_Info_Background</include>
			<include>Main_Menu_Slide_Animation</include>
			<control type="group">
				<include>Main_Menu_Fade_Animation</include>
				<description>First Page Video/Music/Photos/Applications</description>
				<posx>32</posx>
				<posy>54</posy>
				<width>1216</width>
				<height>32</height>
				<control type="image">
					<description>page header tab icon</description>
					<include>Common_Title_Image</include>
					<texture>icons/icon_addon.png</texture>
				</control>
				<control type="label">
					<description>Movies/Shows Title</description>
					<include>Common_Title_Label</include>
					<label>24003</label>
					<visible>!container.content(episodes) + !container.content(musicvideos)</visible>
				</control>
				<control type="group">
					<description>time group</description>
					<posx>600</posx>
					<posy>-34</posy>
					<include>Common_Clock</include>
				</control>
			</control>
			<control type="group">
				<include>Main_Menu_Fade_Animation</include>
				<include>Window_Fade_Animation</include>
				<animation type="Conditional" condition="Window.IsVisible(progressdialog)">
					<effect type="fade" start="100" end="20" time="200"/>
				</animation>
				<control type="grouplist" id="9000">
					<description>buttons</description>
					<posx>32</posx>
					<posy>113</posy>
					<width>1200</width>
					<height>33</height>
					<itemgap>12</itemgap>
					<orientation>horizontal</orientation>
					<onup>noop</onup>
					<ondown>50</ondown>
					<control type="togglebutton" id="6">
						<description>Install/Uninstall Addon button</description>
						<posx>0</posx>
						<posy>0</posy>
						<width>33</width>
						<height>33</height>
						<onleft>noop</onleft>
						<label>24038</label>
						<altlabel>24037</altlabel>
						<texturenofocus>buttons/info_install.png</texturenofocus>
						<texturefocus>buttons/info_install_on.png</texturefocus>
						<alttexturenofocus>buttons/info_uninstall.png</alttexturenofocus>
						<alttexturefocus>buttons/info_uninstall_on.png</alttexturefocus>
						<font>-</font>
						<usealttexture>StringCompare(Control.GetLabel(6),$LOCALIZE[24037])</usealttexture>
						<visible>Control.IsEnabled(6)</visible>
						<hitrect x="0" y="0" w="100" h="33" />
					</control>
					<control type="label" id="20">
						<description>Install/Uninstall Addon label</description>
						<visible>Control.IsEnabled(6) + !Control.HasFocus(6)</visible>
						<posx>0</posx>
						<posy>0</posy>
						<width min="0" max="200">auto</width>
						<height>33</height>
						<aligny>center</aligny>
						<info>Control.GetLabel(6)</info>
						<textcolor>grey</textcolor>
						<font>font21</font>
					</control>
					<control type="label" id="21">
						<description>Install/Uninstall Addon label</description>
						<visible>Control.IsEnabled(6) + Control.HasFocus(6)</visible>
						<posx>0</posx>
						<posy>0</posy>
						<width min="0" max="200">auto</width>
						<height>33</height>
						<aligny>center</aligny>
						<info>Control.GetLabel(6)</info>
						<textcolor>green</textcolor>
						<font>font21</font>
					</control>
					<control type="button" id="7">
						<description>Enable/Disable Addon button</description>
						<posx>0</posx>
						<posy>0</posy>
						<width>3</width>
						<height>33</height>
						<label>24022</label>
						<altlabel>24021</altlabel>
						<texturenofocus>icons/dotted_line_divider.png</texturenofocus>
						<texturefocus>icons/dotted_line_divider.png</texturefocus>
						<font>-</font>
						<visible>Control.IsEnabled(7)</visible>
						<hitrect x="0" y="0" w="100" h="33" />
					</control>
					<control type="image" id="22">
						<description>Enable/Disable Addon image</description>
						<posx>0</posx>
						<posy>0</posy>
						<width>33</width>
						<height>33</height>
						<texture>buttons/info_disable_on.png</texture>
						<visible>Control.IsEnabled(7) + Control.HasFocus(7) + StringCompare(Control.GetLabel(7),$LOCALIZE[24021])</visible>
					</control>
					<control type="image" id="23">
						<description>Enable/Disable Addon image</description>
						<posx>0</posx>
						<posy>0</posy>
						<width>33</width>
						<height>33</height>
						<texture>buttons/info_disable.png</texture>
						<visible>Control.IsEnabled(7) + !Control.HasFocus(7) + StringCompare(Control.GetLabel(7),$LOCALIZE[24021])</visible>
					</control>
					<control type="image" id="24">
						<description>Enable/Disable Addon image</description>
						<posx>0</posx>
						<posy>0</posy>
						<width>33</width>
						<height>33</height>
						<texture>buttons/info_enable_on.png</texture>
						<visible>Control.IsEnabled(7) + Control.HasFocus(7) + !StringCompare(Control.GetLabel(7),$LOCALIZE[24021])</visible>
					</control>
					<control type="image" id="25">
						<description>Enable/Disable Addon image</description>
						<posx>0</posx>
						<posy>0</posy>
						<width>33</width>
						<height>33</height>
						<texture>buttons/info_enable.png</texture>
						<visible>Control.IsEnabled(7) + !Control.HasFocus(7) + !StringCompare(Control.GetLabel(7),$LOCALIZE[24021])</visible>
					</control>
					<control type="label" id="26">
						<description>Enable/Disable Addon label</description>
						<visible>Control.IsEnabled(7) + !Control.HasFocus(7)</visible>
						<posx>0</posx>
						<posy>0</posy>
						<width min="0" max="200">auto</width>
						<height>33</height>
						<aligny>center</aligny>
						<info>Control.GetLabel(7)</info>
						<textcolor>grey</textcolor>
						<font>font21</font>
					</control>
					<control type="label" id="27">
						<description>Enable/Disable Addon label</description>
						<visible>Control.IsEnabled(7) + Control.HasFocus(7)</visible>
						<posx>0</posx>
						<posy>0</posy>
						<width min="0" max="200">auto</width>
						<height>33</height>
						<aligny>center</aligny>
						<info>Control.GetLabel(7)</info>
						<textcolor>green</textcolor>
						<font>font21</font>
					</control>
					<control type="image" id="28">
						<description>left dotted line</description>
						<posx>0</posx>
						<posy>0</posy>
						<width>3</width>
						<height>33</height>
						<texture>icons/dotted_line_divider.png</texture>
						<visible>Control.IsEnabled(6)</visible>
					</control>
					<control type="button" id="9">
						<description>Addon Settings button</description>
						<posx>0</posx>
						<posy>0</posy>
						<width>33</width>
						<height>33</height>
						<texturenofocus>buttons/info_settings.png</texturenofocus>
						<texturefocus>buttons/info_settings_on.png</texturefocus>
						<font>-</font>
						<visible>Control.IsEnabled(9)</visible>
						<hitrect x="0" y="0" w="100" h="33" />
					</control>
					<control type="label" id="29">
						<description>Addon Settings label</description>
						<visible>Control.IsEnabled(9) + !Control.HasFocus(9)</visible>
						<posx>0</posx>
						<posy>0</posy>
						<width min="0" max="200">auto</width>
						<height>33</height>
						<aligny>center</aligny>
						<label>24020</label>
						<textcolor>grey</textcolor>
						<font>font21</font>
					</control>
					<control type="label" id="30">
						<description>Addon Settings label</description>
						<visible>Control.IsEnabled(9) + Control.HasFocus(9)</visible>
						<posx>0</posx>
						<posy>0</posy>
						<width min="0" max="200">auto</width>
						<height>33</height>
						<aligny>center</aligny>
						<label>24020</label>
						<textcolor>green</textcolor>
						<font>font21</font>
					</control>
					<control type="image" id="31">
						<description>left dotted line</description>
						<posx>0</posx>
						<posy>0</posy>
						<width>3</width>
						<height>33</height>
						<texture>icons/dotted_line_divider.png</texture>
						<visible>Control.IsEnabled(9)</visible>
					</control>
					<control type="button" id="8">
						<description>Update Addon button</description>
						<posx>0</posx>
						<posy>0</posy>
						<width>33</width>
						<height>33</height>
						<texturenofocus>buttons/info_refresh.png</texturenofocus>
						<texturefocus>buttons/info_refresh_on.png</texturefocus>
						<font>-</font>
						<visible>Control.IsEnabled(8)</visible>
						<hitrect x="0" y="0" w="100" h="33" />
					</control>
					<control type="label" id="32">
						<description>thumb label</description>
						<visible>Control.IsEnabled(8) + !Control.HasFocus(8)</visible>
						<posx>0</posx>
						<posy>0</posy>
						<width min="0" max="200">auto</width>
						<height>33</height>
						<aligny>center</aligny>
						<label>24069</label>
						<textcolor>grey</textcolor>
						<font>font21</font>
					</control>
					<control type="label" id="33">
						<description>thumb label</description>
						<visible>Control.IsEnabled(8) + Control.HasFocus(8)</visible>
						<posx>0</posx>
						<posy>0</posy>
						<width min="0" max="200">auto</width>
						<height>33</height>
						<aligny>center</aligny>
						<label>24069</label>
						<textcolor>green</textcolor>
						<font>font21</font>
					</control>
					<control type="image" id="34">
						<description>left dotted line</description>
						<posx>0</posx>
						<posy>0</posy>
						<width>3</width>
						<height>33</height>
						<texture>icons/dotted_line_divider.png</texture>
						<visible>Control.IsEnabled(8)</visible>
					</control>
					<control type="button" id="10">
						<description>Changelog button</description>
						<posx>0</posx>
						<posy>0</posy>
						<width>33</width>
						<height>33</height>
						<texturenofocus>buttons/info_plot.png</texturenofocus>
						<texturefocus>buttons/info_plot_on.png</texturefocus>
						<font>-</font>
						<visible>Control.IsEnabled(10)</visible>
						<hitrect x="0" y="0" w="100" h="33" />
					</control>
					<control type="label" id="35">
						<description>Changelog label</description>
						<visible>Control.IsEnabled(10) + !Control.HasFocus(10)</visible>
						<posx>0</posx>
						<posy>0</posy>
						<width min="0" max="200">auto</width>
						<height>33</height>
						<aligny>center</aligny>
						<label>24036</label>
						<textcolor>grey</textcolor>
						<font>font21</font>
					</control>
					<control type="label" id="36">
						<description>Changelog label</description>
						<visible>Control.IsEnabled(10) + Control.HasFocus(10)</visible>
						<posx>0</posx>
						<posy>0</posy>
						<width min="0" max="200">auto</width>
						<height>33</height>
						<aligny>center</aligny>
						<label>24036</label>
						<textcolor>green</textcolor>
						<font>font21</font>
					</control>
					<control type="image" id="37">
						<description>left dotted line</description>
						<posx>0</posx>
						<posy>0</posy>
						<width>3</width>
						<height>33</height>
						<texture>icons/dotted_line_divider.png</texture>
						<visible>Control.IsEnabled(10)</visible>
					</control>
					<control type="button" id="11">
						<description>Rollback button</description>
						<posx>0</posx>
						<posy>0</posy>
						<width>33</width>
						<height>33</height>
						<texturenofocus>buttons/info_return.png</texturenofocus>
						<texturefocus>buttons/info_return_on.png</texturefocus>
						<font>-</font>
						<visible>Control.IsEnabled(11)</visible>
						<hitrect x="0" y="0" w="100" h="33" />
					</control>
					<control type="label" id="38">
						<description>Rollback label</description>
						<visible>Control.IsEnabled(11) + !Control.HasFocus(11)</visible>
						<posx>0</posx>
						<posy>0</posy>
						<width min="0" max="200">auto</width>
						<height>33</height>
						<aligny>center</aligny>
						<label>24048</label>
						<textcolor>grey</textcolor>
						<font>font21</font>
					</control>
					<control type="label" id="39">
						<description>Rollback label</description>
						<visible>Control.IsEnabled(11) + Control.HasFocus(11)</visible>
						<posx>0</posx>
						<posy>0</posy>
						<width min="0" max="200">auto</width>
						<height>33</height>
						<aligny>center</aligny>
						<label>24048</label>
						<textcolor>green</textcolor>
						<font>font21</font>
					</control>
					<control type="image" id="40">
						<description>left dotted line</description>
						<posx>0</posx>
						<posy>0</posy>
						<width>3</width>
						<height>33</height>
						<texture>icons/dotted_line_divider.png</texture>
						<visible>Control.IsEnabled(11)</visible>
					</control>
					<control type="button" id="99">
						<description>Close button</description>
						<posx>0</posx>
						<posy>0</posy>
						<width>33</width>
						<height>33</height>
						<onright>noop</onright>
						<onclick>Close</onclick>
						<texturenofocus>icons/icon_cancel.png</texturenofocus>
						<texturefocus>icons/icon_cancel_on.png</texturefocus>
						<font>-</font>
						<hitrect x="0" y="0" w="100" h="33" />
					</control>
					<control type="label" id="41">
						<description>Close label</description>
						<visible>!Control.HasFocus(99)</visible>
						<posx>0</posx>
						<posy>0</posy>
						<width min="0" max="200">auto</width>
						<height>33</height>
						<aligny>center</aligny>
						<label>31081</label>
						<textcolor>grey</textcolor>
						<font>font21</font>
					</control>
					<control type="label" id="42">
						<description>Close label</description>
						<visible>Control.HasFocus(99)</visible>
						<posx>0</posx>
						<posy>0</posy>
						<width min="0" max="200">auto</width>
						<height>33</height>
						<aligny>center</aligny>
						<label>31081</label>
						<textcolor>green</textcolor>
						<font>font21</font>
					</control>
				</control>

				<control type="group">
					<posx>10</posx>
					<posy>158</posy>
					<control type="group">
						<description>media icon</description>
						<posx>54</posx>
						<posy>28</posy>
						<control type="image">
							<description>Frame Device</description>
							<posx>0</posx>
							<posy>0</posy>
							<width>190</width>
							<height>190</height>
							<texture>views/frame_device_sq_white.png</texture>
						</control>
						<control type="image" id="3">
							<description>Cover image</description>
							<posx>12</posx>
							<posy>12</posy>
							<width>166</width>
							<height>166</height>
							<texture background="true" fallback="DefaultAddon.png">$INFO[ListItem.Icon]</texture>
							<aspectratio>keep</aspectratio>
							<bordersize>4</bordersize>
							<bordertexture>views/info_cover_border.png</bordertexture>
						</control>
					</control>

					<control type="group">
						<control type="group">
							<description>info center</description>
							<posx>280</posx>
							<posy>34</posy>
							<control type="label">
								<description>Addon</description>
								<label>$INFO[ListItem.Property(Addon.Name)]</label>
								<include>Info_Title_Label</include>
							</control>
							<control type="textbox" id="100">
								<description>Description</description>
								<info>ListItem.Property(Addon.Description)</info>
								<include>Info_Description_Label</include>
							</control>
						</control>

						<control type="group">
							<posx>40</posx>
							<posy>230</posy>
							<width>1200</width>
							<height>240</height>
							<control type="grouplist">
								<description>left info</description>
								<posx>0</posx>
								<posy>0</posy>
								<width>230</width>
								<height>200</height>
								<itemgap>15</itemgap>
								<orientation>vertical</orientation>
								<control type="group">
									<width>230</width>
									<height>22</height>
									<control type="image">
										<description>Star</description>
										<posx>35</posx>
										<posy>0</posy>
										<width>150</width>
										<height>22</height>
										<aspectratio>keep</aspectratio>
										<info>ListItem.Property(Addon.StarRating)</info>
									</control>
								</control>
								<control type="label">
									<description>Version value</description>
									<visible>!IsEmpty(ListItem.Property(Addon.Version))</visible>
									<width>230</width>
									<height>20</height>
									<align>left</align>
									<aligny>top</aligny>
									<label>[COLOR grey]$LOCALIZE[24051][/COLOR] $INFO[ListItem.Property(Addon.Version)]</label>
									<font>font21</font>
								</control>
								<control type="label">
									<description>Status value</description>
									<visible>!IsEmpty(ListItem.Property(Addon.Status))</visible>
									<width>230</width>
									<height>40</height>
									<label>[COLOR grey]$LOCALIZE[126]:[/COLOR] $INFO[ListItem.Property(Addon.Status)]</label>
									<font>font21</font>
									<visible>StringCompare(Control.GetLabel(7),$LOCALIZE[24021])</visible>
									<wrapmultiline>true</wrapmultiline>
								</control>

							</control>
							<control type="image">
								<posx>240</posx>
								<posy>60</posy>
								<width>930</width>
								<height>2</height>
								<texture>views/line_divider.png</texture>
							</control>

							<control type="grouplist">
								<posx>240</posx>
								<posy>80</posy>
								<width>930</width>
								<height>210</height>
								<itemgap>15</itemgap>
								<orientation>vertical</orientation>
								<control type="label">
									<description>Version Value</description>
									<visible>!IsEmpty(ListItem.Property(Addon.Creator))</visible>
									<width>930</width>
									<height>20</height>
									<label>[COLOR grey]$LOCALIZE[21863]:[/COLOR] $INFO[ListItem.Property(Addon.Creator)]</label>
									<font>font21</font>
								</control>
								<control type="label">
									<description>Summary value</description>
									<visible>!IsEmpty(ListItem.Property(Addon.Summary))</visible>
									<width>930</width>
									<height>20</height>
									<label>[COLOR grey]$LOCALIZE[20037]:[/COLOR] $INFO[ListItem.Property(Addon.Summary)]</label>
									<font>font21</font>
								</control>
								<control type="label">
									<description>Disclaimer value</description>
									<visible>!IsEmpty(ListItem.Property(Addon.Disclaimer))</visible>
									<width>930</width>
									<height>20</height>
									<label>[COLOR grey]$LOCALIZE[24052]:[/COLOR] $INFO[ListItem.Property(Addon.Disclaimer)]</label>
									<font>font21</font>
									<wrapmultiline>true</wrapmultiline>
								</control>
							</control>

							<control type="image">
								<posx>240</posx>
								<posy>235</posy>
								<width>930</width>
								<height>2</height>
								<texture>views/line_divider.png</texture>
							</control>
							<control type="image">
								<description>Icon image</description>
								<visible>!IsEmpty(ListItem.Property(Addon.Broken))</visible>
								<posx>240</posx>
								<posy>248</posy>
								<width>48</width>
								<height>48</height>
								<texture>DefaultIconWarning.png</texture>
							</control>
							<control type="label">
								<description>Reason value</description>
								<visible>!IsEmpty(ListItem.Property(Addon.Broken))</visible>
								<posx>290</posx>
								<posy>255</posy>
								<width>880</width>
								<height>80</height>
								<label>$INFO[ListItem.Property(Addon.Broken)]</label>
								<font>font21</font>
								<scroll>true</scroll>
							</control>
						</control>
					</control>
				</control>
			</control>
		</control>
	</controls>
</window>
