<window>
	<defaultcontrol always="true">8999</defaultcontrol>
	<allowoverlay>no</allowoverlay>
	<controls>
		<control type="button" id="8999">
			<posx>-10</posx>
			<posy>-10</posy>
			<width>1</width>
			<height>1</height>
			<texturenofocus>-</texturenofocus>
			<texturefocus>-</texturefocus>
			<font>-</font>
			<onfocus>Skin.Reset(RateSong)</onfocus>
			<onfocus>SetFocus(9000)</onfocus>
		</control>
		<control type="group">
			<include>Common_Info_Background</include>
			<include>Main_Menu_Slide_Animation</include>
			<control type="group">
				<include>Main_Menu_Fade_Animation</include>
				<description>First Page Video/Music/Photos/Applications</description>
				<posx>32</posx>
				<posy>54</posy>
				<width>1216</width>
				<height>32</height>
				<control type="image">
					<description>page header tab icon</description>
					<include>Common_Title_Image</include>
					<texture>icons/icon_music.png</texture>
				</control>
				<control type="label">
					<description>Song Title</description>
					<include>Common_Title_Label</include>
					<label>658</label>
				</control>
				<control type="group">
					<description>time group</description>
					<posx>600</posx>
					<posy>-34</posy>
					<include>Common_Clock</include>
				</control>
			</control>
			<control type="group">
				<include>Main_Menu_Fade_Animation</include>
				<include>Window_Fade_Animation</include>
				<animation type="Conditional" condition="Window.IsVisible(progressdialog)">
					<effect type="fade" start="100" end="20" time="200"/>
				</animation>
				<control type="grouplist" id="9000">
					<description>buttons</description>
					<posx>32</posx>
					<posy>113</posy>
					<width>1200</width>
					<height>33</height>
					<itemgap>12</itemgap>
					<orientation>horizontal</orientation>
					<control type="button" id="2000">
						<description>rate button</description>
						<visible>!Window.IsVisible(musicosd)</visible>
						<posx>0</posx>
						<posy>0</posy>
						<width>33</width>
						<height>33</height>
						<onleft>noop</onleft>
						<texturenofocus>buttons/info_rate.png</texturenofocus>
						<texturefocus>buttons/info_rate_on.png</texturefocus>
						<font>-</font>
						<onclick>Skin.SetBool(RateSong)</onclick>
						<onclick>SetFocus(15)</onclick>
						<hitrect x="0" y="0" w="100" h="33" />
					</control>
					<control type="label" id="20">
						<visible>!Control.HasFocus(2000) + !Window.IsVisible(musicosd)</visible>
						<description>rate label</description>
						<posx>50</posx>
						<posy>0</posy>
						<width min="0" max="200">auto</width>
						<height>33</height>
						<aligny>center</aligny>
						<label>31075</label>
						<textcolor>grey</textcolor>
						<font>font21</font>
					</control>
					<control type="label" id="21">
						<visible>Control.HasFocus(2000) + !Window.IsVisible(musicosd)</visible>
						<description>rate label</description>
						<posx>50</posx>
						<posy>0</posy>
						<width min="0" max="200">auto</width>
						<height>33</height>
						<aligny>center</aligny>
						<label>31075</label>
						<textcolor>green</textcolor>
						<font>font21</font>
					</control>
					<control type="image" id="22">
						<description>left dotted line</description>
						<visible>!Window.IsVisible(musicosd)</visible>
						<posx>0</posx>
						<posy>0</posy>
						<width>3</width>
						<height>33</height>
						<texture>icons/dotted_line_divider.png</texture>
					</control>
					<control type="button" id="12">
						<description>Album info button</description>
						<visible>!Window.IsVisible(musicosd)</visible>
						<posx>0</posx>
						<posy>0</posy>
						<width>33</width>
						<height>33</height>
						<texturenofocus>buttons/info_refresh.png</texturenofocus>
						<texturefocus>buttons/info_refresh_on.png</texturefocus>
						<font>-</font>
						<hitrect x="0" y="0" w="100" h="33" />
					</control>
					<control type="label" id="24">
						<visible>!Control.HasFocus(12) + !Window.IsVisible(musicosd)</visible>
						<description>Album info label</description>
						<posx>50</posx>
						<posy>0</posy>
						<width min="0" max="200">auto</width>
						<height>33</height>
						<aligny>center</aligny>
						<label>10523</label>
						<textcolor>grey</textcolor>
						<font>font21</font>
					</control>
					<control type="label" id="25">
						<visible>Control.HasFocus(12) + !Window.IsVisible(musicosd)</visible>
						<description>Album info label</description>
						<posx>50</posx>
						<posy>0</posy>
						<width min="0" max="200">auto</width>
						<height>33</height>
						<aligny>center</aligny>
						<label>10523</label>
						<textcolor>green</textcolor>
						<font>font21</font>
					</control>
					<control type="image" id="26">
						<description>left dotted line</description>
						<visible>!Window.IsVisible(musicosd)</visible>
						<posx>0</posx>
						<posy>0</posy>
						<width>3</width>
						<height>33</height>
						<texture>icons/dotted_line_divider.png</texture>
					</control>
					<control type="button" id="13">
						<description>thumb button</description>
						<posx>0</posx>
						<posy>0</posy>
						<width>33</width>
						<height>33</height>
						<texturenofocus>buttons/info_thumb.png</texturenofocus>
						<texturefocus>buttons/info_thumb_on.png</texturefocus>
						<font>-</font>
						<hitrect x="0" y="0" w="100" h="33" />
					</control>
					<control type="label" id="27">
						<visible>!Control.HasFocus(13)</visible>
						<description>thumb label</description>
						<posx>50</posx>
						<posy>0</posy>
						<width min="0" max="200">auto</width>
						<height>33</height>
						<aligny>center</aligny>
						<label>13405</label>
						<textcolor>grey</textcolor>
						<font>font21</font>
					</control>
					<control type="label" id="28">
						<visible>Control.HasFocus(13)</visible>
						<description>thumb label</description>
						<posx>50</posx>
						<posy>0</posy>
						<width min="0" max="200">auto</width>
						<height>33</height>
						<aligny>center</aligny>
						<label>13405</label>
						<textcolor>green</textcolor>
						<font>font21</font>
					</control>
					<control type="image" id="29">
						<description>left dotted line</description>
						<posx>0</posx>
						<posy>0</posy>
						<width>3</width>
						<height>33</height>
						<texture>icons/dotted_line_divider.png</texture>
					</control>
					<control type="button" id="99">
						<description>Close button</description>
						<posx>0</posx>
						<posy>0</posy>
						<width>33</width>
						<height>33</height>
						<onright>noop</onright>
						<onclick>Close</onclick>
						<texturenofocus>icons/icon_cancel.png</texturenofocus>
						<texturefocus>icons/icon_cancel_on.png</texturefocus>
						<font>-</font>
						<hitrect x="0" y="0" w="100" h="33" />
					</control>
					<control type="label" id="30">
						<description>Close label</description>
						<visible>!Control.HasFocus(99)</visible>
						<posx>0</posx>
						<posy>0</posy>
						<width min="0" max="200">auto</width>
						<height>33</height>
						<aligny>center</aligny>
						<label>31081</label>
						<textcolor>grey</textcolor>
						<font>font21</font>
					</control>
					<control type="label" id="31">
						<description>Close label</description>
						<visible>Control.HasFocus(99)</visible>
						<posx>0</posx>
						<posy>0</posy>
						<width min="0" max="200">auto</width>
						<height>33</height>
						<aligny>center</aligny>
						<label>31081</label>
						<textcolor>green</textcolor>
						<font>font21</font>
					</control>
				</control>

				<control type="group">
					<visible>!Window.IsVisible(musicosd)</visible>
					<posx>10</posx>
					<posy>158</posy>
					<control type="group">
						<description>media icon</description>
						<posx>54</posx>
						<posy>28</posy>
						<control type="image">
							<description>Frame Device</description>
							<posx>0</posx>
							<posy>0</posy>
							<width>190</width>
							<height>190</height>
							<texture>views/frame_device_sq_white.png</texture>
						</control>
						<control type="image">
							<description>Cover image</description>
							<posx>12</posx>
							<posy>12</posy>
							<width>166</width>
							<height>166</height>
							<info>ListItem.Icon</info>
							<aspectratio>keep</aspectratio>
							<bordersize>4</bordersize>
							<bordertexture>views/info_cover_border.png</bordertexture>
						</control>
					</control>

					<control type="group">
						<control type="group">
							<description>info center</description>
							<posx>280</posx>
							<posy>45</posy>
							<control type="label">
								<description>Song Label</description>
								<label>$INFO[ListItem.Title]</label>
								<include>Info_Title_Label</include>
							</control>
							<control type="textbox">
								<description>Comments</description>
								<include>Info_Description_Label</include>
								<label>$INFO[ListItem.Property(Album_Description)]</label>
							</control>
						</control>

						<control type="group">
							<posx>40</posx>
							<posy>230</posy>
							<width>1200</width>
							<height>240</height>
							<control type="grouplist">
								<description>left info</description>
								<posx>0</posx>
								<posy>0</posy>
								<width>230</width>
								<height>200</height>
								<itemgap>15</itemgap>
								<orientation>vertical</orientation>
								<control type="group">
									<width>230</width>
									<height>22</height>
									<control type="image">
										<description>Star Rating</description>
										<posx>44</posx>
										<posy>0</posy>
										<width>122</width>
										<height>25</height>
										<aspectratio>keep</aspectratio>
										<info>ListItem.StarRating</info>
									</control>
								</control>
								<control type="label">
									<description>Track value</description>
									<visible>!IsEmpty(ListItem.TrackNumber)</visible>
									<width>230</width>
									<height>20</height>
									<label>[COLOR grey]$LOCALIZE[554]:[/COLOR] $INFO[ListItem.TrackNumber]/$INFO[Container.NumItems]</label>
									<font>font21</font>
								</control>
								<control type="label">
									<description>Year value</description>
									<visible>!IsEmpty(ListItem.Year)</visible>
									<width>230</width>
									<height>80</height>
									<label>[COLOR grey]$LOCALIZE[31071]:[/COLOR] $INFO[ListItem.Year]</label>
									<font>font21</font>
								</control>
								<control type="label">
									<description>DiscNumber value</description>
									<visible>!IsEmpty(ListItem.DiscNumber)</visible>
									<width>230</width>
									<height>20</height>
									<label>[COLOR grey]$LOCALIZE[557]:[/COLOR] $INFO[ListItem.DiscNumber]</label>
									<font>font21</font>
								</control>

							</control>
							<control type="image">
								<posx>240</posx>
								<posy>60</posy>
								<width>930</width>
								<height>2</height>
								<texture>views/line_divider.png</texture>
							</control>

							<control type="grouplist">
								<posx>240</posx>
								<posy>80</posy>
								<width>930</width>
								<height>210</height>
								<itemgap>15</itemgap>
								<orientation>vertical</orientation>
								<control type="label">
									<description>Album value</description>
									<visible>!IsEmpty(ListItem.Album)</visible>
									<width>930</width>
									<height>20</height>
									<label>[COLOR grey]$LOCALIZE[558]:[/COLOR] $INFO[ListItem.Album]</label>
									<font>font21</font>
								</control>
								<control type="label">
									<description>Artist value</description>
									<visible>!IsEmpty(ListItem.Artist)</visible>
									<width>930</width>
									<height>20</height>
									<label>[COLOR grey]$LOCALIZE[557]:[/COLOR] $INFO[ListItem.Artist]</label>
									<font>font21</font>
								</control>
								<control type="label">
									<description>Genre value</description>
									<visible>!IsEmpty(ListItem.Genre)</visible>
									<width>930</width>
									<height>20</height>
									<label>[COLOR grey]$LOCALIZE[515]:[/COLOR] $INFO[ListItem.Genre]</label>
									<font>font21</font>
								</control>
								<control type="label">
									<description>Label value</description>
									<visible>!IsEmpty(ListItem.Property(Album_Label))</visible>
									<width>930</width>
									<height>20</height>
									<label>[COLOR grey]$LOCALIZE[21899]:[/COLOR] $INFO[ListItem.Property(Album_Label)]</label>
									<font>font21</font>
								</control>
							</control>
						</control>
					</control>
				</control>


				<control type="group">
					<visible>Window.IsVisible(musicosd)</visible>
					<posx>10</posx>
					<posy>158</posy>
					<control type="group">
						<description>media icon</description>
						<posx>54</posx>
						<posy>28</posy>
						<control type="image">
							<description>Frame Device</description>
							<posx>0</posx>
							<posy>0</posy>
							<width>190</width>
							<height>190</height>
							<texture>views/frame_device_sq_white.png</texture>
						</control>
						<control type="image" id="3">
							<description>Cover image</description>
							<posx>12</posx>
							<posy>12</posy>
							<width>166</width>
							<height>166</height>
							<texture background="true" fallback="DefaultAlbum.png">$INFO[MusicPlayer.Cover]</texture>
							<aspectratio>keep</aspectratio>
							<bordersize>4</bordersize>
							<bordertexture>views/info_cover_border.png</bordertexture>
						</control>
					</control>

					<control type="group">
						<control type="group">
							<description>info center</description>
							<posx>280</posx>
							<posy>45</posy>
							<control type="label">
								<description>Album Label</description>
								<label>$INFO[MusicPlayer.Title]$INFO[MusicPlayer.Album, - ]</label>
								<include>Info_Title_Label</include>
							</control>
							<control type="textbox" id="4">
								<description>Review</description>
								<info>MusicPlayer.Property(Album_Description)</info>
								<include>Info_Description_Label</include>
							</control>
						</control>

						<control type="group">
							<posx>40</posx>
							<posy>230</posy>
							<width>1200</width>
							<height>240</height>
							<control type="grouplist">
								<description>left info</description>
								<posx>0</posx>
								<posy>0</posy>
								<width>230</width>
								<height>200</height>
								<itemgap>15</itemgap>
								<orientation>vertical</orientation>
								<control type="group">
									<width>230</width>
									<height>22</height>
									<control type="image">
										<description>Star</description>
										<posx>35</posx>
										<posy>0</posy>
										<width>150</width>
										<height>22</height>
										<aspectratio>keep</aspectratio>
										<info>Player.StarRating</info>
									</control>
								</control>
								<control type="label">
									<description>Year value</description>
									<visible>!IsEmpty(MusicPlayer.Year)</visible>
									<width>230</width>
									<height>20</height>
									<label>[COLOR grey]$LOCALIZE[31071]:[/COLOR] $INFO[MusicPlayer.Year]</label>
									<font>font21</font>
								</control>

							</control>
							<control type="image">
								<visible>!Control.IsVisible(50)</visible>
								<posx>240</posx>
								<posy>60</posy>
								<width>930</width>
								<height>2</height>
								<texture>views/line_divider.png</texture>
							</control>

							<control type="grouplist">
								<posx>240</posx>
								<posy>80</posy>
								<width>930</width>
								<height>210</height>
								<itemgap>15</itemgap>
								<orientation>vertical</orientation>
								<control type="label">
									<description>Artist value</description>
									<visible>!IsEmpty(MusicPlayer.Artist)</visible>
									<width>930</width>
									<height>20</height>
									<label>[COLOR grey]$LOCALIZE[557]:[/COLOR] $INFO[MusicPlayer.Artist]</label>
									<font>font21</font>
								</control>
								<control type="label">
									<description>Genre value</description>
									<visible>!IsEmpty(MusicPlayer.Genre)</visible>
									<width>930</width>
									<height>20</height>
									<label>[COLOR grey]$LOCALIZE[515]:[/COLOR] $INFO[MusicPlayer.Genre]</label>
									<font>font21</font>
								</control>
								<control type="label">
									<description>Label value</description>
									<visible>!IsEmpty(MusicPlayer.Property(Album_Label))</visible>
									<width>930</width>
									<height>20</height>
									<label>[COLOR grey]$LOCALIZE[21899]:[/COLOR] $INFO[MusicPlayer.Property(Album_Label)]</label>
									<font>font21</font>
								</control>
								<control type="label">
									<description>Style value</description>
									<visible>!IsEmpty(MusicPlayer.Property(Album_Style))</visible>
									<width>930</width>
									<height>40</height>
									<label>[COLOR grey]$LOCALIZE[176]:[/COLOR] $INFO[MusicPlayer.Property(Album_Style)]</label>
									<font>font21</font>
									<wrapmultiline>true</wrapmultiline>
								</control>
							</control>
						</control>
					</control>
				</control>
			</control>

			<control type="image">
				<description>background image overlay</description>
				<visible>Skin.HasSetting(RateSong)</visible>
				<animation effect="fade" start="0" end="50" time="200" delay="0">Visible</animation>
				<animation effect="fade" start="50" end="0" time="200" delay="0">Hidden</animation>
				<width>1280</width>
				<height>720</height>
				<texture>black.png</texture>
			</control>

			<control type="group">
				<visible>Skin.HasSetting(RateSong) + !system.getbool(input.enablemouse)</visible>
				<posx>372</posx>
				<posy>315</posy>
				<control type="button" id="2001">
					<description>background</description>
					<width>525</width>
					<height>90</height>
					<onleft>14</onleft>
					<onright>15</onright>
					<onup>noop</onup>
					<ondown>noop</ondown>
					<label>-</label>
					<texturenofocus>backgrounds/rate_background.png</texturenofocus>
					<texturefocus>backgrounds/rate_background.png</texturefocus>
					<onclick>SetFocus(10)</onclick>
				</control>
				<control type="image">
					<posx>80</posx>
					<posy>33</posy>
					<width>27</width>
					<height>27</height>
					<texture>icons/scroll_left_white.png</texture>
				</control>
				<control type="image">
					<posx>418</posx>
					<posy>33</posy>
					<width>27</width>
					<height>27</height>
					<texture>icons/scroll_right_white.png</texture>
				</control>
				<control type="button" id="14">
					<description>decrease button</description>
					<width>1</width>
					<height>1</height>
					<onleft>DecreaseRating</onleft>
					<onright>15</onright>
					<onup>noop</onup>
					<ondown>noop</ondown>
					<onfocus>DecreaseRating</onfocus>
					<label>-</label>
					<texturenofocus>-</texturenofocus>
					<texturefocus>-</texturefocus>
					<onclick>SetFocus(10)</onclick>
				</control>
				<control type="button" id="15">
					<description>increase button</description>
					<width>1</width>
					<height>1</height>
					<onleft>14</onleft>
					<onright>IncreaseRating</onright>
					<onup>noop</onup>
					<ondown>noop</ondown>
					<onfocus>IncreaseRating</onfocus>
					<label>-</label>
					<texturenofocus>-</texturenofocus>
					<texturefocus>-</texturefocus>
					<onclick>SetFocus(10)</onclick>
				</control>
				<control type="button" id="10">
					<description>Ok button</description>
					<width>1</width>
					<height>1</height>
					<onleft>noop</onleft>
					<onright>noop</onright>
					<onup>noop</onup>
					<ondown>noop</ondown>
					<onfocus>Select</onfocus>
					<onfocus>SetFocus(50)</onfocus>
					<label>-</label>
					<texturenofocus>-</texturenofocus>
					<texturefocus>-</texturefocus>
					<onclick>noop</onclick>
				</control>
				<control type="image">
					<description>Star Rating</description>
					<posx>150</posx>
					<posy>22</posy>
					<width>224</width>
					<height>46</height>
					<aspectratio>keep</aspectratio>
					<info>ListItem.StarRating</info>
				</control>
			</control>

			<control type="group">
				<visible>Skin.HasSetting(RateSong) + system.getbool(input.enablemouse)</visible>
				<posx>372</posx>
				<posy>315</posy>
				<control type="image">
					<description>background</description>
					<width>525</width>
					<height>90</height>
					<texture>backgrounds/rate_background.png</texture>
				</control>
				<control type="button" id="16">
					<description>Cancel button</description>
					<posx>30</posx>
					<posy>30</posy>
					<width>32</width>
					<height>32</height>
					<onleft>noop</onleft>
					<onright>14</onright>
					<onup>noop</onup>
					<ondown>noop</ondown>
					<label>-</label>
					<texturenofocus>buttons/info_disable.png</texturenofocus>
					<texturefocus>buttons/info_disable_on.png</texturefocus>
					<onclick>Skin.Reset(RateSong)</onclick>
					<onclick>SetFocus(9000)</onclick>
				</control>
				<control type="button" id="14">
					<description>decrease button</description>
					<posx>80</posx>
					<posy>33</posy>
					<width>27</width>
					<height>27</height>
					<onleft>16</onleft>
					<onright>15</onright>
					<onup>noop</onup>
					<ondown>noop</ondown>
					<onclick>DecreaseRating</onclick>
					<label>-</label>
					<texturenofocus>icons/scroll_left_white.png</texturenofocus>
					<texturefocus>icons/settings_arrow_button_left.png</texturefocus>
				</control>
				<control type="button" id="15">
					<description>increase button</description>
					<posx>418</posx>
					<posy>33</posy>
					<width>27</width>
					<height>27</height>
					<onleft>14</onleft>
					<onright>10</onright>
					<onup>noop</onup>
					<ondown>noop</ondown>
					<onclick>IncreaseRating</onclick>
					<label>-</label>
					<texturenofocus>icons/scroll_right_white.png</texturenofocus>
					<texturefocus>icons/settings_arrow_button_right.png</texturefocus>
				</control>
				<control type="button" id="10">
					<description>Ok button</description>
					<posx>468</posx>
					<posy>30</posy>
					<width>32</width>
					<height>32</height>
					<onleft>15</onleft>
					<onright>noop</onright>
					<onup>noop</onup>
					<ondown>noop</ondown>
					<label>-</label>
					<texturenofocus>buttons/info_enable.png</texturenofocus>
					<texturefocus>buttons/info_enable_on.png</texturefocus>
					<onclick>Skin.Reset(RateSong)</onclick>
				</control>
				<control type="image">
					<description>Star Rating</description>
					<posx>150</posx>
					<posy>22</posy>
					<width>224</width>
					<height>46</height>
					<aspectratio>keep</aspectratio>
					<info>ListItem.StarRating</info>
				</control>
			</control>
		</control>
	</controls>
</window>
