<window>
	<defaultcontrol>10</defaultcontrol>
	<controls>
		<include>Dialog_Popup_Background</include>
		<control type="group">
			<include>Dialog_Popup_Animation</include>
			<posx>190</posx>
			<posy>156</posy>
			<control type="image">
				<description>dialog background</description>
				<posx>0</posx>
				<posy>0</posy>
				<width>900</width>
				<height>520</height>
				<texture>backgrounds/background.png</texture>
			</control>
			<control type="label" id="1">
				<description>heading label</description>
				<posx>25</posx>
				<posy>30</posy>
				<width>650</width>
				<height>30</height>
				<align>left</align>
				<aligny>center</aligny>
				<font>light28</font>
				<label>424</label>
				<textcolor>green</textcolor>
			</control>
			<control type="spincontrolex" id="10">
				<description>Content Picker</description>
				<posx>25</posx>
				<posy>70</posy>
				<width>850</width>
				<height>44</height>
				<texturefocus>views/line_frame_device_white.png</texturefocus>
				<texturenofocus>views/line_frame_device_black.png</texturenofocus>
				<textureup>icons/scroll_up.png</textureup>
				<texturedown>icons/scroll_down.png</texturedown>
				<textureupfocus>icons/settings_arrow_button_up.png</textureupfocus>
				<texturedownfocus>icons/settings_arrow_button_down.png</texturedownfocus>
				<font>font21</font>
				<textcolor>white</textcolor>
				<focusedcolor>black</focusedcolor>
				<disabledcolor>disabled</disabledcolor>
				<textoffsetx>20</textoffsetx>
				<aligny>center</aligny>
				<reverse>yes</reverse>
				<pulseonselect>false</pulseonselect>
				<onup>noop</onup>
				<ondown>11</ondown>
				<onleft>noop</onleft>
				<onright>noop</onright>
			</control>
			<control type="button" id="11">
				<description>Server Name Button</description>
				<posx>25</posx>
				<posy>125</posy>
				<width>806</width>
				<height>44</height>
				<align>left</align>
				<aligny>center</aligny>
				<selectedcolor>black</selectedcolor>
				<textcolor>black</textcolor>
				<disabledcolor>lightgrey</disabledcolor>
				<textoffsetx>10</textoffsetx>
				<aligny>center</aligny>
				<texturefocus border="10">keyboard/keyboard_input_field_on.png</texturefocus>
				<texturenofocus border="10">keyboard/keyboard_input_field_off.png</texturenofocus>
				<label>-</label>
				<onup>10</onup>
				<onleft>noop</onleft>
				<onright>noop</onright>
				<ondown>16</ondown>
			</control>
			<control type="image">
				<posx>836</posx>
				<posy>125</posy>
				<width>44</width>
				<height>44</height>
				<texture>buttons/keyboard_off.png</texture>
				<visible>!Control.HasFocus(11)</visible>
			</control>
			<control type="image">
				<posx>836</posx>
				<posy>125</posy>
				<width>44</width>
				<height>44</height>
				<texture>buttons/keyboard_on.png</texture>
				<visible>Control.HasFocus(11)</visible>
			</control>
			<control type="button" id="16">
				<description>Remote Path Button</description>
				<posx>25</posx>
				<posy>175</posy>
				<width>806</width>
				<height>44</height>
				<align>left</align>
				<aligny>center</aligny>
				<selectedcolor>black</selectedcolor>
				<textcolor>black</textcolor>
				<disabledcolor>lightgrey</disabledcolor>
				<textoffsetx>10</textoffsetx>
				<aligny>center</aligny>
				<texturefocus border="10">keyboard/keyboard_input_field_on.png</texturefocus>
				<texturenofocus border="10">keyboard/keyboard_input_field_off.png</texturenofocus>
				<label>-</label>
				<onup>11</onup>
				<onleft>noop</onleft>
				<onright>noop</onright>
				<ondown>13</ondown>
			</control>
			<control type="image">
				<posx>836</posx>
				<posy>175</posy>
				<width>44</width>
				<height>44</height>
				<texture>buttons/keyboard_off.png</texture>
				<visible>!Control.HasFocus(16)</visible>
			</control>
			<control type="image">
				<posx>836</posx>
				<posy>175</posy>
				<width>44</width>
				<height>44</height>
				<texture>buttons/keyboard_on.png</texture>
				<visible>Control.HasFocus(16)</visible>
			</control>
			<control type="button" id="13">
				<description>Port Button</description>
				<posx>25</posx>
				<posy>225</posy>
				<width>806</width>
				<height>44</height>
				<align>left</align>
				<aligny>center</aligny>
				<selectedcolor>black</selectedcolor>
				<textcolor>black</textcolor>
				<disabledcolor>lightgrey</disabledcolor>
				<textoffsetx>10</textoffsetx>
				<aligny>center</aligny>
				<texturefocus border="10">keyboard/keyboard_input_field_on.png</texturefocus>
				<texturenofocus border="10">keyboard/keyboard_input_field_off.png</texturenofocus>
				<label>1013</label>
				<onup>16</onup>
				<onleft>noop</onleft>
				<onright>noop</onright>
				<ondown>14</ondown>
			</control>
			<control type="image">
				<posx>836</posx>
				<posy>225</posy>
				<width>44</width>
				<height>44</height>
				<texture>buttons/keyboard_off.png</texture>
				<visible>!Control.HasFocus(13)</visible>
			</control>
			<control type="image">
				<posx>836</posx>
				<posy>225</posy>
				<width>44</width>
				<height>44</height>
				<texture>buttons/keyboard_on.png</texture>
				<visible>Control.HasFocus(13)</visible>
			</control>
			<control type="button" id="14">
				<description>User Name Button</description>
				<posx>25</posx>
				<posy>275</posy>
				<width>806</width>
				<height>44</height>
				<align>left</align>
				<aligny>center</aligny>
				<selectedcolor>black</selectedcolor>
				<textcolor>black</textcolor>
				<disabledcolor>lightgrey</disabledcolor>
				<textoffsetx>10</textoffsetx>
				<aligny>center</aligny>
				<texturefocus border="10">keyboard/keyboard_input_field_on.png</texturefocus>
				<texturenofocus border="10">keyboard/keyboard_input_field_off.png</texturenofocus>
				<label>1014</label>
				<onup>13</onup>
				<onleft>noop</onleft>
				<onright>noop</onright>
				<ondown>15</ondown>
			</control>
			<control type="image">
				<posx>836</posx>
				<posy>275</posy>
				<width>44</width>
				<height>44</height>
				<texture>buttons/keyboard_off.png</texture>
				<visible>!Control.HasFocus(14)</visible>
			</control>
			<control type="image">
				<posx>836</posx>
				<posy>275</posy>
				<width>44</width>
				<height>44</height>
				<texture>buttons/keyboard_on.png</texture>
				<visible>Control.HasFocus(14)</visible>
			</control>
			<control type="button" id="15">
				<description>Password Button</description>
				<posx>25</posx>
				<posy>325</posy>
				<width>806</width>
				<height>44</height>
				<align>left</align>
				<aligny>center</aligny>
				<selectedcolor>black</selectedcolor>
				<textcolor>black</textcolor>
				<disabledcolor>lightgrey</disabledcolor>
				<textoffsetx>10</textoffsetx>
				<aligny>center</aligny>
				<texturefocus border="10">keyboard/keyboard_input_field_on.png</texturefocus>
				<texturenofocus border="10">keyboard/keyboard_input_field_off.png</texturenofocus>
				<label>15052</label>
				<onup>14</onup>
				<onleft>noop</onleft>
				<onright>noop</onright>
				<ondown>9001</ondown>
			</control>
			<control type="image">
				<posx>836</posx>
				<posy>325</posy>
				<width>44</width>
				<height>44</height>
				<texture>buttons/keyboard_off.png</texture>
				<visible>!Control.HasFocus(15)</visible>
			</control>
			<control type="image">
				<posx>836</posx>
				<posy>325</posy>
				<width>44</width>
				<height>44</height>
				<texture>buttons/keyboard_on.png</texture>
				<visible>Control.HasFocus(15)</visible>
			</control>

			<control type="grouplist" id="9001">
				<posx>25</posx>
				<posy>466</posy>
				<width>500</width>
				<height>33</height>
				<onup>15</onup>
				<itemgap>10</itemgap>
				<orientation>horizontal</orientation>
				<control type="button" id="19">
					<description>Cancel Button</description>
					<width>33</width>
					<height>33</height>
					<texturefocus>icons/icon_cancel_on.png</texturefocus>
					<texturenofocus>icons/icon_cancel.png</texturenofocus>
					<font>-</font>
					<onleft>noop</onleft>
					<hitrect x="0" y="0" w="100" h="33" />
				</control>
				<control type="label" id="20">
					<visible>!Control.HasFocus(19)</visible>
					<width min="0" max="200">auto</width>
					<height>33</height>
					<label>222</label>
					<font>font23</font>
					<textcolor>grey</textcolor>
				</control>
				<control type="label" id="21">
					<visible>Control.HasFocus(19)</visible>
					<width min="0" max="200">auto</width>
					<height>33</height>
					<label>222</label>
					<font>font23</font>
					<textcolor>green</textcolor>
				</control>
				<control type="label" id="22">
					<width>4</width>
					<height>33</height>
				</control>
				<control type="button" id="18">
					<description>OK Button</description>
					<width>33</width>
					<height>33</height>
					<texturefocus>icons/icon_ok_on.png</texturefocus>
					<texturenofocus>icons/icon_ok.png</texturenofocus>
					<font>-</font>
					<onright>noop</onright>
					<hitrect x="0" y="0" w="100" h="33" />
				</control>
				<control type="label" id="23">
					<visible>!Control.HasFocus(18)</visible>
					<width min="0" max="200">auto</width>
					<height>33</height>
					<label>186</label>
					<font>font23</font>
					<textcolor>grey</textcolor>
				</control>
				<control type="label" id="24">
					<visible>Control.HasFocus(18)</visible>
					<width min="0" max="200">auto</width>
					<height>33</height>
					<label>186</label>
					<font>font23</font>
					<textcolor>green</textcolor>
				</control>
			</control>
		</control>
	</controls>
</window>