<window>
	<defaultcontrol>29</defaultcontrol>
	<controls>
		<include>Dialog_Popup_Background</include>
		<control type="group">
			<include>Dialog_Popup_Animation</include>
			<posx>275</posx>
			<posy>30</posy>
			<control type="image">
				<description>background image</description>
				<posx>0</posx>
				<posy>0</posy>
				<width>730</width>
				<height>620</height>
				<texture>backgrounds/vis_background.png</texture>
			</control>
			<control type="label" id="2">
				<description>header label</description>
				<posx>40</posx>
				<posy>20</posy>
				<width>650</width>
				<height>30</height>
				<font>light28</font>
				<label>-</label>
				<align>left</align>
				<aligny>center</aligny>
			</control>
			<control type="grouplist" id="5">
				<description>control area</description>
				<posx>30</posx>
				<posy>70</posy>
				<width>670</width>
				<height>484</height>
				<itemgap>0</itemgap>
				<onup>noop</onup>
				<ondown>9001</ondown>
				<onleft>noop</onleft>
				<onright>noop</onright>
			</control>
			<control type="button" id="7">
				<description>Default Button</description>
				<height>44</height>
				<font>font21</font>
				<textcolor>white</textcolor>
				<focusedcolor>black</focusedcolor>
				<disabledcolor>disabled</disabledcolor>
				<textoffsetx>20</textoffsetx>
				<texturefocus>views/line_frame_device_white.png</texturefocus>
				<texturenofocus>views/line_frame_device_black.png</texturenofocus>
				<pulseonselect>false</pulseonselect>
			</control>
			<control type="radiobutton" id="8">
				<description>Default RadioButton</description>
				<height>44</height>
				<font>font21</font>
				<textcolor>white</textcolor>
				<focusedcolor>black</focusedcolor>
				<disabledcolor>disabled</disabledcolor>
				<texturefocus>views/line_frame_device_white.png</texturefocus>
				<texturenofocus>views/line_frame_device_black.png</texturenofocus>
				<textoffsetx>20</textoffsetx>
				<textureradiofocus>icons/settings_radio_button_selected.png</textureradiofocus>
				<textureradionofocus>icons/settings_radio_button.png</textureradionofocus>
				<pulseonselect>false</pulseonselect>
				<radioposy>9</radioposy>
				<radiowidth>26</radiowidth>
				<radioheight>26</radioheight>
			</control>
			<control type="spincontrolex" id="9">
				<description>Default spincontrolex</description>
				<height>44</height>
				<texturefocus>views/line_frame_device_white.png</texturefocus>
				<texturenofocus>views/line_frame_device_black.png</texturenofocus>
				<textureup>icons/scroll_up.png</textureup>
				<texturedown>icons/scroll_down.png</texturedown>
				<textureupfocus>icons/settings_arrow_button_up.png</textureupfocus>
				<texturedownfocus>icons/settings_arrow_button_down.png</texturedownfocus>
				<font>font21</font>
				<textcolor>white</textcolor>
				<focusedcolor>black</focusedcolor>
				<disabledcolor>disabled</disabledcolor>
				<textoffsetx>20</textoffsetx>
				<aligny>center</aligny>
				<reverse>yes</reverse>
				<pulseonselect>false</pulseonselect>
			</control>
			<control type="sliderex" id="10">
				<description>Default Slider</description>
				<height>44</height>
				<texturefocus>views/line_frame_device_white.png</texturefocus>
				<texturenofocus>views/line_frame_device_black.png</texturenofocus>
				<sliderwidth>150</sliderwidth>
				<sliderheight>20</sliderheight>
				<texturesliderbar>osd/osd_slider_bg.png</texturesliderbar>
				<textureslidernib border="1">osd/osd_slider_nibNF.png</textureslidernib>
				<textureslidernibfocus border="1">osd/osd_slider_nib.png</textureslidernibfocus>
				<pulseonselect>no</pulseonselect>
				<font>font21</font>
				<textcolor>white</textcolor>
				<focusedcolor>black</focusedcolor>
				<disabledcolor>disabled</disabledcolor>
				<textoffsetx>20</textoffsetx>
				<aligny>center</aligny>
			</control>
			<control type="image" id="11">
				<description>Default Seperator</description>
				<height>0</height>
				<texture>-</texture>
			</control>
			<control type="edit" id="12">
				<description>Default Edit</description>
				<height>44</height>
				<font>font21</font>
				<aligny>center</aligny>
				<textcolor>black</textcolor>
				<focusedcolor>black</focusedcolor>
				<textoffsetx>20</textoffsetx>
				<pulseonselect>no</pulseonselect>
				<texturefocus border="12">keyboard/keyboard_input_field_on.png</texturefocus>
				<texturenofocus border="12">keyboard/keyboard_input_field_off.png</texturenofocus>
			</control>
			<control type="grouplist" id="9001">
				<posx>30</posx>
				<posy>570</posy>
				<width>500</width>
				<height>33</height>
				<onup>5</onup>
				<itemgap>10</itemgap>
				<orientation>horizontal</orientation>
				<control type="button" id="29">
					<description>Cancel Button</description>
					<width>33</width>
					<height>33</height>
					<texturefocus>icons/icon_cancel_on.png</texturefocus>
					<texturenofocus>icons/icon_cancel.png</texturenofocus>
					<font>-</font>
					<onleft>noop</onleft>
					<hitrect x="0" y="0" w="100" h="33" />
				</control>
				<control type="label" id="20">
					<visible>!Control.HasFocus(29)</visible>
					<width min="0" max="200">auto</width>
					<height>33</height>
					<label>222</label>
					<font>font23</font>
					<textcolor>grey</textcolor>
				</control>
				<control type="label" id="21">
					<visible>Control.HasFocus(29)</visible>
					<width min="0" max="200">auto</width>
					<height>33</height>
					<label>222</label>
					<font>font23</font>
					<textcolor>green</textcolor>
				</control>
				<control type="label" id="22">
					<width>4</width>
					<height>33</height>
				</control>
				<control type="button" id="28">
					<description>OK Button</description>
					<width>33</width>
					<height>33</height>
					<texturefocus>icons/icon_ok_on.png</texturefocus>
					<texturenofocus>icons/icon_ok.png</texturenofocus>
					<font>-</font>
					<onright>noop</onright>
					<hitrect x="0" y="0" w="100" h="33" />
				</control>
				<control type="label" id="23">
					<visible>!Control.HasFocus(28)</visible>
					<width min="0" max="200">auto</width>
					<height>33</height>
					<label>186</label>
					<font>font23</font>
					<textcolor>grey</textcolor>
				</control>
				<control type="label" id="24">
					<visible>Control.HasFocus(28)</visible>
					<width min="0" max="200">auto</width>
					<height>33</height>
					<label>186</label>
					<font>font23</font>
					<textcolor>green</textcolor>
				</control>
			</control>
		</control>
	</controls>
</window>