<window>
	<zorder>0</zorder>
	<defaultcontrol>1</defaultcontrol>
	<visible>[Player.Seeking | Player.DisplayAfterSeek | Player.Paused | Player.Forwarding | Player.Rewinding | Player.Caching] + !Window.IsVisible(script-XBMC-Subtitles-main.xml)</visible>
	<controls>
		<control type="group">
			<description>music osd</description>
			<visible>Window.IsVisible(Visualisation) + Player.HasAudio + !Window.IsVisible(musicosd)</visible>
			<animation type="WindowOpen">
				<effect type="fade" time="200" delay="0"/>
			</animation>
			<animation type="WindowClose">
				<effect type="fade" time="400" delay="400"/>
			</animation>
			<posx>83</posx>
			<posy>434</posy>
			<control type="group">
				<posx>0</posx>
				<posy>56</posy>
				<control type="image">
					<posx>0</posx>
					<posy>0</posy>
					<width>1114</width>
					<height>166</height>
					<texture>osd/osd_background_center.png</texture>
				</control>
				<control type="group">
					<posx>5</posx>
					<posy>5</posy>
					<control type="image">
						<posx>0</posx>
						<posy>0</posy>
						<width>156</width>
						<height>156</height>
						<texture>views/frame_device_sq_white.png</texture>
					</control>
					<control type="image">
						<description>cover image</description>
						<posx>13</posx>
						<posy>13</posy>
						<width>130</width>
						<height>130</height>
						<info>MusicPlayer.Cover</info>
						<aspectratio>keep</aspectratio>
						<bordersize>4</bordersize>
						<bordertexture>views/info_cover_border.png</bordertexture>
					</control>
				</control>
				<control type="group">
					<posx>186</posx>
					<posy>8</posy>
					<control type="group">
						<control type="label">
							<posx>0</posx>
							<posy>0</posy>
							<width>700</width>
							<height>40</height>
							<align>left</align>
							<aligny>center</aligny>
							<font>light28</font>
							<info>MusicPlayer.Title</info>
						</control>
						<control type="label">
							<visible>!IsEmpty(MusicPlayer.Artist) + !IsEmpty(MusicPlayer.Album)</visible>
							<posx>0</posx>
							<posy>37</posy>
							<width>700</width>
							<height>70</height>
							<align>left</align>
							<aligny>top</aligny>
							<font>light28</font>
							<label>$INFO[MusicPlayer.Artist] - $INFO[MusicPlayer.Album]</label>
						</control>
						<control type="label">
							<visible>IsEmpty(MusicPlayer.Artist) + !IsEmpty(MusicPlayer.Album)</visible>
							<posx>0</posx>
							<posy>37</posy>
							<width>700</width>
							<height>70</height>
							<align>left</align>
							<aligny>top</aligny>
							<font>light28</font>
							<label>$INFO[MusicPlayer.Album]</label>
						</control>
						<control type="label">
							<visible>!IsEmpty(MusicPlayer.Artist) + IsEmpty(MusicPlayer.Album)</visible>
							<posx>0</posx>
							<posy>37</posy>
							<width>700</width>
							<height>70</height>
							<align>left</align>
							<aligny>top</aligny>
							<font>light28</font>
							<label>$INFO[MusicPlayer.Artist]</label>
						</control>
						<control type="group">
							<posx>794</posx>
							<posy>10</posy>
							<include>Common_Clock_Short</include>
						</control>
						<control type="label">
							<description>Elapsed Time Label</description>
							<posx>0</posx>
							<posy>79</posy>
							<width>117</width>
							<height>20</height>
							<aligny>center</aligny>
							<font>font23</font>
							<info>Player.Time</info>
						</control>
						<control type="progress">
							<description>Progressbar for cache</description>
							<posx>119</posx>
							<posy>84</posy>
							<width>662</width>
							<height>14</height>
							<info>Player.progresscache</info>
							<midtexture border="7">osd/osd_slider_NF.png</midtexture>
							<overlaytexture>-</overlaytexture>
						</control>
						<control type="progress">
							<description>Progressbar</description>
							<posx>119</posx>
							<posy>84</posy>
							<width>662</width>
							<height>14</height>
							<info>Player.Progress</info>
							<texturebg>osd/osd_video_indicator_background_2.png</texturebg>
							<overlaytexture>-</overlaytexture>
						</control>
						<control type="label">
							<description>Total Time Label</description>
							<posx>900</posx>
							<posy>79</posy>
							<width>117</width>
							<height>20</height>
							<align>right</align>
							<aligny>center</aligny>
							<font>font23</font>
							<info>Player.Duration</info>
						</control>
						<control type="label">
							<description>next track</description>
							<visible>MusicPlayer.HasNext</visible>
							<posx>0</posx>
							<posy>110</posy>
							<width>800</width>
							<height>20</height>
							<align>left</align>
							<aligny>center</aligny>
							<font>light28</font>
							<label>$INFO[MusicPlayer.Offset(1).Title,[COLOR grey]$LOCALIZE[209]:[/COLOR] ]</label>
						</control>
						<control type="image">
							<description>repeat all icon</description>
							<posx>858</posx>
							<posy>105</posy>
							<width>50</width>
							<height>50</height>
							<texture>osd/osd_control_repeat_on.png</texture>
							<visible>Playlist.IsRepeat</visible>
						</control>
						<control type="image">
							<description>repeat icon</description>
							<posx>858</posx>
							<posy>105</posy>
							<width>50</width>
							<height>50</height>
							<texture>osd/osd_control_repeat_one_on.png</texture>
							<visible>Playlist.IsRepeatOne</visible>
						</control>
						<control type="image">
							<description>random icon</description>
							<posx>808</posx>
							<posy>105</posy>
							<width>50</width>
							<height>50</height>
							<texture>osd/osd_control_random_on.png</texture>
							<visible>Playlist.IsRandom</visible>
						</control>
					</control>
				</control>
			</control>
		</control>
		<control type="group">
			<description>video osd</description>
			<visible>Window.IsActive(FullscreenVideo) + Player.HasVideo + !Window.IsVisible(videoosd)</visible>
			<animation effect="slide" end="0,-499" condition="Skin.HasSetting(HighOSD)">Conditional</animation>
			<animation type="WindowOpen">
				<effect type="fade" time="200" delay="0"/>
			</animation>
			<animation type="WindowClose">
				<effect type="fade" time="400" delay="400"/>
			</animation>
			<posx>83</posx>
			<posy>509</posy>
			<control type="group">
				<posx>0</posx>
				<posy>56</posy>
				<control type="image">
					<posx>0</posx>
					<posy>0</posy>
					<width>1114</width>
					<height>91</height>
					<texture>osd/osd_picture_background_center.png</texture>
				</control>
				<control type="group">
					<posx>25</posx>
					<posy>8</posy>
					<control type="label">
						<description>header label</description>
						<include>OSD_Label</include>
						<include>OSD_Video_Label</include>
					</control>
					<control type="label">
						<description>header label</description>
						<include>OSD_Label</include>
						<include>OSD_Video_Title</include>
					</control>
					<control type="label">
						<description>header label</description>
						<include>OSD_Label</include>
						<include>OSD_TVShow_Label</include>
					</control>
					<control type="group">
						<posx>958</posx>
						<posy>6</posy>
						<include>Common_Clock_Short</include>
					</control>
					<control type="group">
						<posx>0</posx>
						<posy>50</posy>
						<control type="label">
							<description>Elapsed Time Label</description>
							<posx>0</posx>
							<posy>0</posy>
							<font>font23</font>
							<textcolor>white</textcolor>
							<info>Player.Time</info>
							<width>117</width>
							<height>20</height>
							<aligny>center</aligny>
							<align>left</align>
						</control>
						<control type="progress">
							<description>Progressbar for cache</description>
							<posx>117</posx>
							<posy>5</posy>
							<width>830</width>
							<height>14</height>
							<info>Player.progresscache</info>
							<midtexture border="7">osd/osd_slider_NF.png</midtexture>
							<overlaytexture>-</overlaytexture>
						</control>
						<control type="progress">
							<description>Progressbar</description>
							<posx>117</posx>
							<posy>5</posy>
							<width>830</width>
							<height>14</height>
							<info>Player.Progress</info>
							<texturebg>osd/osd_video_indicator_background_2.png</texturebg>
							<overlaytexture>-</overlaytexture>
						</control>
						<control type="label">
							<description>Total Time Label</description>
							<posx>1064</posx>
							<posy>0</posy>
							<font>font23</font>
							<textcolor>white</textcolor>
							<info>Player.Duration</info>
							<width>117</width>
							<height>20</height>
							<aligny>center</aligny>
							<align>right</align>
						</control>
					</control>
				</control>
			</control>
		</control>
		<control type="group">
			<visible>[Window.IsVisible(Visualisation) + Player.HasAudio] | [Window.IsActive(FullscreenVideo) + Player.HasVideo]</visible>
			<animation type="WindowOpen">
				<effect type="fade" time="200" delay="0"/>
			</animation>
			<animation type="WindowClose">
				<effect type="fade" time="400" delay="400"/>
			</animation>
			<animation effect="slide" end="0,-644" condition="Skin.HasSetting(HighOSD) + Window.IsActive(FullscreenVideo) + Player.HasVideo + !Window.IsVisible(videoosd)">Conditional</animation>
			<animation effect="slide" end="0,-445" condition="Skin.HasSetting(HighOSD) + Window.IsActive(FullscreenVideo) + Player.HasVideo + Window.IsVisible(videoosd)">Conditional</animation>
			<animation effect="slide" end="0,-201" time="0" condition="!Skin.HasSetting(HighOSD) + Window.IsVisible(videoosd)">Conditional</animation>
			<posx>83</posx>
			<posy>656</posy>
			<control type="image">
				<posx>0</posx>
				<posy>0</posy>
				<width>1114</width>
				<height>54</height>
				<texture>osd/osd_background_bottom.png</texture>
			</control>
			<control type="grouplist" id="9100">
				<posx>417</posx>
				<posy>2</posy>
				<width>280</width>
				<height>46</height>
				<itemgap>0</itemgap>
				<align>center</align>
				<orientation>horizontal</orientation>
				<control type="image">
					<visible>Player.Rewinding32x | Player.Rewinding16x | Player.Rewinding8x | Player.Rewinding4x | Player.Rewinding2x</visible>
					<width>50</width>
					<height>50</height>
					<texture>osd/osd_control_rewind_on.png</texture>
				</control>
				<control type="image">
					<visible>Player.Paused + !Player.Seeking + !Player.DisplayAfterSeek + !Player.Caching</visible>
					<width>50</width>
					<height>50</height>
					<texture>osd/osd_control_pause_on.png</texture>
				</control>
				<control type="image">
					<visible>Player.Playing + !Player.Seeking + !Player.DisplayAfterSeek + !Player.Caching</visible>
					<width>50</width>
					<height>50</height>
					<texture>osd/osd_control_play_on.png</texture>
				</control>
				<control type="image">
					<visible>Player.Forwarding32x | Player.Forwarding16x | Player.Forwarding8x | Player.Forwarding4x | Player.Forwarding2x</visible>
					<width>50</width>
					<height>50</height>
					<texture>osd/osd_control_forward_on.png</texture>
				</control>
				<control type="label">
					<description>Play Label</description>
					<width>122</width>
					<height>50</height>
					<align>left</align>
					<aligny>center</aligny>
					<font>font23</font>
					<textcolor>white</textcolor>
					<label>31090</label>
					<visible>Player.Playing + !Player.Seeking + !Player.DisplayAfterSeek</visible>
				</control>
				<control type="label">
					<description>Paused Label</description>
					<width>122</width>
					<height>50</height>
					<align>left</align>
					<aligny>center</aligny>
					<font>font23</font>
					<textcolor>white</textcolor>
					<label>112</label>
					<visible>[Player.Paused + !Player.Caching] + !Player.Seeking + !Player.DisplayAfterSeek</visible>
				</control>
				<control type="label">
					<description>Cache Label</description>
					<width>280</width>
					<height>50</height>
					<align>center</align>
					<aligny>center</aligny>
					<font>font23</font>
					<textcolor>white</textcolor>
					<label>[COLOR grey]$LOCALIZE[15107][/COLOR]$INFO[Player.CacheLevel]%</label>
					<visible>[Player.Paused + Player.Caching] + !Player.Seeking</visible>
				</control>
				<control type="label">
					<description>Final Seek amount Label</description>
					<width>280</width>
					<height>50</height>
					<align>center</align>
					<aligny>center</aligny>
					<font>font23</font>
					<textcolor>white</textcolor>
					<label>[COLOR grey]$LOCALIZE[773]: [/COLOR]$INFO[Player.SeekOffset]</label>
					<visible>!Player.Chaptercount + Player.DisplayAfterSeek + ![player.forwarding | player.rewinding]</visible>
				</control>
				<control type="label">
					<description>Final Seek amount Label</description>
					<width>280</width>
					<height>50</height>
					<align>center</align>
					<aligny>center</aligny>
					<font>font23</font>
					<textcolor>white</textcolor>
					<label>$INFO[Player.Chapter,[COLOR grey]$LOCALIZE[21396]:[/COLOR] ]$INFO[Player.ChapterCount,/]</label>
					<visible>Player.Chaptercount + Player.DisplayAfterSeek + ![player.forwarding | player.rewinding]</visible>
				</control>
				<control type="label">
					<description>FF-RW x2 Label</description>
					<width>40</width>
					<height>50</height>
					<align>left</align>
					<aligny>center</aligny>
					<font>font23</font>
					<textcolor>white</textcolor>
					<label>x2</label>
					<visible>Player.Forwarding2x | Player.Rewinding2x</visible>
				</control>
				<control type="label">
					<description>FF-RW x4 Label</description>
					<width>40</width>
					<height>50</height>
					<align>left</align>
					<aligny>center</aligny>
					<font>font23</font>
					<textcolor>white</textcolor>
					<label>x4</label>
					<visible>Player.Forwarding4x | Player.Rewinding4x</visible>
				</control>
				<control type="label">
					<description>FF-RW x8 Label</description>
					<width>40</width>
					<height>50</height>
					<align>left</align>
					<aligny>center</aligny>
					<font>font23</font>
					<textcolor>white</textcolor>
					<label>x8</label>
					<visible>Player.Forwarding8x | Player.Rewinding8x</visible>
				</control>
				<control type="label">
					<description>FF-RW x16 Label</description>
					<width>40</width>
					<height>50</height>
					<align>left</align>
					<aligny>center</aligny>
					<font>font23</font>
					<textcolor>white</textcolor>
					<label>x16</label>
					<visible>Player.Forwarding16x | Player.Rewinding16x</visible>
				</control>
				<control type="label">
					<description>FF-RW x32 Label</description>
					<width>40</width>
					<height>50</height>
					<align>left</align>
					<aligny>center</aligny>
					<font>font23</font>
					<textcolor>white</textcolor>
					<label>x32</label>
					<visible>Player.Forwarding32x | Player.Rewinding32x</visible>
				</control>
				<control type="label">
					<description>FF Label</description>
					<width>80</width>
					<height>50</height>
					<align>left</align>
					<aligny>center</aligny>
					<font>font23</font>
					<textcolor>white</textcolor>
					<label>31092</label>
					<visible>Player.Forwarding32x | Player.Forwarding16x | Player.Forwarding8x | Player.Forwarding4x | Player.Forwarding2x</visible>
				</control>
				<control type="label">
					<description>RW Label</description>
					<width>80</width>
					<height>50</height>
					<align>left</align>
					<aligny>center</aligny>
					<font>font23</font>
					<textcolor>white</textcolor>
					<label>31093</label>
					<visible>Player.Rewinding32x | Player.Rewinding16x | Player.Rewinding8x | Player.Rewinding4x | Player.Rewinding2x</visible>
				</control>
			</control>
			<control type="label">
				<description>Finishes label</description>
				<visible>!Window.IsVisible(videoosd)</visible>
				<animation type="Conditional" condition="Window.IsVisible(osdvideosettings) | Window.IsVisible(osdaudiosettings) | Window.IsVisible(videobookmarks) | Control.IsVisible(9200)">
					<effect type="fade" start="100" end="20" time="200"/>
				</animation>
				<posx>1089</posx>
				<posy>4</posy>
				<width>580</width>
				<height>44</height>
				<font>font21</font>
				<label>[COLOR grey]$LOCALIZE[31098]: [/COLOR]$INFO[Player.FinishTime]</label>
				<align>right</align>
				<aligny>center</aligny>
				<textcolor>white</textcolor>
			</control>
		</control>
	</controls>
</window>
