<window>
	<defaultcontrol>5</defaultcontrol>
	<allowoverlay>no</allowoverlay>
	<controls>
		<include>Dialog_Popup_Background</include>
		<control type="group">
			<include>Dialog_Popup_Animation</include>
			<posx>190</posx>
			<posy>156</posy>
			<control type="image">
				<description>dialog background</description>
				<posx>0</posx>
				<posy>0</posy>
				<width>900</width>
				<height>520</height>
				<texture>backgrounds/background.png</texture>
			</control>
			<control type="label" id="2">
				<description>heading label</description>
				<posx>25</posx>
				<posy>30</posy>
				<width>650</width>
				<height>30</height>
				<align>left</align>
				<aligny>center</aligny>
				<font>light28</font>
				<label>424</label>
				<textcolor>green</textcolor>
			</control>
			<control type="group">
				<posx>22</posx>
				<posy>40</posy>
				<control type="label">
					<description>Exit label</description>
					<posx>22</posx>
					<posy>20</posy>
					<width>800</width>
					<height>44</height>
					<font>font21</font>
					<label>31062</label>
					<align>left</align>
					<aligny>center</aligny>
					<textcolor>yellow</textcolor>
					<visible>Skin.HasSetting(RemoteCloseMessage)</visible>
				</control>
				<control type="button">
					<posx>22</posx>
					<posy>20</posy>
					<width>800</width>
					<height>44</height>
					<font>font21</font>
					<label>31060</label>
					<textcolor>yellow</textcolor>
					<focusedcolor>red</focusedcolor>
					<texturefocus>-</texturefocus>
					<texturenofocus>-</texturenofocus>
					<onclick>Close</onclick>
					<visible>Skin.HasSetting(MouseCloseMessage)</visible>
				</control>
				<control type="grouplist" id="5">
					<description>control area</description>
					<posx>22</posx>
					<posy>63</posy>
					<width>800</width>
					<height>308</height>
					<itemgap>0</itemgap>
					<pagecontrol>90</pagecontrol>
					<onleft>noop</onleft>
					<onright>90</onright>
					<onup>noop</onup>
					<ondown>9001</ondown>
				</control>
				<control type="button" id="7">
					<description>Default Button</description>
					<posx>0</posx>
					<posy>0</posy>
					<height>44</height>
					<font>font21</font>
					<textcolor>white</textcolor>
					<focusedcolor>black</focusedcolor>
					<disabledcolor>disabled</disabledcolor>
					<textoffsetx>20</textoffsetx>
					<texturefocus>views/line_frame_device_white.png</texturefocus>
					<texturenofocus>views/line_frame_device_black.png</texturenofocus>
					<pulseonselect>false</pulseonselect>
					<onleft>Close</onleft>
				</control>
				<control type="radiobutton" id="8">
					<description>Default RadioButton</description>
					<posx>0</posx>
					<posy>0</posy>
					<height>44</height>
					<font>font21</font>
					<textcolor>white</textcolor>
					<focusedcolor>black</focusedcolor>
					<disabledcolor>disabled</disabledcolor>
					<texturefocus>views/line_frame_device_white.png</texturefocus>
					<texturenofocus>views/line_frame_device_black.png</texturenofocus>
					<textoffsetx>20</textoffsetx>
					<textureradiofocus>icons/settings_radio_button_selected.png</textureradiofocus>
					<textureradionofocus>icons/settings_radio_button.png</textureradionofocus>
					<pulseonselect>false</pulseonselect>
					<radioposy>9</radioposy>
					<radiowidth>26</radiowidth>
					<radioheight>26</radioheight>
					<onleft>Close</onleft>
				</control>
				<control type="spincontrolex" id="9">
					<description>Default SpinControlex</description>
					<posx>0</posx>
					<posy>0</posy>
					<height>44</height>
					<texturefocus>views/line_frame_device_white.png</texturefocus>
					<texturenofocus>views/line_frame_device_black.png</texturenofocus>
					<textureup>icons/scroll_up.png</textureup>
					<texturedown>icons/scroll_down.png</texturedown>
					<textureupfocus>icons/settings_arrow_button_up.png</textureupfocus>
					<texturedownfocus>icons/settings_arrow_button_down.png</texturedownfocus>
					<font>font21</font>
					<textcolor>white</textcolor>
					<focusedcolor>black</focusedcolor>
					<disabledcolor>disabled</disabledcolor>
					<textoffsetx>20</textoffsetx>
					<aligny>center</aligny>
					<reverse>yes</reverse>
					<pulseonselect>false</pulseonselect>
					<onleft>Close</onleft>
				</control>
				<control type="sliderex" id="10">
					<description>Default Slider</description>
					<posx>0</posx>
					<posy>0</posy>
					<height>44</height>
					<texturefocus>views/line_frame_device_white.png</texturefocus>
					<texturenofocus>views/line_frame_device_black.png</texturenofocus>
					<sliderwidth>150</sliderwidth>
					<sliderheight>20</sliderheight>
					<texturesliderbar>osd/osd_slider_bg.png</texturesliderbar>
					<textureslidernib border="1">osd/osd_slider_nibNF.png</textureslidernib>
					<textureslidernibfocus border="1">osd/osd_slider_nib.png</textureslidernibfocus>
					<pulseonselect>no</pulseonselect>
					<font>font21</font>
					<textcolor>white</textcolor>
					<focusedcolor>black</focusedcolor>
					<disabledcolor>disabled</disabledcolor>
					<textoffsetx>20</textoffsetx>
					<aligny>center</aligny>
					<onleft>Close</onleft>
				</control>
				<control type="edit" id="12">
					<description>Default Edit</description>
					<height>44</height>
					<font>font21</font>
					<aligny>center</aligny>
					<textcolor>black</textcolor>
					<focusedcolor>black</focusedcolor>
					<textoffsetx>20</textoffsetx>
					<pulseonselect>no</pulseonselect>
					<texturefocus border="12">keyboard/keyboard_input_field_on.png</texturefocus>
					<texturenofocus border="12">keyboard/keyboard_input_field_off.png</texturenofocus>
				</control>
				<control type="scrollbar" id="90">
					<description>scroll bar indicator for lists</description>
					<posx>827</posx>
					<posy>63</posy>
					<width>12</width>
					<height>308</height>
					<onleft>5</onleft>
					<texturesliderbackground border="0,8,0,8">icons/scrollbar_vertical_bg.png</texturesliderbackground>
					<texturesliderbar border="4,8,4,8">icons/scrollbar_vertical_nib.png</texturesliderbar>
					<texturesliderbarfocus border="4,8,4,8">icons/scrollbar_vertical_nib_on.png</texturesliderbarfocus>
					<orientation>vertical</orientation>
					<showonepage>false</showonepage>
				</control>
			</control>
			<control type="grouplist" id="9001">
				<posx>25</posx>
				<posy>466</posy>
				<width>500</width>
				<height>33</height>
				<onup>5</onup>
				<itemgap>10</itemgap>
				<orientation>horizontal</orientation>
				<control type="button" id="27">
					<description>Clear Button</description>
					<width>33</width>
					<height>33</height>
					<texturefocus>icons/icon_cancel_on.png</texturefocus>
					<texturenofocus>icons/icon_cancel.png</texturenofocus>
					<font>-</font>
					<onleft>noop</onleft>
					<hitrect x="0" y="0" w="100" h="33" />
				</control>
				<control type="label" id="25">
					<visible>!Control.HasFocus(27)</visible>
					<width min="0" max="200">auto</width>
					<height>33</height>
					<label>192</label>
					<font>font23</font>
					<textcolor>grey</textcolor>
				</control>
				<control type="label" id="21">
					<visible>Control.HasFocus(27)</visible>
					<width min="0" max="200">auto</width>
					<height>33</height>
					<label>192</label>
					<font>font23</font>
					<textcolor>green</textcolor>
				</control>
				<control type="label" id="22">
					<width>4</width>
					<height>33</height>
				</control>
				<control type="button" id="28">
					<description>OK Button</description>
					<width>33</width>
					<height>33</height>
					<texturefocus>icons/icon_ok_on.png</texturefocus>
					<texturenofocus>icons/icon_ok.png</texturenofocus>
					<font>-</font>
					<onright>6</onright>
					<hitrect x="0" y="0" w="100" h="33" />
				</control>
				<control type="label" id="23">
					<visible>!Control.HasFocus(28)</visible>
					<width min="0" max="200">auto</width>
					<height>33</height>
					<label>186</label>
					<font>font23</font>
					<textcolor>grey</textcolor>
				</control>
				<control type="label" id="24">
					<visible>Control.HasFocus(28)</visible>
					<width min="0" max="200">auto</width>
					<height>33</height>
					<label>186</label>
					<font>font23</font>
					<textcolor>green</textcolor>
				</control>
			</control>
		</control>
	</controls>
</window>
