<window>
	<defaultcontrol always="true">11</defaultcontrol>
	<allowoverlay>yes</allowoverlay>
	<controls>
		<control type="group">
			<posx>440</posx>
			<posy>20</posy>
			<control type="image">
				<width>400</width>
				<height>120</height>
				<texture>backgrounds/slider_background.png</texture>
			</control>
			<control type="group">
				<animation effect="slide" start="0,0" end="0,12" condition="!Skin.HasSetting(RemoteCloseMessage) + !Skin.HasSetting(MouseCloseMessage)">Conditional</animation>
				<control type="grouplist" id="9100">
					<posx>25</posx>
					<posy>15</posy>
					<width>350</width>
					<height>46</height>
					<itemgap>0</itemgap>
					<align>center</align>
					<orientation>horizontal</orientation>
					<control type="label" id="10">
						<description>Heading</description>
						<width min="0" max="200">auto</width>
						<font>font21</font>
						<label>-</label>
						<textcolor>green</textcolor>
					</control>
					<control type="label" id="13">
						<description>Spacer</description>
						<width min="0" max="200">auto</width>
						<font>font21</font>
						<label> - </label>
					</control>
					<control type="label" id="12">
						<description>Label</description>
						<width min="0" max="200">auto</width>
						<font>font21</font>
						<label>-</label>
					</control>
				</control>
				<control type="slider" id="11">
					<description>Slider</description>
					<posx>75</posx>
					<posy>52</posy>
					<width>250</width>
					<height>20</height>
					<onup>noop</onup>
					<ondown>Close</ondown>
					<onleft>11</onleft>
					<onright>11</onright>
					<texturesliderbar>osd/osd_slider_bg.png</texturesliderbar>
					<textureslidernib border="1">osd/osd_slider_nibNF.png</textureslidernib>
					<textureslidernibfocus border="1">osd/osd_slider_nib.png</textureslidernibfocus>
				</control>
				<control type="label">
					<description>Label</description>
					<posx>25</posx>
					<posy>70</posy>
					<width>350</width>
					<height>44</height>
					<font>font21</font>
					<label>31061</label>
					<align>center</align>
					<aligny>center</aligny>
					<textcolor>yellow</textcolor>
					<visible>Skin.HasSetting(RemoteCloseMessage)</visible>
				</control>
				<control type="button">
					<posx>25</posx>
					<posy>70</posy>
					<width>350</width>
					<height>44</height>
					<font>font21</font>
					<label>31060</label>
					<align>center</align>
					<textcolor>yellow</textcolor>
					<focusedcolor>red</focusedcolor>
					<texturefocus>-</texturefocus>
					<texturenofocus>-</texturenofocus>
					<onclick>Close</onclick>
					<visible>Skin.HasSetting(MouseCloseMessage)</visible>
				</control>
			</control>
		</control>
	</controls>
</window>
