<window>
	<animation effect="fade" time="400">WindowOpen</animation>
	<animation effect="fade" time="400">WindowClose</animation>
	<coordinates>
		<posx>8</posx>
		<posy>10</posy>
	</coordinates>
	<controls>
		<control type="image">
			<posx>0</posx>
			<posy>0</posy>
			<width>500</width>
			<height>90</height>
			<texture>backgrounds/notification_background.png</texture>
		</control>
		<control type="label" id="401">
			<description>Song Number Label</description>
			<posx>15</posx>
			<posy>12</posy>
			<font>font21b</font>
			<textcolor>white</textcolor>
			<width>470</width>
			<height>20</height>
			<aligny>center</aligny>
			<align>left</align>
		</control>
		<control type="label" id="402">
			<description>Song Name Label</description>
			<posx>15</posx>
			<posy>44</posy>
			<font>font21</font>
			<textcolor>green</textcolor>
			<haspath>yes</haspath>
			<width>470</width>
			<height>20</height>
			<aligny>center</aligny>
			<align>left</align>
		</control>
	</controls>
</window>