<window>
	<defaultcontrol always="true">996</defaultcontrol>
	<include>Window_OpenClose_Animation</include>
	<coordinates>
		<origin x="0" y="0"/>
	</coordinates>
	<controls>
		<include>Dialog_Popup_Background</include>
		<control type="group">
			<posx>465</posx>
			<posy>102</posy>
			<control type="image" id="999">
				<description>background image</description>
				<posx>0</posx>
				<posy>0</posy>
				<width>350</width>
				<height>656</height>
				<texture border="0,22,0,22">menu/context_menu_back.png</texture>
			</control>
			<control type="grouplist" id="996">
				<description>grouplist for context buttons</description>
				<posx>0</posx>
				<posy>20</posy>
				<width>350</width>
				<onup>996</onup>
				<height max="616">auto</height>
				<itemgap>0</itemgap>
				<control type="button" id="990">
					<posx>0</posx>
					<posy>0</posy>
					<width>350</width>
					<height>44</height>
					<font>font21</font>
					<align>center</align>
					<label>20410</label>
					<textcolor>white</textcolor>
					<focusedcolor>black</focusedcolor>
					<onleft>Close</onleft>
					<textoffsetx>25</textoffsetx>
					<texturenofocus>menu/context_menu_no_focus.png</texturenofocus>
					<texturefocus>menu/context_menu_focus.png</texturefocus>
					<onclick>XBMC.PlayMedia($ESCINFO[ListItem.Trailer],noresume)</onclick>
					<visible>!IsEmpty(ListItem.Trailer)</visible>
				</control>
				<control type="button" id="1000">
					<description>button template</description>
					<posx>0</posx>
					<posy>0</posy>
					<width>350</width>
					<height>44</height>
					<align>center</align>
					<font>font21</font>
					<textcolor>white</textcolor>
					<focusedcolor>black</focusedcolor>
					<onleft>Close</onleft>
					<textoffsetx>25</textoffsetx>
					<texturenofocus>menu/context_menu_no_focus.png</texturenofocus>
					<texturefocus>menu/context_menu_focus.png</texturefocus>
					<pulseonselect>false</pulseonselect>
				</control>
				<control type="button" id="1031">
					<posx>0</posx>
					<posy>0</posy>
					<width>350</width>
					<height>44</height>
					<font>font21</font>
					<label>31062</label>
					<textcolor>yellow</textcolor>
					<textoffsetx>25</textoffsetx>
					<texturenofocus>menu/context_menu_extra_button.png</texturenofocus>
					<texturefocus>menu/context_menu_extra_button.png</texturefocus>
					<visible>Skin.HasSetting(RemoteCloseMessage)</visible>
				</control>
				<control type="button" id="1032">
					<posx>0</posx>
					<posy>0</posy>
					<width>350</width>
					<height>44</height>
					<font>font21</font>
					<label>31060</label>
					<textcolor>yellow</textcolor>
					<focusedcolor>red</focusedcolor>
					<textoffsetx>25</textoffsetx>
					<texturenofocus>menu/context_menu_extra_button.png</texturenofocus>
					<texturefocus>menu/context_menu_extra_button.png</texturefocus>
					<onclick>Close</onclick>
					<visible>Skin.HasSetting(MouseCloseMessage)</visible>
				</control>
			</control>
		</control>
	</controls>
</window>