<window>
	<defaultcontrol always="true">20</defaultcontrol>
	<allowoverlay>no</allowoverlay>
	<controls>
		<include>Dialog_Popup_Background</include>
		<control type="group">
			<include>Dialog_Popup_Animation</include>
			<posx>190</posx>
			<posy>30</posy>
			<control type="image">
				<posx>0</posx>
				<posy>0</posy>
				<width>900</width>
				<height>660</height>
				<texture>backgrounds/vis_background.png</texture>
			</control>
			<control type="label">
				<description>header label</description>
				<posx>40</posx>
				<posy>20</posy>
				<width>820</width>
				<height>30</height>
				<font>light28</font>
				<label>$LOCALIZE[19199] - $LOCALIZE[19023]</label>
				<align>left</align>
				<aligny>center</aligny>
				<visible>IsEmpty(Window.Property(IsRadio))</visible>
			</control>
			<control type="label">
				<description>header label</description>
				<posx>40</posx>
				<posy>20</posy>
				<width>820</width>
				<height>30</height>
				<font>light28</font>
				<label>$LOCALIZE[19199] - $LOCALIZE[19024]</label>
				<align>left</align>
				<aligny>center</aligny>
				<visible>!IsEmpty(Window.Property(IsRadio))</visible>
			</control>
			<control type="group">
				<posx>20</posx>
				<posy>70</posy>
				<control type="scrollbar" id="60">
					<visible>!system.getbool(input.enablemouse)</visible>
					<posx>0</posx>
					<posy>5</posy>
					<width>12</width>
					<height>514</height>
					<texturesliderbackground border="0,8,0,8">icons/scrollbar_vertical_bg.png</texturesliderbackground>
					<texturesliderbar border="4,8,4,8">icons/scrollbar_vertical_nib.png</texturesliderbar>
					<texturesliderbarfocus border="4,8,4,8">icons/scrollbar_vertical_nib_on.png</texturesliderbarfocus>
					<onleft>9002</onleft>
					<onright>20</onright>
					<showonepage>false</showonepage>
					<orientation>vertical</orientation>
				</control>
				<control type="group">
					<visible>system.getbool(input.enablemouse) + IntegerGreaterThan(Container(20).NumPages,1)</visible>
					<control type="button">
						<posx>0</posx>
						<posy>5</posy>
						<width>24</width>
						<height>24</height>
						<onclick>PageUp(60)</onclick>
						<texturefocus>icons/settings_arrow_button_up.png</texturefocus>
						<texturenofocus>icons/scroll_up.png</texturenofocus>
					</control>
					<control type="scrollbar" id="60">
						<description>scroll bar indicator for lists</description>
						<posx>0</posx>
						<posy>35</posy>
						<width>12</width>
						<height>454</height>
						<texturesliderbackground border="0,8,0,8">icons/scrollbar_vertical_bg.png</texturesliderbackground>
						<texturesliderbar border="4,8,4,8">icons/scrollbar_vertical_nib.png</texturesliderbar>
						<texturesliderbarfocus border="4,8,4,8">icons/scrollbar_vertical_nib_on.png</texturesliderbarfocus>
						<onleft>9002</onleft>
						<onright>20</onright>
						<showonepage>false</showonepage>
						<orientation>vertical</orientation>
					</control>
					<control type="button">
						<posx>0</posx>
						<posy>495</posy>
						<width>24</width>
						<height>24</height>
						<onclick>PageDown(60)</onclick>
						<texturefocus>icons/settings_arrow_button_down.png</texturefocus>
						<texturenofocus>icons/scroll_down.png</texturenofocus>
					</control>
				</control>
				<control type="list" id="20">
					<posx>30</posx>
					<posy>5</posy>
					<width>420</width>
					<height>506</height>
					<onup>20</onup>
					<ondown>20</ondown>
					<onleft>60</onleft>
					<onright>9002</onright>
					<pagecontrol>60</pagecontrol>
					<scrolltime>200</scrolltime>
					<itemlayout height="44" width="420">
						<control type="image">
							<width>420</width>
							<height>44</height>
							<texture>views/line_frame_device_black.png</texture>
						</control>
						<control type="label">
							<posx>15</posx>
							<posy>0</posy>
							<width>365</width>
							<height>44</height>
							<font>font21</font>
							<align>left</align>
							<aligny>center</aligny>
							<selectedcolor>blue</selectedcolor>
							<label>$INFO[ListItem.Property(Number),(,) - ]$INFO[ListItem.Property(Name)]</label>
							<visible>ListItem.Property(ActiveChannel)</visible>
						</control>
						<control type="label">
							<posx>15</posx>
							<posy>0</posy>
							<width>365</width>
							<height>44</height>
							<font>font21</font>
							<align>left</align>
							<aligny>center</aligny>
							<textcolor>medgrey</textcolor>
							<selectedcolor>blue</selectedcolor>
							<label>$INFO[ListItem.Property(Number),(,) - ]$INFO[ListItem.Property(Name)]</label>
							<visible>!ListItem.Property(ActiveChannel)</visible>
						</control>
						<control type="image">
							<posx>348</posx>
							<posy>11</posy>
							<width>20</width>
							<height>20</height>
							<texture>OverlayWatched.png</texture>
							<visible>ListItem.Property(Changed)</visible>
						</control>
						<control type="image">
							<posx>378</posx>
							<posy>2</posy>
							<width>40</width>
							<height>40</height>
							<texture fallback="DefaultVideo.png">$INFO[ListItem.Icon]</texture>
							<visible>IsEmpty(Window.Property(IsRadio))</visible>
						</control>
						<control type="image">
							<posx>378</posx>
							<posy>2</posy>
							<width>40</width>
							<height>40</height>
							<texture fallback="DefaultAudio.png">$INFO[ListItem.Icon]</texture>
							<visible>!IsEmpty(Window.Property(IsRadio))</visible>
						</control>
					</itemlayout>
					<focusedlayout height="66" width="420">
						<control type="image">
							<posx>0</posx>
							<posy>0</posy>
							<width>420</width>
							<height>66</height>
							<texture>views/line_frame_device_white.png</texture>
							<animation effect="fade" start="100" end="80" time="0" condition="!Control.HasFocus(20)">conditional</animation>
						</control>
						<control type="label">
							<posx>15</posx>
							<posy>0</posy>
							<width>365</width>
							<height>44</height>
							<font>font21</font>
							<align>left</align>
							<aligny>center</aligny>
							<textcolor>darkgrey</textcolor>
							<selectedcolor>blue</selectedcolor>
							<label>$INFO[ListItem.Property(Number),(,) - ]$INFO[ListItem.Property(Name)]</label>
							<visible>ListItem.Property(ActiveChannel)</visible>
						</control>
						<control type="label">
							<posx>15</posx>
							<posy>0</posy>
							<width>365</width>
							<height>44</height>
							<font>font21</font>
							<align>left</align>
							<aligny>center</aligny>
							<textcolor>medgrey</textcolor>
							<selectedcolor>blue</selectedcolor>
							<label>$INFO[ListItem.Property(Number),(,) - ]$INFO[ListItem.Property(Name)]</label>
							<visible>!ListItem.Property(ActiveChannel)</visible>
						</control>
						<control type="image">
							<posx>326</posx>
							<posy>11</posy>
							<width>20</width>
							<height>20</height>
							<texture>OverlayWatched.png</texture>
							<visible>ListItem.Property(Changed)</visible>
						</control>
						<control type="image">
							<posx>356</posx>
							<posy>2</posy>
							<width>62</width>
							<height>62</height>
							<texture fallback="DefaultVideo.png">$INFO[ListItem.Icon]</texture>
							<visible>IsEmpty(Window.Property(IsRadio))</visible>
						</control>
						<control type="image">
							<posx>356</posx>
							<posy>2</posy>
							<width>62</width>
							<height>62</height>
							<texture fallback="DefaultAudio.png">$INFO[ListItem.Icon]</texture>
							<visible>!IsEmpty(Window.Property(IsRadio))</visible>
						</control>
						<control type="label">
							<posx>15</posx>
							<posy>32</posy>
							<width>328</width>
							<height>30</height>
							<font>font18</font>
							<align>left</align>
							<aligny>center</aligny>
							<textcolor>medgrey</textcolor>
							<selectedcolor>blue</selectedcolor>
							<label>$LOCALIZE[19210]: $INFO[ListItem.Property(ClientName)]</label>
						</control>
					</focusedlayout>
				</control>
			</control>
			<control type="group" id="9002">
				<control type="group">
					<posx>490</posx>
					<posy>70</posy>
					<control type="label">
						<description>channel options Header</description>
						<posx>0</posx>
						<posy>0</posy>
						<width>380</width>
						<height>20</height>
						<font>font21</font>
						<label>31164</label>
						<align>left</align>
						<aligny>center</aligny>
						<textcolor>green</textcolor>
					</control>
					<control type="radiobutton" id="7">
						<description>Channel activated</description>
						<posx>0</posx>
						<posy>44</posy>
						<width>380</width>
						<height>44</height>
						<font>font21</font>
						<textcolor>white</textcolor>
						<focusedcolor>black</focusedcolor>
						<disabledcolor>disabled</disabledcolor>
						<texturefocus>views/line_frame_device_white.png</texturefocus>
						<texturenofocus>views/line_frame_device_black.png</texturenofocus>
						<textoffsetx>20</textoffsetx>
						<textureradiofocus>icons/settings_radio_button_selected.png</textureradiofocus>
						<textureradionofocus>icons/settings_radio_button.png</textureradionofocus>
						<pulseonselect>false</pulseonselect>
						<radioposy>9</radioposy>
						<radiowidth>26</radiowidth>
						<radioheight>26</radioheight>
						<label>19074</label>
						<onleft>20</onleft>
						<onright>60</onright>
						<onup>9000</onup>
						<ondown>8</ondown>
					</control>
					<control type="edit" id="8">
						<description>Channel name</description>
						<posx>0</posx>
						<posy>88</posy>
						<width>380</width>
						<height>44</height>
						<font>font21</font>
						<aligny>center</aligny>
						<textcolor>white</textcolor>
						<focusedcolor>black</focusedcolor>
						<textoffsetx>20</textoffsetx>
						<pulseonselect>no</pulseonselect>
						<texturefocus>views/line_frame_device_white.png</texturefocus>
						<texturenofocus>views/line_frame_device_black.png</texturenofocus>
						<label>19201</label>
						<onright>60</onright>
						<onleft>20</onleft>
						<onup>7</onup>
						<ondown>9</ondown>
					</control>
					<control type="button" id="9">
						<description>Channel logo Button</description>
						<posx>0</posx>
						<posy>132</posy>
						<width>380</width>
						<height>44</height>
						<font>font21</font>
						<aligny>center</aligny>
						<textcolor>white</textcolor>
						<focusedcolor>black</focusedcolor>
						<texturefocus>views/line_frame_device_white.png</texturefocus>
						<texturenofocus>views/line_frame_device_black.png</texturenofocus>
						<label>19202</label>
						<onleft>20</onleft>
						<onright>60</onright>
						<onup>8</onup>
						<ondown>12</ondown>
					</control>
					<control type="image" id="10">
						<description>Current Channel Icon</description>
						<posx>340</posx>
						<posy>136</posy>
						<width>36</width>
						<height>36</height>
						<aspectratio>keep</aspectratio>
						<info>ListItem.Property(Icon)</info>
					</control>
					<control type="radiobutton" id="12">
						<description>EPG activated</description>
						<posx>0</posx>
						<posy>176</posy>
						<width>380</width>
						<height>44</height>
						<font>font21</font>
						<textcolor>white</textcolor>
						<focusedcolor>black</focusedcolor>
						<disabledcolor>disabled</disabledcolor>
						<texturefocus>views/line_frame_device_white.png</texturefocus>
						<texturenofocus>views/line_frame_device_black.png</texturenofocus>
						<textoffsetx>20</textoffsetx>
						<textureradiofocus>icons/settings_radio_button_selected.png</textureradiofocus>
						<textureradionofocus>icons/settings_radio_button.png</textureradionofocus>
						<pulseonselect>false</pulseonselect>
						<radioposy>9</radioposy>
						<radiowidth>26</radiowidth>
						<radioheight>26</radioheight>
						<label>19206</label>
						<onleft>20</onleft>
						<onright>60</onright>
						<onup>9</onup>
						<ondown>13</ondown>
					</control>
					<control type="spincontrolex" id="13">
						<description>EPG source</description>
						<posx>0</posx>
						<posy>220</posy>
						<width>380</width>
						<height>44</height>
						<texturefocus>views/line_frame_device_white.png</texturefocus>
						<texturenofocus>views/line_frame_device_black.png</texturenofocus>
						<textureup>icons/scroll_up.png</textureup>
						<texturedown>icons/scroll_down.png</texturedown>
						<textureupfocus>icons/settings_arrow_button_up.png</textureupfocus>
						<texturedownfocus>icons/settings_arrow_button_down.png</texturedownfocus>
						<font>font21</font>
						<textcolor>white</textcolor>
						<focusedcolor>black</focusedcolor>
						<disabledcolor>disabled</disabledcolor>
						<textoffsetx>20</textoffsetx>
						<aligny>center</aligny>
						<reverse>yes</reverse>
						<pulseonselect>false</pulseonselect>
						<label>19200</label>
						<onright>60</onright>
						<onleft>20</onleft>
						<onup>12</onup>
						<ondown>30</ondown>
					</control>
				</control>
				<control type="group">
					<posx>490</posx>
					<posy>360</posy>
					<control type="label">
						<description>channel options Header</description>
						<posx>0</posx>
						<posy>0</posy>
						<width>380</width>
						<height>20</height>
						<font>font21</font>
						<label>31165</label>
						<align>left</align>
						<aligny>center</aligny>
						<textcolor>green</textcolor>
						<shadowcolor>black</shadowcolor>
					</control>
					<control type="button" id="30">
						<description>Group Manager Button</description>
						<posx>0</posx>
						<posy>44</posy>
						<width>190</width>
						<height>44</height>
						<font>font21</font>
						<aligny>center</aligny>
						<textcolor>white</textcolor>
						<focusedcolor>black</focusedcolor>
						<texturefocus>views/line_frame_device_white.png</texturefocus>
						<texturenofocus>views/line_frame_device_black.png</texturenofocus>
						<label>19205</label>
						<onleft>20</onleft>
						<onright>34</onright>
						<onup>13</onup>
						<ondown>31</ondown>
					</control>
					<control type="button" id="34">
						<description>TV/Radio Button</description>
						<posx>195</posx>
						<posy>44</posy>
						<width>185</width>
						<height>44</height>
						<font>font21</font>
						<visible>IsEmpty(Window.Property(IsRadio))</visible>
						<aligny>center</aligny>
						<textcolor>white</textcolor>
						<focusedcolor>black</focusedcolor>
						<texturefocus>views/line_frame_device_white.png</texturefocus>
						<texturenofocus>views/line_frame_device_black.png</texturenofocus>
						<label>19024</label>
						<onleft>30</onleft>
						<onright>60</onright>
						<onup>13</onup>
						<ondown>31</ondown>
					</control>
					<control type="button" id="34">
						<description>TV/Radio Button</description>
						<posx>195</posx>
						<posy>44</posy>
						<width>185</width>
						<height>44</height>
						<font>font21</font>
						<visible>!IsEmpty(Window.Property(IsRadio))</visible>
						<aligny>center</aligny>
						<textcolor>white</textcolor>
						<focusedcolor>black</focusedcolor>
						<texturefocus>views/line_frame_device_white.png</texturefocus>
						<texturenofocus>views/line_frame_device_black.png</texturenofocus>
						<label>19023</label>
						<onleft>30</onleft>
						<onright>60</onright>
						<onup>13</onup>
						<ondown>31</ondown>
					</control>
					<control type="button" id="31">
						<description>Edit channel Button</description>
						<posx>0</posx>
						<posy>88</posy>
						<width>380</width>
						<height>44</height>
						<font>font21</font>
						<aligny>center</aligny>
						<textcolor>white</textcolor>
						<focusedcolor>black</focusedcolor>
						<texturefocus>views/line_frame_device_white.png</texturefocus>
						<texturenofocus>views/line_frame_device_black.png</texturenofocus>
						<label>19203</label>
						<onleft>20</onleft>
						<onright>60</onright>
						<onup>30</onup>
						<ondown>32</ondown>
					</control>
					<control type="button" id="32">
						<description>Delete channel Button</description>
						<posx>0</posx>
						<posy>132</posy>
						<width>380</width>
						<height>44</height>
						<font>font21</font>
						<aligny>center</aligny>
						<textcolor>white</textcolor>
						<focusedcolor>black</focusedcolor>
						<texturefocus>views/line_frame_device_white.png</texturefocus>
						<texturenofocus>views/line_frame_device_black.png</texturenofocus>
						<label>19211</label>
						<onleft>20</onleft>
						<onright>60</onright>
						<onup>31</onup>
						<ondown>33</ondown>
					</control>
					<control type="button" id="33">
						<description>New channel Button</description>
						<posx>0</posx>
						<posy>176</posy>
						<width>380</width>
						<height>44</height>
						<font>font21</font>
						<aligny>center</aligny>
						<textcolor>white</textcolor>
						<focusedcolor>black</focusedcolor>
						<texturefocus>views/line_frame_device_white.png</texturefocus>
						<texturenofocus>views/line_frame_device_black.png</texturenofocus>
						<label>19204</label>
						<onleft>20</onleft>
						<onright>60</onright>
						<onup>32</onup>
						<ondown>9000</ondown>
					</control>
				</control>
			</control>
			<control type="grouplist" id="9000">
				<posx>30</posx>
				<posy>606</posy>
				<width>500</width>
				<height>33</height>
				<onup>33</onup>
				<itemgap>10</itemgap>
				<orientation>horizontal</orientation>
				<control type="button" id="6">
					<description>Cancel Button</description>
					<width>33</width>
					<height>33</height>
					<texturefocus>icons/icon_cancel_on.png</texturefocus>
					<texturenofocus>icons/icon_cancel.png</texturenofocus>
					<font>-</font>
					<hitrect x="0" y="0" w="100" h="33" />
				</control>
				<control type="label" id="40">
					<visible>!Control.HasFocus(6)</visible>
					<width min="0" max="200">auto</width>
					<height>33</height>
					<label>222</label>
					<font>font23</font>
					<textcolor>grey</textcolor>
				</control>
				<control type="label" id="41">
					<visible>Control.HasFocus(6)</visible>
					<width min="0" max="200">auto</width>
					<height>33</height>
					<label>222</label>
					<font>font23</font>
					<textcolor>green</textcolor>
				</control>
				<control type="label" id="42">
					<width>4</width>
					<height>33</height>
				</control>
				<control type="button" id="5">
					<description>Default Button</description>
					<width>33</width>
					<height>33</height>
					<texturenofocus>buttons/info_settings.png</texturenofocus>
					<texturefocus>buttons/info_settings_on.png</texturefocus>
					<font>-</font>
					<hitrect x="0" y="0" w="240" h="33" />
				</control>
				<control type="label" id="43">
					<visible>!Control.HasFocus(5)</visible>
					<width min="0" max="240">auto</width>
					<height>33</height>
					<label>14070</label>
					<font>font23</font>
					<textcolor>grey</textcolor>
				</control>
				<control type="label" id="44">
					<visible>Control.HasFocus(5)</visible>
					<width min="0" max="240">auto</width>
					<height>33</height>
					<label>14070</label>
					<font>font23</font>
					<textcolor>green</textcolor>
				</control>
				<control type="label" id="45">
					<width>4</width>
					<height>33</height>
				</control>
				<control type="button" id="4">
					<description>OK Button</description>
					<width>33</width>
					<height>33</height>
					<texturefocus>icons/icon_ok_on.png</texturefocus>
					<texturenofocus>icons/icon_ok.png</texturenofocus>
					<font>-</font>
					<hitrect x="0" y="0" w="100" h="33" />
				</control>
				<control type="label" id="46">
					<visible>!Control.HasFocus(4)</visible>
					<width min="0" max="200">auto</width>
					<height>33</height>
					<label>186</label>
					<font>font23</font>
					<textcolor>grey</textcolor>
				</control>
				<control type="label" id="47">
					<visible>Control.HasFocus(4)</visible>
					<width min="0" max="200">auto</width>
					<height>33</height>
					<label>186</label>
					<font>font23</font>
					<textcolor>green</textcolor>
				</control>
			</control>
		</control>
	</controls>
</window>