<window>
	<defaultcontrol always="true">450</defaultcontrol>
	<allowoverlay>no</allowoverlay>
	<controls>
		<include>Dialog_Popup_Background</include>
		<control type="group">
			<include>Dialog_Popup_Animation</include>
			<posx>190</posx>
			<posy>156</posy>
			<control type="image">
				<description>dialog background</description>
				<posx>0</posx>
				<posy>0</posy>
				<width>900</width>
				<height>520</height>
				<texture>backgrounds/background.png</texture>
			</control>
			<control type="label" id="411">
				<description>heading label</description>
				<posx>25</posx>
				<posy>30</posy>
				<width>650</width>
				<height>30</height>
				<align>left</align>
				<aligny>center</aligny>
				<font>light28</font>
				<label>424</label>
				<textcolor>green</textcolor>
			</control>
			<control type="label" id="412">
				<description>path Label</description>
				<posx>25</posx>
				<posy>70</posy>
				<width>650</width>
				<height>20</height>
				<font>font23</font>
				<aligny>center</aligny>
				<align>left</align>
				<textcolor>green</textcolor>
				<haspath>true</haspath>
			</control>
			<control type="scrollbar" id="60">
				<description>scroll bar indicator for lists</description>
				<visible>Control.IsVisible(450)</visible>
				<posx>578</posx>
				<posy>110</posy>
				<width>12</width>
				<height>396</height>
				<onleft>450</onleft>
				<onright>9000</onright>
				<texturesliderbackground border="0,8,0,8">icons/scrollbar_vertical_bg.png</texturesliderbackground>
				<texturesliderbar border="4,8,4,8">icons/scrollbar_vertical_nib.png</texturesliderbar>
				<texturesliderbarfocus border="4,8,4,8">icons/scrollbar_vertical_nib_on.png</texturesliderbarfocus>
				<textureslidernib>-</textureslidernib>
				<textureslidernibfocus>-</textureslidernibfocus>
				<orientation>vertical</orientation>
				<showonepage>false</showonepage>
			</control>
			<control type="scrollbar" id="61">
				<description>scroll bar indicator for lists</description>
				<visible>Control.IsVisible(451)</visible>
				<posx>578</posx>
				<posy>110</posy>
				<width>12</width>
				<height>400</height>
				<onleft>451</onleft>
				<onright>9000</onright>
				<texturesliderbackground border="0,8,0,8">icons/scrollbar_vertical_bg.png</texturesliderbackground>
				<texturesliderbar border="4,8,4,8">icons/scrollbar_vertical_nib.png</texturesliderbar>
				<texturesliderbarfocus border="4,8,4,8">icons/scrollbar_vertical_nib_on.png</texturesliderbarfocus>
				<textureslidernib>-</textureslidernib>
				<textureslidernibfocus>-</textureslidernibfocus>
				<orientation>vertical</orientation>
				<showonepage>false</showonepage>
			</control>
			<control type="list" id="450">
				<posx>25</posx>
				<posy>110</posy>
				<height>396</height>
				<width>550</width>
				<onleft>noop</onleft>
				<onright>60</onright>
				<onup>noop</onup>
				<ondown>noop</ondown>
				<pagecontrol>60</pagecontrol>
				<scrolltime>200</scrolltime>
				<itemlayout width="550" height="44">
					<control type="image">
						<posx>0</posx>
						<posy>0</posy>
						<width>550</width>
						<height>44</height>
						<texture>views/line_frame_device_black.png</texture>
					</control>
					<control type="image">
						<posx>0</posx>
						<posy>0</posy>
						<width>44</width>
						<height>44</height>
						<info>ListItem.Icon</info>
					</control>
					<control type="label">
						<posx>50</posx>
						<posy>0</posy>
						<width>480</width>
						<height>44</height>
						<font>font21</font>
						<aligny>center</aligny>
						<selectedcolor>blue</selectedcolor>
						<align>left</align>
						<info>ListItem.Label</info>
					</control>
				</itemlayout>
				<focusedlayout width="550" height="44">
					<control type="image">
						<posx>0</posx>
						<posy>0</posy>
						<width>550</width>
						<height>44</height>
						<texture>views/line_frame_device_black.png</texture>
					</control>
					<control type="image">
						<posx>0</posx>
						<posy>0</posy>
						<width>550</width>
						<height>44</height>
						<texture>views/line_frame_device_white.png</texture>
						<visible>Control.HasFocus(450)</visible>
					</control>
					<control type="image">
						<posx>0</posx>
						<posy>0</posy>
						<width>550</width>
						<height>44</height>
						<texture>views/line_frame_device_white.png</texture>
						<visible>!Control.HasFocus(450)</visible>
						<colordiffuse>grey</colordiffuse>
					</control>
					<control type="image">
						<posx>0</posx>
						<posy>0</posy>
						<width>44</width>
						<height>44</height>
						<info>ListItem.Icon</info>
						<colordiffuse>black</colordiffuse>
					</control>
					<control type="label">
						<posx>50</posx>
						<posy>0</posy>
						<width>480</width>
						<height>44</height>
						<font>font21</font>
						<aligny>center</aligny>
						<textcolor>black</textcolor>
						<selectedcolor>blue</selectedcolor>
						<align>left</align>
						<info>ListItem.Label</info>
					</control>
				</focusedlayout>
			</control>
			<control type="panel" id="451">
				<posx>25</posx>
				<posy>110</posy>
				<height>400</height>
				<width>550</width>
				<onleft>noop</onleft>
				<onright>61</onright>
				<onup>noop</onup>
				<ondown>noop</ondown>
				<pagecontrol>61</pagecontrol>
				<scrolltime>200</scrolltime>
				<itemlayout width="550" height="80">
					<control type="image">
						<posx>0</posx>
						<posy>0</posy>
						<width>550</width>
						<height>80</height>
						<texture>views/line_frame_device_black.png</texture>
					</control>
					<control type="image">
						<posx>6</posx>
						<posy>6</posy>
						<width>138</width>
						<height>68</height>
						<info>ListItem.Art(thumb)</info>
						<bordersize>4</bordersize>
						<bordertexture>views/info_cover_border.png</bordertexture>
						<aspectratio align="left">keep</aspectratio>
						<visible>!IsEmpty(ListItem.Art(thumb))</visible>
					</control>
					<control type="image">
						<posx>6</posx>
						<posy>6</posy>
						<width>138</width>
						<height>68</height>
						<info>ListItem.Icon</info>
						<aspectratio align="left">keep</aspectratio>
						<visible>IsEmpty(ListItem.Art(thumb))</visible>
					</control>
					<control type="label">
						<posx>160</posx>
						<posy>0</posy>
						<width>380</width>
						<height>80</height>
						<font>font21</font>
						<aligny>center</aligny>
						<selectedcolor>blue</selectedcolor>
						<align>left</align>
						<info>ListItem.Label</info>
					</control>
				</itemlayout>
				<focusedlayout width="550" height="80">
					<control type="image">
						<posx>0</posx>
						<posy>0</posy>
						<width>550</width>
						<height>80</height>
						<texture>views/line_frame_device_black.png</texture>
					</control>
					<control type="image">
						<posx>0</posx>
						<posy>0</posy>
						<width>550</width>
						<height>80</height>
						<texture>views/line_frame_device_white.png</texture>
						<visible>Control.HasFocus(451)</visible>
					</control>
					<control type="image">
						<posx>0</posx>
						<posy>0</posy>
						<width>550</width>
						<height>80</height>
						<texture>views/line_frame_device_white.png</texture>
						<visible>!Control.HasFocus(451)</visible>
						<colordiffuse>grey</colordiffuse>
					</control>
					<control type="image">
						<posx>6</posx>
						<posy>6</posy>
						<width>138</width>
						<height>68</height>
						<info>ListItem.Art(thumb)</info>
						<bordersize>4</bordersize>
						<bordertexture>views/info_cover_border.png</bordertexture>
						<aspectratio align="left">keep</aspectratio>
						<visible>!IsEmpty(ListItem.Art(thumb))</visible>
					</control>
					<control type="image">
						<posx>6</posx>
						<posy>6</posy>
						<width>138</width>
						<height>68</height>
						<info>ListItem.Icon</info>
						<aspectratio align="left">keep</aspectratio>
						<visible>IsEmpty(ListItem.Art(thumb))</visible>
					</control>
					<control type="label">
						<posx>160</posx>
						<posy>0</posy>
						<width>380</width>
						<height>80</height>
						<font>font21</font>
						<aligny>center</aligny>
						<textcolor>black</textcolor>
						<selectedcolor>blue</selectedcolor>
						<align>left</align>
						<info>ListItem.Label</info>
					</control>
				</focusedlayout>
			</control>
			<control type="group" id="9000">
				<defaultcontrol always="true">413</defaultcontrol>
				<posx>600</posx>
				<posy>110</posy>
				<height>310</height>
				<width>280</width>
				<control type="button" id="413">
					<posx>0</posx>
					<posy>0</posy>
					<width>33</width>
					<height>33</height>
					<align>left</align>
					<aligny>top</aligny>
					<textoffsetx>40</textoffsetx>
					<textoffsety>0</textoffsety>
					<textcolor>grey</textcolor>
					<focusedcolor>green</focusedcolor>
					<texturefocus>icons/icon_ok_on.png</texturefocus>
					<texturenofocus>icons/icon_ok.png</texturenofocus>
					<font>font23</font>
					<label>186</label>
					<onup>noop</onup>
					<ondown>414</ondown>
					<onleft>450</onleft>
					<onright>noop</onright>
					<onclick>noop</onclick>
					<hitrect x="0" y="0" w="240" h="33" />
				</control>
				<control type="label">
					<visible>Control.HasFocus(413)</visible>
					<posx>40</posx>
					<posy>0</posy>
					<width>240</width>
					<height>33</height>
					<label>186</label>
					<font>font23</font>
					<textcolor>green</textcolor>
				</control>
				<control type="button" id="414">
					<posx>0</posx>
					<posy>50</posy>
					<width>33</width>
					<height>33</height>
					<align>left</align>
					<aligny>top</aligny>
					<textoffsetx>40</textoffsetx>
					<textoffsety>0</textoffsety>
					<textcolor>grey</textcolor>
					<focusedcolor>green</focusedcolor>
					<texturefocus>icons/icon_cancel_on.png</texturefocus>
					<texturenofocus>icons/icon_cancel.png</texturenofocus>
					<font>font23</font>
					<label>222</label>
					<onup>413</onup>
					<ondown>415</ondown>
					<onleft>450</onleft>
					<onright>noop</onright>
					<onclick>noop</onclick>
					<hitrect x="0" y="50" w="240" h="33" />
				</control>
				<control type="label">
					<visible>Control.HasFocus(414)</visible>
					<posx>40</posx>
					<posy>50</posy>
					<width>240</width>
					<height>33</height>
					<label>222</label>
					<font>font23</font>
					<textcolor>green</textcolor>
				</control>
				<control type="button" id="415">
					<posx>0</posx>
					<posy>100</posy>
					<width>33</width>
					<height>33</height>
					<align>left</align>
					<aligny>top</aligny>
					<textoffsetx>40</textoffsetx>
					<textoffsety>0</textoffsety>
					<textcolor>grey</textcolor>
					<focusedcolor>green</focusedcolor>
					<texturefocus>icons/media_action_icon_browse_on.png</texturefocus>
					<texturenofocus>icons/media_action_icon_browse.png</texturenofocus>
					<font>font23</font>
					<label>119</label>
					<onup>414</onup>
					<ondown>416</ondown>
					<onleft>450</onleft>
					<onright>noop</onright>
					<onclick>noop</onclick>
					<hitrect x="0" y="100" w="240" h="33" />
				</control>
				<control type="label">
					<visible>Control.HasFocus(415)</visible>
					<posx>40</posx>
					<posy>100</posy>
					<width>240</width>
					<height>33</height>
					<label>119</label>
					<font>font23</font>
					<textcolor>green</textcolor>
				</control>
				<control type="radiobutton" id="416">
					<posx>0</posx>
					<posy>150</posy>
					<width>33</width>
					<height>33</height>
					<align>left</align>
					<aligny>top</aligny>
					<textoffsetx>40</textoffsetx>
					<textoffsety>0</textoffsety>
					<textcolor>grey</textcolor>
					<focusedcolor>green</focusedcolor>
					<textureradiofocus>-</textureradiofocus>
					<textureradionofocus>-</textureradionofocus>
					<texturefocus>button_image_flip_on.png</texturefocus>
					<texturenofocus>button_image_flip.png</texturenofocus>
					<font>font23</font>
					<label>749</label>
					<onup>415</onup>
					<ondown>noop</ondown>
					<onleft>450</onleft>
					<onright>noop</onright>
					<onclick>noop</onclick>
					<visible>!IsEmpty(ListItem.Art(thumb)) + StringCompare(Control.GetLabel(411),$LOCALIZE[20437])</visible>
					<hitrect x="0" y="150" w="240" h="33" />
				</control>
				<control type="label">
					<visible>Control.HasFocus(416)</visible>
					<posx>40</posx>
					<posy>150</posy>
					<width>240</width>
					<height>33</height>
					<label>749</label>
					<font>font23</font>
					<textcolor>green</textcolor>
				</control>
				<control type="image">
					<description>Icon Image</description>
					<posx>0</posx>
					<posy>204</posy>
					<width>280</width>
					<height>196</height>
					<info>Container(451).ListItem.Art(thumb)</info>
					<bordersize>4</bordersize>
					<bordertexture>views/info_cover_border.png</bordertexture>
					<aspectratio align="center" aligny="bottom">keep</aspectratio>
					<visible>!IsEmpty(ListItem.Art(thumb)) + !SubString(Control.GetLabel(416),*)</visible>
				</control>
				<control type="image">
					<description>Flipped Icon Image</description>
					<posx>0</posx>
					<posy>204</posy>
					<width>280</width>
					<height>196</height>
					<texture flipx="true">$INFO[Container(451).ListItem.Art(thumb)]</texture>
					<bordersize>4</bordersize>
					<bordertexture>views/info_cover_border.png</bordertexture>
					<aspectratio align="center" aligny="bottom">keep</aspectratio>
					<visible>!IsEmpty(ListItem.Art(thumb)) + SubString(Control.GetLabel(416),*)</visible>
				</control>
			</control>
		</control>
	</controls>
</window>
