<window>
	<defaultcontrol always="true">9212</defaultcontrol>
	<allowoverlay>no</allowoverlay>
	<include condition="IsEmpty(Skin.String(Home_List_1)) + !Window.Previous(StartUp)">Home_Setup</include>
	<controls>
		<control type="label">
			<posx>-10</posx>
			<posy>-10</posy>
			<width>1</width>
			<height>1</height>
			<label>$INFO[Weather.Conditions]</label>
		</control>
		<include>Common_Background</include>
		<include condition="!Skin.HasSetting(AltHomeStyle)">DefaultHomeStyle</include>
		<include condition="Skin.HasSetting(AltHomeStyle)">AltHomeStyle</include>
	</controls>
</window>
