<includes>
	<include file="defaults.xml"/>
	<include file="includes_browse_menu.xml"/>
	<include file="includes_home_alt.xml"/>
	<include file="includes_home_default.xml"/>
	<include file="View_50_MediaLineView.xml"/>
	<include file="View_51_MediaThumbViewMediumPreview.xml"/>
	<include file="View_52_MediaThumbViewMedium.xml"/>
	<include file="View_53_MediaListView.xml"/>
	<include file="View_54_MediaBannerView.xml"/>
	<include file="View_55_MediaThumbViewLarge.xml"/>
	<include file="View_56_MediaBannerInfoView.xml"/>
	<include file="includes_tv_next.xml"/>
	<include file="Views_PVR.xml" />
	<include file="Variables.xml" />
	<include name="Window_OpenClose_Animation">
		<animation effect="fade" time="200">WindowOpen</animation>
		<animation effect="fade" time="200">WindowClose</animation>
	</include>
	<include name="Dialog_Popup_Background">
		<control type="image">
			<description>background image overlay</description>
			<animation type="WindowOpen">
				<effect type="fade" start="0" end="100" time="200" delay="0"/>
			</animation>
			<animation type="WindowClose">
				<effect type="fade" start="100" end="0" time="200" delay="0"/>
			</animation>
			<posx>0</posx>
			<posy>0</posy>
			<width>1280</width>
			<height>720</height>
			<texture>menu/submenu_overlay.png</texture>
		</control>
	</include>
	<include name="Dialog_Popup_Animation">
		<animation type="WindowOpen">
			<effect type="fade" start="0" end="100" time="200" delay="100"/>
		</animation>
		<animation type="WindowClose">
			<effect type="fade" start="100" end="0" time="200" delay="0"/>
		</animation>
	</include>
	<include name="Window_Fade_Animation">
		<animation type="WindowOpen">
			<effect type="fade" start="0" end="100" time="200"/>
		</animation>
		<animation type="WindowClose">
			<effect type="fade" start="100" end="0" time="200"/>
		</animation>
	</include>
	<include name="Main_Menu_Slide_Animation">
		<animation type="Conditional" condition="Window.IsVisible(custom_51_main_menu.xml)">
			<effect type="fade" start="100" end="90" time="180"/>
			<effect type="slide" start="0,0" end="224,0" time="120"/>
		</animation>
	</include>
	<include name="Main_Menu_Fade_Animation">
		<animation type="Conditional" condition="Window.IsVisible(custom_51_main_menu.xml)">
			<effect type="fade" start="100" end="50" time="180"/>
		</animation>
	</include>
	<include name="List_Item_Visible_Animation">
		<animation type="Visible">
			<effect type="fade" start="60" time="120"/>
			<effect type="zoom" start="99,99" center="auto" time="120" delay="60"/>
		</animation>
	</include>
	<include name="Common_Background">
		<control type="group">
			<animation effect="fade" start="0" end="100" time="600">Visible</animation>
			<control type="group">
				<visible>!Skin.HasSetting(EnableCustomBG) + !Skin.HasSetting(EnableCustomBGFolder)</visible>
				<control type="image">
					<visible>System.Time(03:00,09:00)</visible>
					<posx>0</posx>
					<posy>0</posy>
					<width>1280</width>
					<height>720</height>
					<texture flipx="true">backgrounds/background_dawn.png</texture>
				</control>
				<control type="image">
					<visible>System.Time(09:00,20:00)</visible>
					<posx>0</posx>
					<posy>0</posy>
					<width>1280</width>
					<height>720</height>
					<texture flipx="true">backgrounds/background_day.png</texture>
				</control>
				<control type="image">
					<visible>System.Time(20:00,03:00)</visible>
					<posx>0</posx>
					<posy>0</posy>
					<width>1280</width>
					<height>720</height>
					<texture flipx="true">backgrounds/background_dusk.png</texture>
				</control>
			</control>
			<control type="image">
				<visible>Skin.HasSetting(EnableCustomBG)</visible>
				<posx>0</posx>
				<posy>0</posy>
				<width>1280</width>
				<height>720</height>
				<info>Skin.String(CustomBG)</info>
				<aspectratio>scale</aspectratio>
			</control>
			<control type="multiimage">
				<visible>Skin.HasSetting(EnableCustomBGFolder)</visible>
				<posx>0</posx>
				<posy>0</posy>
				<width>1280</width>
				<height>720</height>
				<info>Skin.String(CustomBGFolder)</info>
				<timeperimage>10000</timeperimage>
				<fadetime>600</fadetime>
				<randomize>true</randomize>
				<aspectratio>scale</aspectratio>
			</control>
		</control>
		<control type="multiimage" id="7000">
			<posx>0</posx>
			<posy>0</posy>
			<width>1280</width>
			<height>720</height>
			<imagepath background="true">$INFO[ListItem.Path]extrafanart/</imagepath>
			<timeperimage>10000</timeperimage>
			<fadetime>600</fadetime>
			<randomize>true</randomize>
			<aspectratio>scale</aspectratio>
			<visible>Skin.HasSetting(ShowFanart) + !IsEmpty(ListItem.Path) + [Container.Content(movies) | Container.Content(tvshows) | Container.Content(seasons) | Container.Content(Episodes) | Container.Content(musicvideos)]</visible>
		</control>
		<control type="image">
			<posx>0</posx>
			<posy>0</posy>
			<width>1280</width>
			<height>720</height>
			<info>ListItem.Art(fanart)</info>
			<fadetime>600</fadetime>
			<visible>Skin.HasSetting(ShowFanart) + !IsEmpty(ListItem.Art(fanart)) + IsEmpty(Control.GetLabel(7000))</visible>
			<animation effect="fade" start="0" end="100" time="600" delay="100">Visible</animation>
		</control>
		<control type="group">
			<visible>Player.HasVideo + !Window.IsVisible(601)</visible>
			<control type="image">
				<posx>0</posx>
				<posy>0</posy>
				<width>1280</width>
				<height>720</height>
				<texture>black.png</texture>
			</control>
			<control type="videowindow">
				<posx>0</posx>
				<posy>0</posy>
				<width>1280</width>
				<height>720</height>
			</control>
		</control>
		<control type="visualisation">
			<posx>0</posx>
			<posy>0</posy>
			<width>1280</width>
			<height>720</height>
			<visible>Player.HasAudio + !IsEmpty(visualisation.name) + !SubString(Window(videolibrary).Property(TvTunesIsAlive),True)</visible>
		</control>
		<control type="image">
			<description>background overlay</description>
			<posx>0</posx>
			<posy>0</posy>
			<width>1280</width>
			<height>720</height>
			<texture>backgrounds/background_overlay.png</texture>
			<animation effect="fade" start="100" end="80" condition="Skin.HasSetting(BackgroundVisibilty_High)">Conditional</animation>
			<animation effect="fade" start="100" end="90" condition="Skin.HasSetting(BackgroundVisibilty_Med)">Conditional</animation>
		</control>
	</include>
	<include name="Common_Browse_Background_Top">
		<control type="image">
			<description>browse background</description>
			<posx>10</posx>
			<posy>10</posy>
			<width>1260</width>
			<height>90</height>
			<texture>backgrounds/background_top.png</texture>
			<animation effect="fade" start="100" end="80" condition="Skin.HasSetting(BackgroundVisibilty_High)">Conditional</animation>
			<animation effect="fade" start="100" end="90" condition="Skin.HasSetting(BackgroundVisibilty_Med)">Conditional</animation>
		</control>
		<include>Common_Now_Playing</include>
	</include>
	<include name="Common_Browse_Background_Bottom">
		<control type="image">
			<description>browse background</description>
			<posx>10</posx>
			<posy>102</posy>
			<width>1260</width>
			<height>608</height>
			<texture>backgrounds/background_bottom.png</texture>
			<animation effect="fade" start="100" end="80" condition="Skin.HasSetting(BackgroundVisibilty_High)">Conditional</animation>
			<animation effect="fade" start="100" end="90" condition="Skin.HasSetting(BackgroundVisibilty_Med)">Conditional</animation>
		</control>
	</include>
	<include name="Common_Info_Background">
		<control type="image">
			<description>info background</description>
			<posx>10</posx>
			<posy>10</posy>
			<width>1260</width>
			<height>700</height>
			<texture>backgrounds/info_background.png</texture>
		</control>
		<include>Common_Now_Playing</include>
	</include>
	<include name="Common_Main_Menu_Button">
		<control type="group">
			<visible>!Window.IsVisible(custom_51_main_menu.xml)</visible>
			<control type="button" id="5199">
				<description>main menu button</description>
				<animation effect="fade" time="200">VisibleChange</animation>
				<posx>0</posx>
				<posy>286</posy>
				<width>47</width>
				<height>222</height>
				<onup>noop</onup>
				<ondown>noop</ondown>
				<onleft>ActivateWindow(51)</onleft>
				<label>-</label>
				<texturefocus>menu/main_menu_closed.png</texturefocus>
				<texturenofocus>menu/main_menu_closed.png</texturenofocus>
				<onclick>ActivateWindow(51)</onclick>
				<onfocus condition="!Window.IsVisible(51)">ActivateWindow(51)</onfocus>
				<onfocus condition="Window.IsActive(script-NextAired-TVGuide.xml)">SetFocus(2000)</onfocus>
				<animation effect="fade" start="100" end="80" condition="Skin.HasSetting(BackgroundVisibilty_High)">Conditional</animation>
				<animation effect="fade" start="100" end="90" condition="Skin.HasSetting(BackgroundVisibilty_Med)">Conditional</animation>
			</control>
			<control type="label">
				<posx>8</posx>
				<posy>429</posy>
				<width>200</width>
				<height>222</height>
				<font>font20b</font>
				<textcolor>lightgrey</textcolor>
				<label>31088</label>
				<angle>90</angle>
				<visible>!Control.HasFocus(5199)</visible>
			</control>
			<control type="label">
				<posx>8</posx>
				<posy>429</posy>
				<width>200</width>
				<height>222</height>
				<font>font20b</font>
				<textcolor>green</textcolor>
				<label>31088</label>
				<angle>90</angle>
				<visible>Control.HasFocus(5199)</visible>
			</control>
			<control type="image">
				<visible>Player.HasMedia</visible>
				<posx>0</posx>
				<posy>293</posy>
				<width>51</width>
				<height>51</height>
				<texture>icons/icon_nowplaying.png</texture>
				<colordiffuse>yellow</colordiffuse>
			</control>
			<control type="button">
				<description>main menu button</description>
				<posx>0</posx>
				<posy>0</posy>
				<width>2</width>
				<height>720</height>
				<onup>noop</onup>
				<ondown>noop</ondown>
				<onleft>noop</onleft>
				<onright>noop</onright>
				<label>-</label>
				<texturefocus>-</texturefocus>
				<texturenofocus>-</texturenofocus>
				<onfocus>ActivateWindow(51)</onfocus>
			</control>
		</control>
	</include>
	<include name="Common_Browse_Menu_Button">
		<control type="group">
			<visible>!ControlGroup(9110).HasFocus + !ControlGroup(9200).HasFocus + !ControlGroup(9300).HasFocus</visible>
			<control type="button">
				<description>browse menu button</description>
				<animation effect="fade" time="200">VisibleChange</animation>
				<visible>!ControlGroup(9200).HasFocus | !ControlGroup(9300).HasFocus</visible>
				<posx>1233</posx>
				<posy>286</posy>
				<width>47</width>
				<height>222</height>
				<onup>noop</onup>
				<ondown>noop</ondown>
				<onleft>noop</onleft>
				<onright>noop</onright>
				<label>-</label>
				<texturefocus>menu/menu_closed_on.png</texturefocus>
				<texturenofocus>menu/menu_closed.png</texturenofocus>
				<onclick>SetFocus(9110)</onclick>
				<onfocus>SetFocus(9110)</onfocus>
				<animation effect="fade" start="100" end="80" condition="Skin.HasSetting(BackgroundVisibilty_High)">Conditional</animation>
				<animation effect="fade" start="100" end="90" condition="Skin.HasSetting(BackgroundVisibilty_Med)">Conditional</animation>
			</control>
			<control type="button">
				<description>browse menu button</description>
				<posx>1278</posx>
				<posy>0</posy>
				<width>2</width>
				<height>720</height>
				<onup>noop</onup>
				<ondown>noop</ondown>
				<onleft>noop</onleft>
				<onright>noop</onright>
				<label>-</label>
				<texturefocus>-</texturefocus>
				<texturenofocus>-</texturenofocus>
				<onfocus>SetFocus(9110)</onfocus>
			</control>
		</control>
	</include>
	<include name="Common_Title_Image">
		<posx>0</posx>
		<posy>0</posy>
		<width>32</width>
		<height>32</height>
		<colordiffuse>green</colordiffuse>
	</include>
	<include name="Common_Title_Label">
		<posx>50</posx>
		<posy>0</posy>
		<width>1050</width>
		<height>32</height>
		<align>left</align>
		<aligny>center</aligny>
		<font>light34</font>
		<textcolor>green</textcolor>
	</include>
	<include name="Info_Title_Label">
		<posx>0</posx>
		<posy>0</posy>
		<width>930</width>
		<height>20</height>
		<font>font21b</font>
		<align>left</align>
		<aligny>center</aligny>
		<textcolor>white</textcolor>
		<wrapmultiline>false</wrapmultiline>
	</include>
	<include name="Common_Clock">
		<control type="grouplist">
			<width>600</width>
			<height>48</height>
			<align>right</align>
			<itemgap>0</itemgap>
			<orientation>horizontal</orientation>
			<control type="label">
				<width min="0" max="400">auto</width>
				<height>33</height>
				<info>System.Date</info>
				<aligny>center</aligny>
				<font>font23</font>
				<textcolor>grey</textcolor>
			</control>
			<control type="group">
				<visible>Skin.HasSetting(WeatherIcon)</visible>
				<width>31</width>
				<height>33</height>
				<control type="image">
					<description>left dotted line</description>
					<posx>14</posx>
					<width>3</width>
					<height>33</height>
					<texture>icons/dotted_line_divider.png</texture>
				</control>
			</control>
			<control type="group">
				<visible>Skin.HasSetting(WeatherIcon) + Weather.IsFetched</visible>
				<width>38</width>
				<height>48</height>
				<control type="image">
					<description>Weather image</description>
					<posx>-6</posx>
					<posy>-6</posy>
					<height>48</height>
					<width>48</width>
					<texture>$INFO[Window(Weather).Property(Current.FanartCode),weather/,.png]</texture>
				</control>
			</control>
			<control type="group">
				<visible>Skin.HasSetting(WeatherIcon) + !Weather.IsFetched</visible>
				<width>38</width>
				<height>48</height>
				<control type="image">
					<description>Weather image</description>
					<posx>-6</posx>
					<posy>-6</posy>
					<height>48</height>
					<width>48</width>
					<texture>weather/na.png</texture>
				</control>
			</control>
			<control type="group">
				<width>31</width>
				<height>33</height>
				<control type="image">
					<description>left dotted line</description>
					<posx>14</posx>
					<width>3</width>
					<height>33</height>
					<texture>icons/dotted_line_divider.png</texture>
				</control>
			</control>
			<control type="label">
				<width min="0" max="100">auto</width>
				<height>33</height>
				<info>System.Time(hh:mm)</info>
				<font>font23</font>
				<aligny>center</aligny>
				<textcolor>white</textcolor>
			</control>
			<control type="group">
				<visible>substring(system.time,AM,right) | substring(system.time,PM,right)</visible>
				<width>34</width>
				<height>24</height>
				<control type="image">
					<visible>substring(system.time,AM,right)</visible>
					<posx>6</posx>
					<posy>4</posy>
					<width>28</width>
					<height>24</height>
					<texture>icons/icon_clock_am.png</texture>
					<colordiffuse>lightgrey</colordiffuse>
				</control>
				<control type="image">
					<visible>substring(system.time,PM,right)</visible>
					<posx>6</posx>
					<posy>4</posy>
					<width>28</width>
					<height>24</height>
					<texture>icons/icon_clock_pm.png</texture>
					<colordiffuse>lightgrey</colordiffuse>
				</control>
			</control>
			<control type="group">
				<visible>Skin.HasSetting(VolumeButton)</visible>
				<width>31</width>
				<height>33</height>
				<control type="image">
					<description>left dotted line</description>
					<posx>14</posx>
					<width>3</width>
					<height>33</height>
					<texture>icons/dotted_line_divider.png</texture>
				</control>
			</control>
			<control type="group">
				<visible>Skin.HasSetting(VolumeButton)</visible>
				<width>42</width>
				<height>32</height>
				<control type="image">
					<posy>2</posy>
					<width>42</width>
					<height>32</height>
					<texture>icons/icon_volume.png</texture>
					<colordiffuse>green</colordiffuse>
				</control>
				<control type="image">
					<posy>2</posy>
					<width>42</width>
					<height>32</height>
					<texture>icons/icon_volume_low.png</texture>
					<colordiffuse>green</colordiffuse>
					<visible>IntegerGreaterThan(Player.Volume,-60)</visible>
				</control>
				<control type="image">
					<posy>2</posy>
					<width>42</width>
					<height>32</height>
					<texture>icons/icon_volume_med.png</texture>
					<colordiffuse>green</colordiffuse>
					<visible>IntegerGreaterThan(Player.Volume,-40)</visible>
				</control>
				<control type="image">
					<posy>2</posy>
					<width>42</width>
					<height>32</height>
					<texture>icons/icon_volume_high.png</texture>
					<colordiffuse>green</colordiffuse>
					<visible>IntegerGreaterThan(Player.Volume,-20)</visible>
				</control>
			</control>
		</control>
		<control type="group">
			<posx>150</posx>
			<posy>-12</posy>
			<visible allowhiddenfocus="true">Control.HasFocus(2222)</visible>
			<control type="button" id="2222">
				<posx>0</posx>
				<posy>0</posy>
				<width>368</width>
				<height>60</height>
				<texturefocus>-</texturefocus>
			</control>
			<control type="image">
				<posx>0</posx>
				<posy>0</posy>
				<width>368</width>
				<height>60</height>
				<texture>backgrounds/volume_background.png</texture>
			</control>
			<control type="group">
				<posx>20</posx>
				<posy>14</posy>
				<control type="image">
					<description>speaker image</description>
					<posx>288</posx>
					<posy>0</posy>
					<width>42</width>
					<height>32</height>
					<aspectratio>keep</aspectratio>
					<texture>icons/icon_volume.png</texture>
					<colordiffuse>green</colordiffuse>
				</control>
				<control type="image">
					<description>speaker image</description>
					<posx>288</posx>
					<posy>0</posy>
					<width>42</width>
					<height>32</height>
					<aspectratio>keep</aspectratio>
					<texture>icons/icon_volume_low.png</texture>
					<colordiffuse>green</colordiffuse>
					<visible>IntegerGreaterThan(Player.Volume,-60)</visible>
				</control>
				<control type="image">
					<description>speaker image</description>
					<posx>288</posx>
					<posy>0</posy>
					<width>42</width>
					<height>32</height>
					<aspectratio>keep</aspectratio>
					<texture>icons/icon_volume_med.png</texture>
					<colordiffuse>green</colordiffuse>
					<visible>IntegerGreaterThan(Player.Volume,-40)</visible>
				</control>
				<control type="image">
					<description>speaker image</description>
					<posx>288</posx>
					<posy>0</posy>
					<width>42</width>
					<height>32</height>
					<aspectratio>keep</aspectratio>
					<texture>icons/icon_volume_high.png</texture>
					<colordiffuse>green</colordiffuse>
					<visible>IntegerGreaterThan(Player.Volume,-20)</visible>
				</control>
				<control type="image">
					<description>dotted line</description>
					<posx>271</posx>
					<posy>-2</posy>
					<width>3</width>
					<height>33</height>
					<texture>icons/dotted_line_divider.png</texture>
				</control>
				<control type="progress" id="1">
					<description>Progressbar</description>
					<visible>!player.passthrough</visible>
					<posx>0</posx>
					<posy>9</posy>
					<width>248</width>
					<height>14</height>
					<info>Player.Volume</info>
					<overlaytexture>-</overlaytexture>
					<visible>true</visible>
				</control>
				<control type="slider">
					<description>Seek Slider</description>
					<visible>system.getbool(input.enablemouse)</visible>
					<posx>0</posx>
					<posy>9</posy>
					<width>248</width>
					<height>14</height>
					<action>volume</action>
					<texturesliderbar border="7">osd/osd_video_indicator_background.png</texturesliderbar>
					<textureslidernib border="7">osd/osd_slider_NF.png</textureslidernib>
					<textureslidernibfocus border="7">osd/osd_slider_FO.png</textureslidernibfocus>
				</control>
				<control type="label">
					<visible>player.passthrough</visible>
					<posx>0</posx>
					<posy>8</posy>
					<width>252</width>
					<height>14</height>
					<aligny>center</aligny>
					<font>font21</font>
					<textcolor>white</textcolor>
					<label>29802</label>
					<scroll>true</scroll>
				</control>
			</control>
		</control>
	</include>
	<include name="Common_Clock_Short">
		<control type="grouplist">
			<width>104</width>
			<height>33</height>
			<align>right</align>
			<itemgap>0</itemgap>
			<orientation>horizontal</orientation>
			<control type="label">
				<width min="0" max="100">auto</width>
				<height>33</height>
				<info>System.Time(hh:mm)</info>
				<font>font23</font>
				<aligny>center</aligny>
				<textcolor>white</textcolor>
			</control>
			<control type="group">
				<visible>substring(system.time,AM,right) | substring(system.time,PM,right)</visible>
				<width>34</width>
				<height>24</height>
				<control type="image">
					<visible>substring(system.time,AM,right)</visible>
					<posx>6</posx>
					<posy>4</posy>
					<width>28</width>
					<height>24</height>
					<texture>icons/icon_clock_am.png</texture>
					<colordiffuse>lightgrey</colordiffuse>
				</control>
				<control type="image">
					<visible>substring(system.time,PM,right)</visible>
					<posx>6</posx>
					<posy>4</posy>
					<width>28</width>
					<height>24</height>
					<texture>icons/icon_clock_pm.png</texture>
					<colordiffuse>lightgrey</colordiffuse>
				</control>
			</control>
		</control>
	</include>
	<include name="Common_Item_Num_Label">
		<posx>1200</posx>
		<posy>11</posy>
		<width>200</width>
		<height>20</height>
		<font>font21</font>
		<align>right</align>
		<aligny>center</aligny>
		<textcolor>green</textcolor>
		<label>$INFO[Container.NumItems] $LOCALIZE[31087]</label>
	</include>
	<include name="Info_Description_Label">
		<posx>0</posx>
		<posy>40</posy>
		<width>930</width>
		<height>190</height>
		<pagecontrol>110</pagecontrol>
		<font>font21</font>
	</include>
	<include name="OSD_Label">
		<posx>0</posx>
		<posy>0</posy>
		<width>960</width>
		<height>40</height>
		<align>left</align>
		<aligny>center</aligny>
		<haspath>true</haspath>
		<font>light28</font>
		<textcolor>white</textcolor>
		<scroll>true</scroll>
	</include>
	<include name="OSD_Video_Label">
		<label>$INFO[VideoPlayer.Label]</label>
		<visible>IsEmpty(VideoPlayer.Title)</visible>
	</include>
	<include name="OSD_Video_Title">
		<label>$INFO[VideoPlayer.Title]</label>
		<visible>IsEmpty(VideoPlayer.TVShowTitle) + !IsEmpty(VideoPlayer.Title)</visible>
	</include>
	<include name="OSD_TVShow_Label">
		<label>$INFO[VideoPlayer.Title]$INFO[VideoPlayer.TVshowtitle, - ]</label>
		<visible>!IsEmpty(VideoPlayer.TVShowTitle) + !IsEmpty(VideoPlayer.Title)</visible>
	</include>
	<include name="Home_Line_Label">
		<posx>24</posx>
		<posy>12</posy>
		<width>182</width>
		<height>72</height>
		<font>light23</font>
		<aligny>top</aligny>
		<wrapmultiline>true</wrapmultiline>
	</include>
	<include name="Common_Now_Playing">
		<control type="group">
			<posx>18</posx>
			<posy>16</posy>
			<visible>Player.HasMedia + !Player.Caching + !Window.IsVisible(progressdialog) + !SubString(Window(videolibrary).Property(TvTunesIsAlive),True)</visible>
			<animation effect="fade" time="200">VisibleChange</animation>
			<control type="fadelabel">
				<description>Now Playing Label</description>
				<visible>Player.HasVideo</visible>
				<posx>12</posx>
				<posy>0</posy>
				<width>640</width>
				<height>36</height>
				<textcolor>yellow</textcolor>
				<align>left</align>
				<aligny>center</aligny>
				<font>font23</font>
				<scrollout>false</scrollout>
				<pauseatend>6000</pauseatend>
				<label>$INFO[VideoPlayer.Title,$LOCALIZE[31110]: ]$INFO[VideoPlayer.TVShowTitle, / ]</label>
			</control>
			<control type="fadelabel">
				<description>Now Playing Label</description>
				<visible>Player.HasAudio + MusicPlayer.HasNext</visible>
				<posx>12</posx>
				<posy>0</posy>
				<width>640</width>
				<height>36</height>
				<font>font23</font>
				<textcolor>yellow</textcolor>
				<align>left</align>
				<aligny>center</aligny>
				<scrollout>false</scrollout>
				<pauseatend>6000</pauseatend>
				<label>$LOCALIZE[31110]: $INFO[MusicPlayer.Title]$INFO[MusicPlayer.Album, - ]$INFO[MusicPlayer.Artist, / ]</label>
				<label>$LOCALIZE[209]: $INFO[MusicPlayer.Offset(1).Title]$INFO[MusicPlayer.Album, - ]$INFO[MusicPlayer.Artist, / ]</label>
			</control>
			<control type="fadelabel">
				<description>Now Playing Label</description>
				<visible>Player.HasAudio + !MusicPlayer.HasNext</visible>
				<posx>12</posx>
				<posy>0</posy>
				<width>640</width>
				<height>36</height>
				<font>font23</font>
				<textcolor>yellow</textcolor>
				<align>left</align>
				<aligny>center</aligny>
				<scrollout>false</scrollout>
				<pauseatend>6000</pauseatend>
				<label>$LOCALIZE[31110]: $INFO[MusicPlayer.Title]$INFO[MusicPlayer.Album, - ]$INFO[MusicPlayer.Artist, / ]</label>
			</control>
		</control>
	</include>
	<include name="Common_Keyboard_Button">
		<animation effect="zoom" end="110" center="auto" time="60" reversible="true">Focus</animation>
		<width>60</width>
		<height>60</height>
		<texturenofocus>keyboard/keyboard_button_off.png</texturenofocus>
		<texturefocus>keyboard/keyboard_button_on.png</texturefocus>
		<align>center</align>
		<aligny>center</aligny>
		<font>font30</font>
		<textoffsetx>0</textoffsetx>
		<textcolor>white</textcolor>
		<focusedcolor>black</focusedcolor>
		<disabledcolor>disabled</disabledcolor>
	</include>
	<include name="HomeViewThumbImage">
		<posx>10</posx>
		<posy>10</posy>
		<width>140</width>
		<height>140</height>
		<texture background="false"/>
	</include>
	<include name="HomeViewThumbFrame">
		<posx>2</posx>
		<posy>2</posy>
		<width>156</width>
		<height>156</height>
		<texture>views/frame_device_sq.png</texture>
	</include>
	<include name="HomeViewThumbFrameWhite">
		<posx>-2</posx>
		<posy>-2</posy>
		<width>164</width>
		<height>164</height>
		<texture>views/frame_device_sq_white.png</texture>
		<animation type="Focus">
			<effect type="fade" start="60" time="120"/>
			<effect type="zoom" start="97,97" center="auto" time="120" delay="60"/>
		</animation>
	</include>
	<include name="HomeViewThumbHover">
		<posx>0</posx>
		<posy>16</posy>
		<width>164</width>
		<height>145</height>
		<texture>views/hover_frame_device_capsule.png</texture>
	</include>
	<include name="HomeViewThumbLabel">
		<posx>10</posx>
		<posy>22</posy>
		<width>144</width>
		<height>134</height>
		<font>font21sq</font>
		<aligny>top</aligny>
		<align>left</align>
	</include>
	<include name="HomeViewThumbHoverFlip">
		<posx>0</posx>
		<posy>0</posy>
		<width>164</width>
		<height>145</height>
		<texture flipy="true">views/hover_frame_device_capsule.png</texture>
	</include>
	<include name="HomeViewThumbLabelFlip">
		<posx>10</posx>
		<posy>2</posy>
		<width>144</width>
		<height>134</height>
		<font>font21sq</font>
		<aligny>top</aligny>
		<align>left</align>
	</include>
	<include name="MediaPreviewPaneThumb">
		<control type="grouplist">
			<visible>Control.IsVisible(50) | Control.IsVisible(51) | Control.IsVisible(56)</visible>
			<visible>!Container.OnNext + !Container.OnPrevious</visible>
			<animation effect="fade" start="0" end="100" time="200" delay="100">Visible</animation>
			<posx>870</posx>
			<posy>124</posy>
			<width>358</width>
			<height>578</height>
			<itemgap>8</itemgap>
			<orientation>vertical</orientation>
			<control type="group">
				<width>358</width>
				<height>320</height>
				<control type="image">
					<posx>0</posx>
					<posy>0</posy>
					<width>358</width>
					<height>320</height>
					<info>ListItem.Art(thumb)</info>
					<bordersize>4</bordersize>
					<aspectratio>keep</aspectratio>
					<bordertexture>views/info_cover_border.png</bordertexture>
					<visible>!IsEmpty(ListItem.Art(thumb))</visible>
				</control>
				<control type="image">
					<posx>79</posx>
					<posy>120</posy>
					<width>200</width>
					<height>200</height>
					<info>ListItem.Icon</info>
					<aspectratio>keep</aspectratio>
					<visible>IsEmpty(ListItem.Art(thumb))</visible>
				</control>
			</control>
			<control type="label">
				<info>ListItem.Title</info>
				<width>348</width>
				<height>68</height>
				<font>font23</font>
				<aligny>center</aligny>
				<wrapmultiline>true</wrapmultiline>
				<visible>!IsEmpty(ListItem.Title) + !Container.Content(Albums) + !Container.Content(MusicVideos) + !SubString(Container.FolderPath,videodb://5/)</visible>
			</control>
			<control type="label">
				<info>ListItem.label</info>
				<width>348</width>
				<height>68</height>
				<font>font23</font>
				<aligny>center</aligny>
				<wrapmultiline>true</wrapmultiline>
				<visible>IsEmpty(ListItem.Title) + !Container.Content(Albums) + !Container.Content(MusicVideos)</visible>
			</control>
			<control type="label">
				<visible>Container.Content(Albums) + !IsEmpty(ListItem.Album)</visible>
				<label>$INFO[ListItem.album] [COLOR lightgrey]$LOCALIZE[31070][/COLOR] $INFO[ListItem.artist]</label>
				<width>348</width>
				<height>68</height>
				<font>font23</font>
				<aligny>center</aligny>
				<wrapmultiline>true</wrapmultiline>
			</control>
			<control type="label">
				<visible>Container.Content(Albums) + IsEmpty(ListItem.Album)</visible>
				<label>$INFO[ListItem.Label]</label>
				<width>348</width>
				<height>68</height>
				<font>font23</font>
				<aligny>center</aligny>
				<wrapmultiline>true</wrapmultiline>
			</control>
			<control type="label">
				<visible>Container.Content(MusicVideos)</visible>
				<label>$INFO[ListItem.Artist,, - ]$INFO[ListItem.Title]</label>
				<width>348</width>
				<height>68</height>
				<font>font23</font>
				<aligny>center</aligny>
				<wrapmultiline>true</wrapmultiline>
			</control>
			<control type="label">
				<visible>SubString(Container.FolderPath,videodb://5/)</visible>
				<label>$INFO[ListItem.TVShowTitle,, - ]$INFO[ListItem.Title]</label>
				<width>348</width>
				<height>68</height>
				<font>font23</font>
				<aligny>center</aligny>
				<wrapmultiline>true</wrapmultiline>
			</control>
			<control type="image">
				<visible>!IsEmpty(ListItem.Label) | !IsEmpty(ListItem.Title)</visible>
				<width>348</width>
				<height>2</height>
				<texture>views/line_divider.png</texture>
			</control>
			<control type="label">
				<description>Set</description>
				<visible>!StringCompare(ListItem.Label,..) + ListItem.IsFolder + Container.Content(Movies) + SubString(Container.Folderpath,videodb://,left)</visible>
				<width>348</width>
				<height>20</height>
				<label>31084</label>
				<font>font21</font>
			</control>
			<control type="group">
				<description>plot</description>
				<visible>!Container.Content(Songs)</visible>
				<visible>!IsEmpty(ListItem.PlotOutline) | !IsEmpty(ListItem.Plot) | !IsEmpty(ListItem.Property(Album_Description)) | !IsEmpty(ListItem.Property(Artist_Description)) | !IsEmpty(ListItem.Property(Addon.Description)) | [!IsEmpty(Container.ShowPlot) + !IsEmpty(ListItem.Art(thumb)) + Container.Content(Seasons)]</visible>
				<width>348</width>
				<height>72</height>
				<control type="textbox">
					<description>Review</description>
					<posx>0</posx>
					<posy>-6</posy>
					<width>348</width>
					<height>78</height>
					<font>font18</font>
					<align>left</align>
					<label>$INFO[ListItem.Property(Album_Description)]</label>
				</control>
				<control type="textbox">
					<description>Review</description>
					<posx>0</posx>
					<posy>-6</posy>
					<width>348</width>
					<height>78</height>
					<font>font18</font>
					<align>left</align>
					<label>$INFO[ListItem.Property(Artist_Description)]</label>
				</control>
				<control type="textbox">
					<description>Review</description>
					<posx>0</posx>
					<posy>-6</posy>
					<width>348</width>
					<height>78</height>
					<font>font18</font>
					<align>left</align>
					<label>$INFO[ListItem.Property(Addon.Description)]</label>
				</control>
				<control type="textbox">
					<description>plot</description>
					<posx>0</posx>
					<posy>-6</posy>
					<width>348</width>
					<height>78</height>
					<font>font18</font>
					<align>left</align>
					<info>ListItem.PlotOutline</info>
				</control>
				<control type="textbox">
					<description>plot</description>
					<visible>IsEmpty(ListItem.PlotOutline)</visible>
					<posx>0</posx>
					<posy>-6</posy>
					<width>348</width>
					<height>78</height>
					<font>font18</font>
					<align>left</align>
					<info>ListItem.Plot</info>
				</control>
				<control type="textbox">
					<description>plot</description>
					<visible>!IsEmpty(Container.ShowPlot) + !IsEmpty(ListItem.Art(thumb)) + Container.Content(Seasons) + IsEmpty(ListItem.Plot)</visible>
					<posx>0</posx>
					<posy>-6</posy>
					<width>348</width>
					<height>78</height>
					<font>font18</font>
					<align>left</align>
					<info>Container.ShowPlot</info>
				</control>
			</control>
			<control type="image">
				<visible>!Container.Content(Songs)</visible>
				<visible>!IsEmpty(ListItem.PlotOutline) | !IsEmpty(ListItem.Plot) | !IsEmpty(ListItem.Property(Album_Description)) | !IsEmpty(ListItem.Property(Artist_Description)) | !IsEmpty(ListItem.Property(Addon.Description))</visible>
				<visible>!IsEmpty(ListItem.Duration) | !IsEmpty(ListItem.Year) | !IsEmpty(ListItem.Date) | !IsEmpty(ListItem.Property(Artist_YearsActive))</visible>
				<width>348</width>
				<height>2</height>
				<texture>views/line_divider.png</texture>
			</control>
			<control type="label">
				<description>Runtime value</description>
				<visible>!IsEmpty(ListItem.duration)</visible>
				<width>348</width>
				<height>20</height>
				<aligny>top</aligny>
				<label>[COLOR grey]$LOCALIZE[2050]:[/COLOR] $INFO[ListItem.duration] $LOCALIZE[12391]</label>
				<font>font21</font>
			</control>
			<control type="label">
				<description>Year value</description>
				<visible>!IsEmpty(ListItem.Year) + IsEmpty(ListItem.Date) + !StringCompare(ListItem.Year,1601)</visible>
				<width>348</width>
				<height>20</height>
				<label>[COLOR grey]$LOCALIZE[31071]:[/COLOR] $INFO[ListItem.Year]</label>
				<font>font21</font>
			</control>
			<control type="label">
				<description>Year value</description>
				<visible>!IsEmpty(ListItem.Year) + IsEmpty(ListItem.Date) + StringCompare(ListItem.Year,1601)</visible>
				<width>348</width>
				<height>20</height>
				<label>[COLOR grey]$LOCALIZE[31071]:[/COLOR] $LOCALIZE[161]</label>
				<font>font21</font>
			</control>
			<control type="label">
				<description>Date value</description>
				<visible>!IsEmpty(ListItem.Year) + !IsEmpty(ListItem.Date) + Container.Content(TVShows)</visible>
				<width>348</width>
				<height>20</height>
				<label>[COLOR grey]$LOCALIZE[31079]:[/COLOR] $INFO[ListItem.Date]</label>
				<font>font21</font>
			</control>
			<control type="label">
				<description>Date value</description>
				<visible>!IsEmpty(ListItem.Year) + !IsEmpty(ListItem.Date) + !Container.Content(TVShows)</visible>
				<width>348</width>
				<height>20</height>
				<label>[COLOR grey]$LOCALIZE[31082]:[/COLOR] $INFO[ListItem.Date]</label>
				<font>font21</font>
			</control>
			<control type="label">
				<description>Date value</description>
				<visible>IsEmpty(ListItem.Year) + !IsEmpty(ListItem.Date)</visible>
				<width>348</width>
				<height>20</height>
				<label>[COLOR grey]$LOCALIZE[552]:[/COLOR] $INFO[ListItem.Date]</label>
				<font>font21</font>
			</control>
			<control type="label">
				<description>Years value</description>
				<visible>!IsEmpty(ListItem.Property(Artist_YearsActive)) + Container.Content(Artists)</visible>
				<width>348</width>
				<height>20</height>
				<label>[COLOR grey]$LOCALIZE[652]:[/COLOR] $INFO[ListItem.Property(Artist_YearsActive)]</label>
				<font>font21</font>
			</control>
			<control type="label">
				<description>Next Episode value</description>
				<visible>Container.Content(TVShows) + !IsEmpty(Window(Home).Property(NextAired.NextDate))</visible>
				<width>348</width>
				<height>20</height>
				<label>[COLOR grey]$LOCALIZE[31203]:[/COLOR] $INFO[Window(Home).Property(NextAired.NextDate)]</label>
				<font>font21</font>
			</control>
		</control>
	</include>
	<include name="LineViewFrame">
		<posx>0</posx>
		<posy>0</posy>
		<width>754</width>
		<height>44</height>
	</include>
	<include name="LineViewItemFade">
		<animation effect="fade" time="200" reversible="false" tween="quadratic" easing="out">VisibleChange</animation>
	</include>
	<include name="Home_Setup">
		<onload>Skin.SetString(Home_List_1,Home_Random_List)</onload>
		<onload>Skin.SetString(Home_List_1_Button,SetProperty(SkinWidgets_RandomItems_Update,true))</onload>
		<onload>Skin.SetString(Home_List_1_Label,$LOCALIZE[31001])</onload>
		<onload>Skin.SetString(Home_List_2,Home_Movie_List)</onload>
		<onload>Skin.SetString(Home_List_2_Button,ActivateWindow(Videos,RecentlyAddedMovies,return))</onload>
		<onload>Skin.SetString(Home_List_2_Label,$LOCALIZE[31003])</onload>
		<onload>Skin.SetString(Home_List_3,Home_Episode_List)</onload>
		<onload>Skin.SetString(Home_List_3_Button,ActivateWindow(Videos,RecentlyAddedEpisodes,return))</onload>
		<onload>Skin.SetString(Home_List_3_Label,$LOCALIZE[31004])</onload>
		<onload>Skin.SetString(Home_List_4,Home_Album_List)</onload>
		<onload>Skin.SetString(Home_List_4_Button,ActivateWindow(MusicLibrary,RecentlyAddedAlbums,return))</onload>
		<onload>Skin.SetString(Home_List_4_Label,$LOCALIZE[31005])</onload>
		<onload>Skin.SetString(Watchlist_Movies,false)</onload>
		<onload>Skin.SetString(Watchlist_Episodes,false)</onload>
		<onload>Skin.SetString(Watchlist_Albums,false)</onload>
	</include>
	<variable name="Custom_54_Path">
		<value condition="StringCompare(Skin.String(SetItem),Favourite) + StringCompare(Window(54).Property(SetCustomItem),1)">$INFO[Skin.String(CustomHomeItem_1.Path)]</value>
		<value condition="StringCompare(Skin.String(SetItem),Favourite) + StringCompare(Window(54).Property(SetCustomItem),2)">$INFO[Skin.String(CustomHomeItem_2.Path)]</value>
		<value condition="StringCompare(Skin.String(SetItem),Favourite) + StringCompare(Window(54).Property(SetCustomItem),3)">$INFO[Skin.String(CustomHomeItem_3.Path)]</value>
		<value condition="StringCompare(Skin.String(SetItem),Favourite) + StringCompare(Window(54).Property(SetCustomItem),4)">$INFO[Skin.String(CustomHomeItem_4.Path)]</value>
		<value condition="StringCompare(Skin.String(SetItem),Favourite) + StringCompare(Window(54).Property(SetCustomItem),5)">$INFO[Skin.String(CustomHomeItem_5.Path)]</value>
		<value condition="StringCompare(Skin.String(SetItem),Favourite) + StringCompare(Window(54).Property(SetCustomItem),6)">$INFO[Skin.String(CustomHomeItem_6.Path)]</value>
		<value condition="StringCompare(Skin.String(SetItem),Favourite) + StringCompare(Window(54).Property(SetCustomItem),7)">$INFO[Skin.String(CustomHomeItem_7.Path)]</value>
		<value condition="StringCompare(Skin.String(SetItem),Favourite) + StringCompare(Window(54).Property(SetCustomItem),8)">$INFO[Skin.String(CustomHomeItem_8.Path)]</value>
		<value condition="StringCompare(Skin.String(SetItem),Favourite) + StringCompare(Window(54).Property(SetCustomItem),9)">$INFO[Skin.String(CustomHomeItem_9.Path)]</value>
		<value condition="StringCompare(Skin.String(SetItem),Favourite) + StringCompare(Window(54).Property(SetCustomItem),10)">$INFO[Skin.String(CustomHomeItem_10.Path)]</value>
		<value condition="StringCompare(Skin.String(SetItem),Favourite) + StringCompare(Window(54).Property(SetCustomItem),11)">$INFO[Skin.String(CustomHomeItem_11.Path)]</value>
		<value condition="StringCompare(Skin.String(SetItem),Favourite) + StringCompare(Window(54).Property(SetCustomItem),12)">$INFO[Skin.String(CustomHomeItem_12.Path)]</value>
		<value condition="StringCompare(Skin.String(SetItem),Favourite) + StringCompare(Window(54).Property(SetCustomItem),13)">$INFO[Skin.String(CustomHomeItem_13.Path)]</value>
		<value condition="StringCompare(Skin.String(SetItem),Favourite) + StringCompare(Window(54).Property(SetCustomItem),14)">$INFO[Skin.String(CustomHomeItem_14.Path)]</value>
		<value condition="StringCompare(Skin.String(SetItem),Favourite) + StringCompare(Window(54).Property(SetCustomItem),15)">$INFO[Skin.String(CustomHomeItem_15.Path)]</value>
		<value>$INFO[Skin.String(SetItemType)]</value>
	</variable>
	<variable name="Custom_54_Label">
		<value condition="StringCompare(Skin.String(SetItem),Favourite) + StringCompare(Window(54).Property(SetCustomItem),1)">$INFO[Skin.String(CustomHomeItem_1.Label)]</value>
		<value condition="StringCompare(Skin.String(SetItem),Favourite) + StringCompare(Window(54).Property(SetCustomItem),2)">$INFO[Skin.String(CustomHomeItem_2.Label)]</value>
		<value condition="StringCompare(Skin.String(SetItem),Favourite) + StringCompare(Window(54).Property(SetCustomItem),3)">$INFO[Skin.String(CustomHomeItem_3.Label)]</value>
		<value condition="StringCompare(Skin.String(SetItem),Favourite) + StringCompare(Window(54).Property(SetCustomItem),4)">$INFO[Skin.String(CustomHomeItem_4.Label)]</value>
		<value condition="StringCompare(Skin.String(SetItem),Favourite) + StringCompare(Window(54).Property(SetCustomItem),5)">$INFO[Skin.String(CustomHomeItem_5.Label)]</value>
		<value condition="StringCompare(Skin.String(SetItem),Favourite) + StringCompare(Window(54).Property(SetCustomItem),6)">$INFO[Skin.String(CustomHomeItem_6.Label)]</value>
		<value condition="StringCompare(Skin.String(SetItem),Favourite) + StringCompare(Window(54).Property(SetCustomItem),7)">$INFO[Skin.String(CustomHomeItem_7.Label)]</value>
		<value condition="StringCompare(Skin.String(SetItem),Favourite) + StringCompare(Window(54).Property(SetCustomItem),8)">$INFO[Skin.String(CustomHomeItem_8.Label)]</value>
		<value condition="StringCompare(Skin.String(SetItem),Favourite) + StringCompare(Window(54).Property(SetCustomItem),9)">$INFO[Skin.String(CustomHomeItem_9.Label)]</value>
		<value condition="StringCompare(Skin.String(SetItem),Favourite) + StringCompare(Window(54).Property(SetCustomItem),10)">$INFO[Skin.String(CustomHomeItem_10.Label)]</value>
		<value condition="StringCompare(Skin.String(SetItem),Favourite) + StringCompare(Window(54).Property(SetCustomItem),11)">$INFO[Skin.String(CustomHomeItem_11.Label)]</value>
		<value condition="StringCompare(Skin.String(SetItem),Favourite) + StringCompare(Window(54).Property(SetCustomItem),12)">$INFO[Skin.String(CustomHomeItem_12.Label)]</value>
		<value condition="StringCompare(Skin.String(SetItem),Favourite) + StringCompare(Window(54).Property(SetCustomItem),13)">$INFO[Skin.String(CustomHomeItem_13.Label)]</value>
		<value condition="StringCompare(Skin.String(SetItem),Favourite) + StringCompare(Window(54).Property(SetCustomItem),14)">$INFO[Skin.String(CustomHomeItem_14.Label)]</value>
		<value condition="StringCompare(Skin.String(SetItem),Favourite) + StringCompare(Window(54).Property(SetCustomItem),15)">$INFO[Skin.String(CustomHomeItem_15.Label)]</value>
		<value>$INFO[Skin.String(SetItemLabel)]</value>
	</variable>
	<variable name="Custom_54_Icon">
		<value condition="StringCompare(Skin.String(SetItem),Favourite) + StringCompare(Window(54).Property(SetCustomItem),1)">$INFO[Skin.String(CustomHomeItem_1.Icon)]</value>
		<value condition="StringCompare(Skin.String(SetItem),Favourite) + StringCompare(Window(54).Property(SetCustomItem),2)">$INFO[Skin.String(CustomHomeItem_2.Icon)]</value>
		<value condition="StringCompare(Skin.String(SetItem),Favourite) + StringCompare(Window(54).Property(SetCustomItem),3)">$INFO[Skin.String(CustomHomeItem_3.Icon)]</value>
		<value condition="StringCompare(Skin.String(SetItem),Favourite) + StringCompare(Window(54).Property(SetCustomItem),4)">$INFO[Skin.String(CustomHomeItem_4.Icon)]</value>
		<value condition="StringCompare(Skin.String(SetItem),Favourite) + StringCompare(Window(54).Property(SetCustomItem),5)">$INFO[Skin.String(CustomHomeItem_5.Icon)]</value>
		<value condition="StringCompare(Skin.String(SetItem),Favourite) + StringCompare(Window(54).Property(SetCustomItem),6)">$INFO[Skin.String(CustomHomeItem_6.Icon)]</value>
		<value condition="StringCompare(Skin.String(SetItem),Favourite) + StringCompare(Window(54).Property(SetCustomItem),7)">$INFO[Skin.String(CustomHomeItem_7.Icon)]</value>
		<value condition="StringCompare(Skin.String(SetItem),Favourite) + StringCompare(Window(54).Property(SetCustomItem),8)">$INFO[Skin.String(CustomHomeItem_8.Icon)]</value>
		<value condition="StringCompare(Skin.String(SetItem),Favourite) + StringCompare(Window(54).Property(SetCustomItem),9)">$INFO[Skin.String(CustomHomeItem_9.Icon)]</value>
		<value condition="StringCompare(Skin.String(SetItem),Favourite) + StringCompare(Window(54).Property(SetCustomItem),10)">$INFO[Skin.String(CustomHomeItem_10.Icon)]</value>
		<value condition="StringCompare(Skin.String(SetItem),Favourite) + StringCompare(Window(54).Property(SetCustomItem),11)">$INFO[Skin.String(CustomHomeItem_11.Icon)]</value>
		<value condition="StringCompare(Skin.String(SetItem),Favourite) + StringCompare(Window(54).Property(SetCustomItem),12)">$INFO[Skin.String(CustomHomeItem_12.Icon)]</value>
		<value condition="StringCompare(Skin.String(SetItem),Favourite) + StringCompare(Window(54).Property(SetCustomItem),13)">$INFO[Skin.String(CustomHomeItem_13.Icon)]</value>
		<value condition="StringCompare(Skin.String(SetItem),Favourite) + StringCompare(Window(54).Property(SetCustomItem),14)">$INFO[Skin.String(CustomHomeItem_14.Icon)]</value>
		<value condition="StringCompare(Skin.String(SetItem),Favourite) + StringCompare(Window(54).Property(SetCustomItem),15)">$INFO[Skin.String(CustomHomeItem_15.Icon)]</value>
		<value>$INFO[Skin.String(SetItemIcon)]</value>
	</variable>
	<variable name="Music_Path">
		<value condition="Library.HasContent(Music)">RunAddon($INFO[</value>
		<value>musicfiles</value>
	</variable>
</includes>