<window>
	<defaultcontrol always="true">5</defaultcontrol>
	<allowoverlay>no</allowoverlay>
	<controls>
		<include>Dialog_Popup_Background</include>
		<control type="group">
			<include>Dialog_Popup_Animation</include>
			<posx>190</posx>
			<posy>156</posy>
			<control type="image">
				<description>dialog background</description>
				<posx>0</posx>
				<posy>0</posy>
				<width>900</width>
				<height>520</height>
				<texture>backgrounds/background.png</texture>
			</control>
			<control type="label" id="411">
				<description>heading label</description>
				<posx>25</posx>
				<posy>30</posy>
				<width>650</width>
				<height>30</height>
				<align>left</align>
				<aligny>center</aligny>
				<font>light28</font>
				<label>20043</label>
				<textcolor>green</textcolor>
			</control>

			<control type="group" id="50">
				<include>Main_Menu_Fade_Animation</include>
				<include>Window_Fade_Animation</include>
				<width>1176</width>
				<height>588</height>
				<control type="grouplist" id="5">
					<description>control area</description>
					<posx>25</posx>
					<posy>70</posy>
					<height>436</height>
					<width>650</width>
					<itemgap>0</itemgap>
					<pagecontrol>90</pagecontrol>
					<onleft>noop</onleft>
					<onright>90</onright>
					<onup>noop</onup>
					<ondown>noop</ondown>
				</control>
				<control type="button" id="7">
					<description>Default Button</description>
					<posx>0</posx>
					<posy>0</posy>
					<height>44</height>
					<font>font21</font>
					<textcolor>white</textcolor>
					<focusedcolor>black</focusedcolor>
					<disabledcolor>disabled</disabledcolor>
					<textoffsetx>20</textoffsetx>
					<texturefocus>views/line_frame_device_white.png</texturefocus>
					<texturenofocus>views/line_frame_device_black.png</texturenofocus>
					<pulseonselect>false</pulseonselect>
					<onleft>noop</onleft>
				</control>
				<control type="radiobutton" id="8">
					<description>Default RadioButton</description>
					<height>44</height>
					<font>font21</font>
					<textcolor>white</textcolor>
					<focusedcolor>black</focusedcolor>
					<disabledcolor>disabled</disabledcolor>
					<texturefocus>views/line_frame_device_white.png</texturefocus>
					<texturenofocus>views/line_frame_device_black.png</texturenofocus>
					<textoffsetx>20</textoffsetx>
					<textureradiofocus>icons/settings_radio_button_selected.png</textureradiofocus>
					<textureradionofocus>icons/settings_radio_button.png</textureradionofocus>
					<pulseonselect>false</pulseonselect>
					<radioposy>9</radioposy>
					<radiowidth>26</radiowidth>
					<radioheight>26</radioheight>
					<onleft>noop</onleft>
				</control>
				<control type="spincontrolex" id="9">
					<description>Default SpinControlex</description>
					<posx>0</posx>
					<posy>0</posy>
					<height>44</height>
					<texturefocus>views/line_frame_device_white.png</texturefocus>
					<texturenofocus>views/line_frame_device_black.png</texturenofocus>
					<textureup>icons/scroll_up.png</textureup>
					<texturedown>icons/scroll_down.png</texturedown>
					<textureupfocus>icons/settings_arrow_button_up.png</textureupfocus>
					<texturedownfocus>icons/settings_arrow_button_down.png</texturedownfocus>
					<font>font21</font>
					<textcolor>white</textcolor>
					<focusedcolor>black</focusedcolor>
					<disabledcolor>disabled</disabledcolor>
					<textoffsetx>20</textoffsetx>
					<aligny>center</aligny>
					<reverse>yes</reverse>
					<pulseonselect>false</pulseonselect>
					<onleft>noop</onleft>
				</control>
				<control type="image" id="11">
					<description>separator image</description>
					<texture>-</texture>
				</control>
				<control type="scrollbar" id="90">
					<description>scroll bar indicator for lists</description>
					<visible>Control.IsVisible(50)</visible>
					<posx>677</posx>
					<posy>70</posy>
					<width>12</width>
					<height>436</height>
					<onleft>5</onleft>
					<onright>9000</onright>
					<texturesliderbackground border="0,8,0,8">icons/scrollbar_vertical_bg.png</texturesliderbackground>
					<texturesliderbar border="4,8,4,8">icons/scrollbar_vertical_nib.png</texturesliderbar>
					<texturesliderbarfocus border="4,8,4,8">icons/scrollbar_vertical_nib_on.png</texturesliderbarfocus>
					<textureslidernib>-</textureslidernib>
					<textureslidernibfocus>-</textureslidernibfocus>
					<orientation>vertical</orientation>
					<showonepage>false</showonepage>
				</control>
			</control>

			<control type="group" id="9000">
				<defaultcontrol always="true">10</defaultcontrol>
				<posx>700</posx>
				<posy>70</posy>
				<height>310</height>
				<width>650</width>
				<control type="button" id="28">
					<posx>0</posx>
					<posy>0</posy>
					<width>33</width>
					<height>33</height>
					<align>left</align>
					<aligny>top</aligny>
					<textoffsetx>40</textoffsetx>
					<textoffsety>0</textoffsety>
					<textcolor>grey</textcolor>
					<focusedcolor>green</focusedcolor>
					<texturefocus>icons/icon_ok_on.png</texturefocus>
					<texturenofocus>icons/icon_ok.png</texturenofocus>
					<font>font23</font>
					<label>186</label>
					<onup>noop</onup>
					<ondown>29</ondown>
					<onleft>5</onleft>
					<onright>noop</onright>
					<onclick>noop</onclick>
				</control>
				<control type="label">
					<visible>Control.HasFocus(28)</visible>
					<posx>40</posx>
					<posy>0</posy>
					<width>240</width>
					<height>33</height>
					<label>186</label>
					<font>font23</font>
					<textcolor>green</textcolor>
				</control>
				<control type="button" id="29">
					<posx>0</posx>
					<posy>50</posy>
					<width>33</width>
					<height>33</height>
					<align>left</align>
					<aligny>top</aligny>
					<textoffsetx>40</textoffsetx>
					<textoffsety>0</textoffsety>
					<textcolor>grey</textcolor>
					<focusedcolor>green</focusedcolor>
					<texturefocus>icons/icon_cancel_on.png</texturefocus>
					<texturenofocus>icons/icon_cancel.png</texturenofocus>
					<font>font23</font>
					<label>222</label>
					<onup>28</onup>
					<ondown>noop</ondown>
					<onleft>5</onleft>
					<onright>noop</onright>
					<onclick>noop</onclick>
				</control>
				<control type="label">
					<visible>Control.HasFocus(29)</visible>
					<posx>40</posx>
					<posy>50</posy>
					<width>240</width>
					<height>33</height>
					<label>222</label>
					<font>font23</font>
					<textcolor>green</textcolor>
				</control>
			</control>
		</control>
	</controls>
</window>
