<window>
	<defaultcontrol always="">50</defaultcontrol>
	<allowoverlay>no</allowoverlay>
	<controls>
		<include>Common_Background</include>
		<control type="group">
			<include>Common_Browse_Background_Top</include>
			<include>Common_Browse_Background_Bottom</include>
			<include>Main_Menu_Slide_Animation</include>
			<control type="group">
				<control type="group">
					<include>Main_Menu_Fade_Animation</include>
					<posx>32</posx>
					<posy>54</posy>
					<width>1216</width>
					<height>32</height>
					<control type="image" id="110">
						<description>page header tab icon</description>
						<include>Common_Title_Image</include>
						<texture>icons/icon_sources.png</texture>
					</control>
					<control type="label">
						<description>header label</description>
						<include>Common_Title_Label</include>
						<label>$LOCALIZE[31012]</label>
					</control>
					<control type="group">
						<description>time group</description>
						<posx>600</posx>
						<posy>-34</posy>
						<include>Common_Clock</include>
					</control>
				</control>

				<control type="label">
					<description>files directory text label left</description>
					<posx>66</posx>
					<posy>120</posy>
					<width>554</width>
					<height>44</height>
					<label>744</label>
					<aligny>center</aligny>
					<font>font23</font>
					<textcolor>white</textcolor>
				</control>
				<control type="label">
					<description>playlist directory text label right</description>
					<posx>660</posx>
					<posy>120</posy>
					<width>554</width>
					<height>44</height>
					<label>559</label>
					<aligny>center</aligny>
					<font>font23</font>
					<textcolor>white</textcolor>
				</control>
				<control type="label" id="12">
					<description>number of files in left list text label</description>
					<posx>66</posx>
					<posy>652</posy>
					<width>554</width>
					<height>44</height>
					<label>-</label>
					<align>center</align>
					<aligny>center</aligny>
					<font>font23</font>
					<textcolor>white</textcolor>
				</control>
				<control type="label" id="101">
					<description>number of files in right list text label</description>
					<posx>660</posx>
					<posy>652</posy>
					<width>554</width>
					<height>44</height>
					<label>-</label>
					<align>center</align>
					<aligny>center</aligny>
					<font>font23</font>
					<textcolor>white</textcolor>
				</control>

				<control type="list" id="50">
					<posx>66</posx>
					<posy>164</posy>
					<width>554</width>
					<height>484</height>
					<onleft>ActivateWindow(51)</onleft>
					<onright>60</onright>
					<onup>noop</onup>
					<ondown>noop</ondown>
					<scrolltime>200</scrolltime>
					<pagecontrol>60</pagecontrol>
					<orientation>vertical</orientation>
					<itemlayout height="44">
						<control type="image">
							<include>LineViewFrame</include>
							<texture>views/line_frame_device_black.png</texture>
						</control>
						<control type="image">
							<posx>15</posx>
							<posy>2</posy>
							<width>40</width>
							<height>40</height>
							<info>ListItem.Icon</info>
						</control>
						<control type="label">
							<posx>60</posx>
							<width>480</width>
							<height>44</height>
							<font>font21sq</font>
							<align>left</align>
							<aligny>center</aligny>
							<label>$INFO[ListItem.Label]</label>
							<textcolor>white</textcolor>
							<selectedcolor>blue</selectedcolor>
						</control>
						<control type="label">
							<posx>539</posx>
							<width>480</width>
							<height>44</height>
							<font>font21sq</font>
							<align>right</align>
							<aligny>center</aligny>
							<label>$INFO[ListItem.Label2]</label>
							<textcolor>white</textcolor>
							<selectedcolor>blue</selectedcolor>
						</control>
					</itemlayout>
					<focusedlayout height="44">
						<control type="image">
							<include>LineViewFrame</include>
							<texture>views/line_frame_device_black.png</texture>
							<visible>!Control.HasFocus(50)</visible>
						</control>
						<control type="label">
							<posx>60</posx>
							<width>480</width>
							<height>44</height>
							<font>font21sq</font>
							<align>left</align>
							<aligny>center</aligny>
							<label>$INFO[ListItem.Label]</label>
							<textcolor>white</textcolor>
							<selectedcolor>blue</selectedcolor>
							<visible>!Control.HasFocus(50)</visible>
						</control>
						<control type="label">
							<posx>539</posx>
							<width>480</width>
							<height>44</height>
							<font>font21sq</font>
							<align>right</align>
							<aligny>center</aligny>
							<label>$INFO[ListItem.Label2]</label>
							<textcolor>white</textcolor>
							<selectedcolor>blue</selectedcolor>
							<visible>!Control.HasFocus(50)</visible>
						</control>

						<control type="image">
							<include>LineViewFrame</include>
							<texture>views/line_frame_device_black.png</texture>
							<visible>Control.HasFocus(50)</visible>
						</control>
						<control type="image">
							<include>LineViewFrame</include>
							<texture>views/line_frame_device_white.png</texture>
							<include>LineViewItemFade</include>
							<animation effect="fade" start="100" end="10" time="0" condition="!Control.HasFocus(50)">Conditional</animation>
						</control>
						<control type="image">
							<posx>15</posx>
							<posy>2</posy>
							<width>40</width>
							<height>40</height>
							<info>ListItem.Icon</info>
						</control>
						<control type="label">
							<posx>60</posx>
							<width>480</width>
							<height>44</height>
							<font>font21sq</font>
							<align>left</align>
							<aligny>center</aligny>
							<label>$INFO[ListItem.Label]</label>
							<textcolor>black</textcolor>
							<selectedcolor>black</selectedcolor>
							<visible>Control.HasFocus(50)</visible>
						</control>
						<control type="label">
							<posx>539</posx>
							<width>480</width>
							<height>44</height>
							<font>font21sq</font>
							<align>right</align>
							<aligny>center</aligny>
							<label>$INFO[ListItem.Label2]</label>
							<textcolor>black</textcolor>
							<selectedcolor>black</selectedcolor>
							<visible>Control.HasFocus(50)</visible>
						</control>
					</focusedlayout>
				</control>
				<control type="list" id="100">
					<posx>660</posx>
					<posy>164</posy>
					<width>554</width>
					<height>484</height>
					<onleft>50</onleft>
					<onright>61</onright>
					<onup>noop</onup>
					<ondown>noop</ondown>
					<scrolltime>200</scrolltime>
					<pagecontrol>61</pagecontrol>
					<orientation>vertical</orientation>
					<itemlayout height="44">
						<control type="image">
							<include>LineViewFrame</include>
							<texture>views/line_frame_device_black.png</texture>
						</control>
						<control type="image">
							<posx>15</posx>
							<posy>2</posy>
							<width>40</width>
							<height>40</height>
							<info>ListItem.Icon</info>
						</control>
						<control type="label">
							<posx>60</posx>
							<width>480</width>
							<height>44</height>
							<font>font21sq</font>
							<align>left</align>
							<aligny>center</aligny>
							<label>$INFO[ListItem.Label]</label>
							<textcolor>white</textcolor>
							<selectedcolor>blue</selectedcolor>
						</control>
						<control type="label">
							<posx>539</posx>
							<width>480</width>
							<height>44</height>
							<font>font21sq</font>
							<align>right</align>
							<aligny>center</aligny>
							<label>$INFO[ListItem.Label2]</label>
							<textcolor>white</textcolor>
							<selectedcolor>blue</selectedcolor>
						</control>
					</itemlayout>
					<focusedlayout height="44">
						<control type="image">
							<include>LineViewFrame</include>
							<texture>views/line_frame_device_black.png</texture>
							<visible>!Control.HasFocus(100)</visible>
						</control>
						<control type="label">
							<posx>60</posx>
							<width>480</width>
							<height>44</height>
							<font>font21sq</font>
							<align>left</align>
							<aligny>center</aligny>
							<label>$INFO[ListItem.Label]</label>
							<textcolor>white</textcolor>
							<selectedcolor>blue</selectedcolor>
							<visible>!Control.HasFocus(100)</visible>
						</control>
						<control type="label">
							<posx>539</posx>
							<width>480</width>
							<height>44</height>
							<font>font21sq</font>
							<align>right</align>
							<aligny>center</aligny>
							<label>$INFO[ListItem.Label2]</label>
							<textcolor>white</textcolor>
							<selectedcolor>blue</selectedcolor>
							<visible>!Control.HasFocus(100)</visible>
						</control>

						<control type="image">
							<include>LineViewFrame</include>
							<texture>views/line_frame_device_black.png</texture>
							<visible>Control.HasFocus(100)</visible>
						</control>
						<control type="image">
							<include>LineViewFrame</include>
							<texture>views/line_frame_device_white.png</texture>
							<include>LineViewItemFade</include>
							<animation effect="fade" start="100" end="10" time="0" condition="!Control.HasFocus(100)">Conditional</animation>
						</control>
						<control type="image">
							<posx>15</posx>
							<posy>2</posy>
							<width>40</width>
							<height>40</height>
							<info>ListItem.Icon</info>
						</control>
						<control type="label">
							<posx>60</posx>
							<width>480</width>
							<height>44</height>
							<font>font21sq</font>
							<align>left</align>
							<aligny>center</aligny>
							<label>$INFO[ListItem.Label]</label>
							<textcolor>black</textcolor>
							<selectedcolor>black</selectedcolor>
							<visible>Control.HasFocus(100)</visible>
						</control>
						<control type="label">
							<posx>539</posx>
							<width>480</width>
							<height>44</height>
							<font>font21sq</font>
							<align>right</align>
							<aligny>center</aligny>
							<label>$INFO[ListItem.Label2]</label>
							<textcolor>black</textcolor>
							<selectedcolor>black</selectedcolor>
							<visible>Control.HasFocus(100)</visible>
						</control>
					</focusedlayout>
				</control>

				<control type="scrollbar" id="60">
					<description>scroll bar indicator for lists</description>
					<posx>625</posx>
					<posy>164</posy>
					<width>12</width>
					<height>488</height>
					<onleft>50</onleft>
					<onright>100</onright>
					<texturesliderbackground border="0,8,0,8">icons/scrollbar_vertical_bg.png</texturesliderbackground>
					<texturesliderbar border="4,8,4,8">icons/scrollbar_vertical_nib.png</texturesliderbar>
					<texturesliderbarfocus border="4,8,4,8">icons/scrollbar_vertical_nib_on.png</texturesliderbarfocus>
					<orientation>vertical</orientation>
					<showonepage>false</showonepage>
				</control>
				<control type="scrollbar" id="61">
					<description>scroll bar indicator for lists</description>
					<posx>1219</posx>
					<posy>164</posy>
					<width>12</width>
					<height>488</height>
					<onleft>100</onleft>
					<texturesliderbackground border="0,8,0,8">icons/scrollbar_vertical_bg.png</texturesliderbackground>
					<texturesliderbar border="4,8,4,8">icons/scrollbar_vertical_nib.png</texturesliderbar>
					<texturesliderbarfocus border="4,8,4,8">icons/scrollbar_vertical_nib_on.png</texturesliderbarfocus>
					<orientation>vertical</orientation>
					<showonepage>false</showonepage>
				</control>
			</control>
			<include>Common_Main_Menu_Button</include>
		</control>
	</controls>
</window>