<window>
	<defaultcontrol>1001</defaultcontrol>
	<include>Window_OpenClose_Animation</include>
	<coordinates>
		<origin x="115" y="79"/>
	</coordinates>
	<controls>
		<control type="image" id="997">
			<description>background image</description>
			<posx>0</posx>
			<posy>-20</posy>
			<width>350</width>
			<height>20</height>
			<texture>-</texture>
		</control>
		<control type="image" id="998">
			<description>background image</description>
			<posx>0</posx>
			<posy>0</posy>
			<width>350</width>
			<height>20</height>
			<texture>-</texture>
		</control>
		<control type="image" id="999">
			<description>background image</description>
			<posx>0</posx>
			<posy>0</posy>
			<width>350</width>
			<texture>-</texture>
		</control>
		<control type="button" id="1001">
			<description>button template</description>
			<posx>25</posx>
			<posy>0</posy>
			<width>300</width>
			<height>42</height>
			<align>center</align>
			<font>-</font>
			<onleft>Close</onleft>
			<ondown>1002</ondown>
			<textoffsetx>-</textoffsetx>
			<texturenofocus>-</texturenofocus>
			<texturefocus>-</texturefocus>
			<pulseonselect>false</pulseonselect>
		</control>
		<control type="button" id="1002">
			<description>button template</description>
			<posx>25</posx>
			<posy>0</posy>
			<width>300</width>
			<height>42</height>
			<align>center</align>
			<font>-</font>
			<onleft>Close</onleft>
			<onup>1001</onup>
			<ondown>1003</ondown>
			<textoffsetx>-</textoffsetx>
			<texturenofocus>-</texturenofocus>
			<texturefocus>-</texturefocus>
			<pulseonselect>false</pulseonselect>
		</control>
		<control type="button" id="1003">
			<description>button template</description>
			<posx>25</posx>
			<posy>0</posy>
			<width>300</width>
			<height>42</height>
			<align>center</align>
			<font>-</font>
			<onleft>Close</onleft>
			<onup>1002</onup>
			<textoffsetx>-</textoffsetx>
			<texturenofocus>-</texturenofocus>
			<texturefocus>-</texturefocus>
			<pulseonselect>false</pulseonselect>
		</control>
		<control type="grouplist">
			<posx>350</posx>
			<posy>21</posy>
			<width>350</width>
			<height>720</height>
			<aligny>center</aligny>
			<itemgap>0</itemgap>
			<control type="image">
				<description>background image</description>
				<width>350</width>
				<height>21</height>
				<texture>menu/context_menu_top.png</texture>
			</control>
			<control type="group">
				<width>350</width>
				<height>44</height>
				<visible>Control.IsVisible(1001)</visible>
				<control type="image">
					<description>background image</description>
					<posx>0</posx>
					<posy>0</posy>
					<width>350</width>
					<height>44</height>
					<texture>menu/context_menu_back_global_search.png</texture>
				</control>
				<control type="image">
					<description>background image</description>
					<posx>25</posx>
					<posy>0</posy>
					<width>300</width>
					<height>44</height>
					<texture>menu/context_menu_no_focus.png</texture>
					<visible>!Control.HasFocus(1001)</visible>
				</control>
				<control type="image">
					<description>background image</description>
					<posx>25</posx>
					<posy>0</posy>
					<width>300</width>
					<height>44</height>
					<texture>menu/context_menu_focus.png</texture>
					<visible>Control.HasFocus(1001)</visible>
				</control>
				<control type="label">
					<posx>25</posx>
					<posy>0</posy>
					<width>300</width>
					<height>44</height>
					<align>center</align>
					<aligny>center</aligny>
					<font>font21</font>
					<textcolor>white</textcolor>
					<info>Control.GetLabel(1001)</info>
					<visible>!Control.HasFocus(1001)</visible>
				</control>
				<control type="label">
					<posx>25</posx>
					<posy>0</posy>
					<width>300</width>
					<height>44</height>
					<align>center</align>
					<aligny>center</aligny>
					<font>font21</font>
					<textcolor>black</textcolor>
					<info>Control.GetLabel(1001)</info>
					<visible>Control.HasFocus(1001)</visible>
				</control>
			</control>
			<control type="group">
				<width>350</width>
				<height>44</height>
				<visible>Control.IsVisible(1002)</visible>
				<control type="image">
					<description>background image</description>
					<posx>0</posx>
					<posy>0</posy>
					<width>350</width>
					<height>44</height>
					<texture>menu/context_menu_back_global_search.png</texture>
				</control>
				<control type="image">
					<description>background image</description>
					<posx>25</posx>
					<posy>0</posy>
					<width>300</width>
					<height>44</height>
					<texture>menu/context_menu_no_focus.png</texture>
					<visible>!Control.HasFocus(1002)</visible>
				</control>
				<control type="image">
					<description>background image</description>
					<posx>25</posx>
					<posy>0</posy>
					<width>300</width>
					<height>44</height>
					<texture>menu/context_menu_focus.png</texture>
					<visible>Control.HasFocus(1002)</visible>
				</control>
				<control type="label">
					<posx>25</posx>
					<posy>0</posy>
					<width>300</width>
					<height>44</height>
					<align>center</align>
					<aligny>center</aligny>
					<font>font21</font>
					<textcolor>white</textcolor>
					<info>Control.GetLabel(1002)</info>
					<visible>!Control.HasFocus(1002)</visible>
				</control>
				<control type="label">
					<posx>25</posx>
					<posy>0</posy>
					<width>300</width>
					<height>44</height>
					<align>center</align>
					<aligny>center</aligny>
					<font>font21</font>
					<textcolor>black</textcolor>
					<info>Control.GetLabel(1002)</info>
					<visible>Control.HasFocus(1002)</visible>
				</control>
			</control>
			<control type="group">
				<width>350</width>
				<height>44</height>
				<visible>Control.IsVisible(1003)</visible>
				<control type="image">
					<description>background image</description>
					<posx>0</posx>
					<posy>0</posy>
					<width>350</width>
					<height>44</height>
					<texture>menu/context_menu_back_global_search.png</texture>
				</control>
				<control type="image">
					<description>background image</description>
					<posx>25</posx>
					<posy>0</posy>
					<width>300</width>
					<height>44</height>
					<texture>menu/context_menu_no_focus.png</texture>
					<visible>!Control.HasFocus(1003)</visible>
				</control>
				<control type="image">
					<description>background image</description>
					<posx>25</posx>
					<posy>0</posy>
					<width>300</width>
					<height>44</height>
					<texture>menu/context_menu_focus.png</texture>
					<visible>Control.HasFocus(1003)</visible>
				</control>
				<control type="label">
					<posx>25</posx>
					<posy>0</posy>
					<width>300</width>
					<height>44</height>
					<align>center</align>
					<aligny>center</aligny>
					<font>font21</font>
					<textcolor>white</textcolor>
					<info>Control.GetLabel(1003)</info>
					<visible>!Control.HasFocus(1003)</visible>
				</control>
				<control type="label">
					<posx>25</posx>
					<posy>0</posy>
					<width>300</width>
					<height>44</height>
					<align>center</align>
					<aligny>center</aligny>
					<font>font21</font>
					<textcolor>black</textcolor>
					<info>Control.GetLabel(1003)</info>
					<visible>Control.HasFocus(1003)</visible>
				</control>
			</control>
			<control type="group">
				<width>350</width>
				<height>44</height>
				<visible>Skin.HasSetting(RemoteCloseMessage) | Skin.HasSetting(MouseCloseMessage)</visible>
				<control type="image">
					<description>background image</description>
					<posx>0</posx>
					<posy>0</posy>
					<width>350</width>
					<height>44</height>
					<texture>menu/context_menu_back_global_search.png</texture>
				</control>
				<control type="label">
					<description>Label</description>
					<posx>25</posx>
					<posy>6</posy>
					<width>300</width>
					<height>44</height>
					<font>font21</font>
					<label>31062</label>
					<aligny>center</aligny>
					<textcolor>yellow</textcolor>
					<visible>Skin.HasSetting(RemoteCloseMessage)</visible>
				</control>
				<control type="button">
					<posx>25</posx>
					<posy>6</posy>
					<width>300</width>
					<height>44</height>
					<font>font21</font>
					<label>31060</label>
					<textcolor>yellow</textcolor>
					<focusedcolor>red</focusedcolor>
					<textoffsetx>0</textoffsetx>
					<texturefocus>-</texturefocus>
					<texturenofocus>-</texturenofocus>
					<onclick>Close</onclick>
					<visible>Skin.HasSetting(MouseCloseMessage)</visible>
				</control>
			</control>
			<control type="image">
				<description>background image</description>
				<width>350</width>
				<height>21</height>
				<texture>menu/context_menu_bottom.png</texture>
			</control>
		</control>
	</controls>
</window>