<window>
	<coordinates>
		<system>1</system>
		<posx>0</posx>
		<posy>0</posy>
	</coordinates>
	<controls>
		<control type="button" id="191">
			<posx>-10</posx>
			<posy>-10</posy>
			<width>1</width>
			<height>1</height>
			<texturenofocus>-</texturenofocus>
			<texturefocus>-</texturefocus>
			<font>-</font>
			<onfocus>SetFocus(192)</onfocus>
		</control>
		<control type="list" id="100">
			<posx>-10</posx>
			<posy>-10</posy>
			<width>1</width>
			<height>1</height>
			<visible>false</visible>
			<itemlayout width="1" height="1"/>
			<focusedlayout width="1" height="1"/>
		</control>
		<control type="list" id="110">
			<posx>-10</posx>
			<posy>-10</posy>
			<width>1</width>
			<height>1</height>
			<itemlayout width="1" height="1"/>
			<focusedlayout width="1" height="1"/>
		</control>
		<control type="list" id="120">
			<posx>-10</posx>
			<posy>-10</posy>
			<width>1</width>
			<height>1</height>
			<itemlayout width="1" height="1"/>
			<focusedlayout width="1" height="1"/>
		</control>
		<control type="list" id="130">
			<posx>-10</posx>
			<posy>-10</posy>
			<width>1</width>
			<height>1</height>
			<itemlayout width="1" height="1"/>
			<focusedlayout width="1" height="1"/>
		</control>
		<control type="list" id="140">
			<posx>-10</posx>
			<posy>-10</posy>
			<width>1</width>
			<height>1</height>
			<itemlayout width="1" height="1"/>
			<focusedlayout width="1" height="1"/>
		</control>
		<control type="list" id="150">
			<posx>-10</posx>
			<posy>-10</posy>
			<width>1</width>
			<height>1</height>
			<itemlayout width="1" height="1"/>
			<focusedlayout width="1" height="1"/>
		</control>
		<control type="list" id="160">
			<posx>-10</posx>
			<posy>-10</posy>
			<width>1</width>
			<height>1</height>
			<itemlayout width="1" height="1"/>
			<focusedlayout width="1" height="1"/>
		</control>
		<control type="list" id="170">
			<posx>-10</posx>
			<posy>-10</posy>
			<width>1</width>
			<height>1</height>
			<itemlayout width="1" height="1"/>
			<focusedlayout width="1" height="1"/>
		</control>
		<control type="list" id="180">
			<posx>-10</posx>
			<posy>-10</posy>
			<width>1</width>
			<height>1</height>
			<itemlayout width="1" height="1"/>
			<focusedlayout width="1" height="1"/>
		</control>
		<control type="group">
			<include>Common_Info_Background</include>
			<include>Main_Menu_Slide_Animation</include>
			<control type="group">
				<include>Window_Fade_Animation</include>
				<description>First Page Video/Music/Photos/Applications</description>
				<posx>32</posx>
				<posy>54</posy>
				<width>1216</width>
				<height>32</height>
				<control type="image">
					<description>page header tab icon</description>
					<include>Common_Title_Image</include>
					<texture>icons/icon_music.png</texture>
					<visible>Control.IsVisible(160) | Control.IsVisible(170) | Control.IsVisible(180)</visible>
				</control>
				<control type="image">
					<description>page header tab icon</description>
					<include>Common_Title_Image</include>
					<texture>icons/icon_video.png</texture>
					<visible>Control.IsVisible(110) | Control.IsVisible(120) | Control.IsVisible(130) | Control.IsVisible(140) | Control.IsVisible(150)</visible>
				</control>
				<control type="label">
					<description>Movies/Shows Title</description>
					<include>Common_Title_Label</include>
					<label>13346</label>
					<visible>Control.IsVisible(110)</visible>
				</control>
				<control type="label">
					<description>TV Show/Season Title</description>
					<include>Common_Title_Label</include>
					<label>20351</label>
					<visible>Control.IsVisible(120) | Control.IsVisible(130)</visible>
				</control>
				<control type="label">
					<description>Episode Title</description>
					<include>Common_Title_Label</include>
					<label>20352</label>
					<visible>Control.IsVisible(140)</visible>
				</control>
				<control type="label">
					<description>Music Video Title</description>
					<include>Common_Title_Label</include>
					<label>20393</label>
					<visible>Control.IsVisible(150)</visible>
				</control>
				<control type="label">
					<description>Album Title</description>
					<include>Common_Title_Label</include>
					<label>13351</label>
					<visible>Control.IsVisible(160)</visible>
				</control>
				<control type="label">
					<description>Artist Title</description>
					<include>Common_Title_Label</include>
					<label>21891</label>
					<visible>Control.IsVisible(170)</visible>
				</control>
				<control type="label">
					<description>Song Title</description>
					<include>Common_Title_Label</include>
					<label>658</label>
					<visible>Control.IsVisible(180)</visible>
				</control>
				<control type="group">
					<description>time group</description>
					<posx>600</posx>
					<posy>-34</posy>
					<include>Common_Clock</include>
				</control>
			</control>
			<control type="group">
				<include>Main_Menu_Fade_Animation</include>
				<include>Window_Fade_Animation</include>
				<animation type="Conditional" condition="Window.IsVisible(progressdialog)">
					<effect type="fade" start="100" end="20" time="200"/>
				</animation>
				<control type="grouplist" id="9000">
					<description>buttons</description>
					<posx>32</posx>
					<posy>113</posy>
					<width>1200</width>
					<height>33</height>
					<itemgap>12</itemgap>
					<orientation>horizontal</orientation>
					<onup>noop</onup>
					<ondown>50</ondown>
					<onleft>noop</onleft>
					<onright>noop</onright>
					<control type="button" id="192">
						<description>Play/Browse button</description>
						<posx>0</posx>
						<posy>0</posy>
						<width>1</width>
						<height>33</height>
						<label>-</label>
						<texturenofocus>-</texturenofocus>
						<texturefocus>-</texturefocus>
						<font>-</font>
						<hitrect x="0" y="0" w="100" h="33" />
					</control>
					<control type="image" id="20">
						<posx>0</posx>
						<posy>0</posy>
						<width>33</width>
						<height>33</height>
						<label>-</label>
						<onleft>noop</onleft>
						<texture>buttons/info_play_on.png</texture>
						<visible>Control.HasFocus(192) + [Control.IsVisible(110) | Control.IsVisible(140) | Control.IsVisible(150) | Control.IsVisible(170) | Control.IsVisible(180)]</visible>
					</control>
					<control type="image" id="21">
						<posx>0</posx>
						<posy>0</posy>
						<width>33</width>
						<height>33</height>
						<label>-</label>
						<onleft>noop</onleft>
						<texture>buttons/info_play.png</texture>
						<visible>!Control.HasFocus(192) + [Control.IsVisible(110) | Control.IsVisible(140) | Control.IsVisible(150) | Control.IsVisible(170) | Control.IsVisible(180)]</visible>
					</control>
					<control type="image" id="22">
						<posx>0</posx>
						<posy>0</posy>
						<width>33</width>
						<height>33</height>
						<label>-</label>
						<onleft>noop</onleft>
						<texture flipx="true">buttons/info_thumb_on.png</texture>
						<visible>Control.HasFocus(192) + [Control.IsVisible(120) | Control.IsVisible(130) | Control.IsVisible(160)]</visible>
					</control>
					<control type="image" id="23">
						<posx>0</posx>
						<posy>0</posy>
						<width>33</width>
						<height>33</height>
						<label>-</label>
						<onleft>noop</onleft>
						<texture flipx="true">buttons/info_thumb.png</texture>
						<visible>!Control.HasFocus(192) + [Control.IsVisible(120) | Control.IsVisible(130) | Control.IsVisible(160)]</visible>
					</control>
					<control type="label" id="24">
						<description>Play/Browse label</description>
						<visible>!Control.HasFocus(192)</visible>
						<posx>0</posx>
						<posy>0</posy>
						<width min="0" max="200">auto</width>
						<height>33</height>
						<aligny>center</aligny>
						<info>Control.GetLabel(192)</info>
						<textcolor>grey</textcolor>
						<font>font21</font>
					</control>
					<control type="label" id="25">
						<description>Play/Browse label</description>
						<visible>Control.HasFocus(192)</visible>
						<posx>0</posx>
						<posy>0</posy>
						<width min="0" max="200">auto</width>
						<height>33</height>
						<aligny>center</aligny>
						<info>Control.GetLabel(192)</info>
						<textcolor>green</textcolor>
						<font>font21</font>
					</control>
					<control type="image" id="26">
						<description>left dotted line</description>
						<posx>0</posx>
						<posy>0</posy>
						<width>3</width>
						<height>33</height>
						<texture>icons/dotted_line_divider.png</texture>
					</control>
					<control type="button" id="193">
						<description>Play/Browse button</description>
						<posx>0</posx>
						<posy>0</posy>
						<width>1</width>
						<height>33</height>
						<label>-</label>
						<texturenofocus>-</texturenofocus>
						<texturefocus>-</texturefocus>
						<font>-</font>
						<hitrect x="0" y="0" w="100" h="33" />
					</control>
					<control type="image" id="27">
						<posx>0</posx>
						<posy>0</posy>
						<width>33</width>
						<height>33</height>
						<label>-</label>
						<onleft>noop</onleft>
						<texture>buttons/info_trailer_on.png</texture>
						<visible>Control.IsVisible(193) + Control.HasFocus(193) + Control.IsVisible(110)</visible>
					</control>
					<control type="image" id="28">
						<posx>0</posx>
						<posy>0</posy>
						<width>33</width>
						<height>33</height>
						<label>-</label>
						<onleft>noop</onleft>
						<texture>buttons/info_trailer.png</texture>
						<visible>Control.IsVisible(193) + !Control.HasFocus(193) + Control.IsVisible(110)</visible>
					</control>
					<control type="image" id="29">
						<posx>0</posx>
						<posy>0</posy>
						<width>33</width>
						<height>33</height>
						<label>-</label>
						<onleft>noop</onleft>
						<texture flipx="true">buttons/info_thumb_on.png</texture>
						<visible>Control.IsVisible(193) + Control.HasFocus(193) + Control.IsVisible(170)</visible>
					</control>
					<control type="image" id="30">
						<posx>0</posx>
						<posy>0</posy>
						<width>33</width>
						<height>33</height>
						<label>-</label>
						<onleft>noop</onleft>
						<texture flipx="true">buttons/info_thumb.png</texture>
						<visible>Control.IsVisible(193) + !Control.HasFocus(193) + Control.IsVisible(170)</visible>
					</control>
					<control type="label" id="31">
						<description>Play/Browse label</description>
						<visible>Control.IsVisible(193) + !Control.HasFocus(193) + [Control.IsVisible(110) | Control.IsVisible(170)]</visible>
						<posx>0</posx>
						<posy>0</posy>
						<width min="0" max="200">auto</width>
						<height>33</height>
						<aligny>center</aligny>
						<info>Control.GetLabel(193)</info>
						<textcolor>grey</textcolor>
						<font>font21</font>
					</control>
					<control type="label" id="32">
						<description>Play/Browse label</description>
						<visible>Control.IsVisible(193) + Control.HasFocus(193) + [Control.IsVisible(110) | Control.IsVisible(170)]</visible>
						<posx>0</posx>
						<posy>0</posy>
						<width min="0" max="200">auto</width>
						<height>33</height>
						<aligny>center</aligny>
						<info>Control.GetLabel(193)</info>
						<textcolor>green</textcolor>
						<font>font21</font>
					</control>
					<control type="image" id="33">
						<description>left dotted line</description>
						<visible>Control.IsVisible(193) + [Control.IsVisible(110) | Control.IsVisible(170)]</visible>
						<posx>0</posx>
						<posy>0</posy>
						<width>3</width>
						<height>33</height>
						<texture>icons/dotted_line_divider.png</texture>
					</control>
					<control type="button" id="999">
						<description>Close button</description>
						<posx>0</posx>
						<posy>0</posy>
						<width>33</width>
						<height>33</height>
						<onclick>Close</onclick>
						<texturenofocus>icons/icon_cancel.png</texturenofocus>
						<texturefocus>icons/icon_cancel_on.png</texturefocus>
						<font>-</font>
						<hitrect x="0" y="0" w="100" h="33" />
					</control>
					<control type="label" id="38">
						<description>Close label</description>
						<visible>!Control.HasFocus(999)</visible>
						<posx>0</posx>
						<posy>0</posy>
						<width min="0" max="200">auto</width>
						<height>33</height>
						<aligny>center</aligny>
						<label>31081</label>
						<textcolor>grey</textcolor>
						<font>font21</font>
					</control>
					<control type="label" id="39">
						<description>Close label</description>
						<visible>Control.HasFocus(999)</visible>
						<posx>0</posx>
						<posy>0</posy>
						<width min="0" max="200">auto</width>
						<height>33</height>
						<aligny>center</aligny>
						<label>31081</label>
						<textcolor>green</textcolor>
						<font>font21</font>
					</control>
				</control>
				<control type="group">
					<posx>10</posx>
					<posy>158</posy>
					<control type="group">
						<description>media icon</description>
						<posx>54</posx>
						<posy>28</posy>
						<control type="image">
							<description>Frame Device</description>
							<posx>0</posx>
							<posy>0</posy>
							<width>190</width>
							<height>190</height>
							<texture>views/frame_device_sq_white.png</texture>
						</control>
						<control type="image" id="3">
							<description>Cover image</description>
							<posx>12</posx>
							<posy>12</posy>
							<width>166</width>
							<height>166</height>
							<info>Container(100).ListItem.Icon</info>
							<aspectratio>keep</aspectratio>
							<bordersize>4</bordersize>
							<bordertexture>views/info_cover_border.png</bordertexture>
						</control>
					</control>
					<control type="group">
						<control type="group">
							<description>info center</description>
							<posx>280</posx>
							<posy>34</posy>
							<control type="label">
								<description>TV Shows</description>
								<visible>!Control.IsVisible(140) + !Control.IsVisible(150)</visible>
								<label>$INFO[Container(100).ListItem.Label]</label>
								<include>Info_Title_Label</include>
							</control>
							<control type="label">
								<description>Episodes</description>
								<visible>Control.IsVisible(140)</visible>
								<label>$INFO[Container(100).ListItem.Property(TvShowTitle)], $INFO[Container(100).ListItem.Label]</label>
								<include>Info_Title_Label</include>
							</control>
							<control type="label">
								<description>Music Videos</description>
								<visible>Control.IsVisible(150)</visible>
								<label>$INFO[Container(100).ListItem.Property(Artist)], $INFO[Container(100).ListItem.Label]</label>
								<include>Info_Title_Label</include>
							</control>
							<control type="textbox">
								<description>plot</description>
								<visible>!IsEmpty(Container(100).ListItem.Property(Plot))</visible>
								<info>Container(100).ListItem.Property(Plot)</info>
								<include>Info_Description_Label</include>
							</control>
							<control type="textbox">
								<description>plot</description>
								<visible>!IsEmpty(Container(100).ListItem.Property(Album_Description))</visible>
								<info>Container(100).ListItem.Property(Album_Description)</info>
								<include>Info_Description_Label</include>
							</control>
							<control type="textbox">
								<description>plot</description>
								<visible>!IsEmpty(Container(100).ListItem.Property(Artist_Description))</visible>
								<info>Container(100).ListItem.Property(Artist_Description)</info>
								<include>Info_Description_Label</include>
							</control>
							<control type="textbox">
								<description>plot</description>
								<visible>!IsEmpty(Container(100).ListItem.Property(Comment))</visible>
								<info>Container(100).ListItem.Property(Comment)</info>
								<include>Info_Description_Label</include>
							</control>
						</control>
						<control type="group">
							<posx>40</posx>
							<posy>230</posy>
							<width>1200</width>
							<height>240</height>
							<control type="grouplist">
								<description>left info</description>
								<posx>0</posx>
								<posy>0</posy>
								<width>230</width>
								<height>200</height>
								<itemgap>15</itemgap>
								<orientation>vertical</orientation>
								<usecontrolcoords>true</usecontrolcoords>
								<control type="image">
									<description>Star</description>
									<visible>!IsEmpty(Container(100).ListItem.Property(Rating))</visible>
									<posx>35</posx>
									<posy>0</posy>
									<width>150</width>
									<height>22</height>
									<aspectratio>keep</aspectratio>
									<texture>$INFO[Container(100).ListItem.Property(Rating),flagging/stars/,.png]</texture>
								</control>
								<control type="image">
									<description>Star</description>
									<visible>!IsEmpty(Container(100).ListItem.Property(Album_Rating))</visible>
									<posx>35</posx>
									<posy>0</posy>
									<width>150</width>
									<height>22</height>
									<aspectratio>keep</aspectratio>
									<texture>$INFO[Container(100).ListItem.Property(Album_Rating),flagging/stars/,.png]</texture>
								</control>
								<control type="label">
									<description>Runtime value</description>
									<visible>!IsEmpty(Container(100).ListItem.Property(Duration))</visible>
									<width>230</width>
									<height>20</height>
									<align>left</align>
									<aligny>top</aligny>
									<label>[COLOR grey]$LOCALIZE[2050]:[/COLOR] $INFO[Container(100).ListItem.Property(Duration)]$LOCALIZE[31073]</label>
									<font>font21</font>
								</control>
								<control type="label">
									<description>Year value</description>
									<visible>!IsEmpty(Container(100).ListItem.Property(Year))</visible>
									<width>230</width>
									<height>20</height>
									<label>[COLOR grey]$LOCALIZE[31071]:[/COLOR] $INFO[Container(100).ListItem.Property(Year)]</label>
									<font>font21</font>
								</control>
								<control type="label">
									<description>Active value</description>
									<visible>!IsEmpty(Container(100).ListItem.Property(Artist_YearsActive))</visible>
									<width>230</width>
									<height>80</height>
									<label>[COLOR grey]$LOCALIZE[652]:[/COLOR] $INFO[Container(100).ListItem.Property(Artist_YearsActive)]</label>
									<font>font21</font>
									<wrapmultiline>true</wrapmultiline>
								</control>
								<control type="textbox">
									<description>MPAA Rating value</description>
									<visible>!IsEmpty(Container(100).ListItem.Property(Mpaa))</visible>
									<width>230</width>
									<height>80</height>
									<label>[COLOR grey]$LOCALIZE[31086]:[/COLOR] $INFO[Container(100).ListItem.Property(Mpaa)]</label>
									<font>font21</font>
								</control>
							</control>
							<control type="image">
								<posx>240</posx>
								<posy>60</posy>
								<width>930</width>
								<height>2</height>
								<texture>views/line_divider.png</texture>
							</control>
							<control type="grouplist">
								<visible>Control.IsVisible(110)</visible>
								<posx>240</posx>
								<posy>80</posy>
								<width>930</width>
								<height>210</height>
								<itemgap>15</itemgap>
								<orientation>vertical</orientation>
								<control type="label">
									<visible>!IsEmpty(Container(100).ListItem.Property(Studio))</visible>
									<width>930</width>
									<height>20</height>
									<label>[COLOR grey]$LOCALIZE[572]:[/COLOR] $INFO[Container(100).ListItem.Property(Studio)]</label>
									<font>font21</font>
								</control>
								<control type="label">
									<description>director value</description>
									<visible>!IsEmpty(Container(100).ListItem.Property(Director))</visible>
									<width>930</width>
									<height>20</height>
									<label>[COLOR grey]$LOCALIZE[20339]:[/COLOR] $INFO[Container(100).ListItem.Property(Director)]</label>
									<font>font21</font>
								</control>
								<control type="label">
									<description>writer value</description>
									<visible>!IsEmpty(Container(100).ListItem.Property(Writer))</visible>
									<width>930</width>
									<height>20</height>
									<label>[COLOR grey]$LOCALIZE[20417]:[/COLOR] $INFO[Container(100).ListItem.Property(Writer)]</label>
									<font>font21</font>
								</control>
								<control type="label">
									<description>Genre value</description>
									<visible>!IsEmpty(Container(100).ListItem.Property(Genre))</visible>
									<width>930</width>
									<height>80</height>
									<label>[COLOR grey]$LOCALIZE[515]:[/COLOR] $INFO[Container(100).ListItem.Property(Genre)]</label>
									<font>font21</font>
								</control>
							</control>
							<control type="grouplist">
								<visible>Control.IsVisible(120) | Control.IsVisible(130)</visible>
								<posx>240</posx>
								<posy>80</posy>
								<width>930</width>
								<height>210</height>
								<itemgap>15</itemgap>
								<orientation>vertical</orientation>
								<control type="label">
									<visible>!IsEmpty(Container(100).ListItem.Property(Studio))</visible>
									<width>930</width>
									<height>20</height>
									<label>[COLOR grey]$LOCALIZE[572]:[/COLOR] $INFO[Container(100).ListItem.Property(Studio)]</label>
									<font>font21</font>
								</control>
								<control type="label">
									<description>Genre value</description>
									<visible>!IsEmpty(Container(100).ListItem.Property(Genre))</visible>
									<width>930</width>
									<height>80</height>
									<label>[COLOR grey]$LOCALIZE[515]:[/COLOR] $INFO[Container(100).ListItem.Property(Genre)]</label>
									<font>font21</font>
								</control>
							</control>
							<control type="grouplist">
								<visible>Control.IsVisible(140)</visible>
								<posx>240</posx>
								<posy>80</posy>
								<width>930</width>
								<height>210</height>
								<itemgap>15</itemgap>
								<orientation>vertical</orientation>
								<control type="label">
									<description>director value</description>
									<visible>!IsEmpty(Container(100).ListItem.Property(Director))</visible>
									<width>930</width>
									<height>20</height>
									<label>[COLOR grey]$LOCALIZE[20339]:[/COLOR] $INFO[Container(100).ListItem.Property(Director)]</label>
									<font>font21</font>
								</control>
								<control type="label">
									<description>Premiered value</description>
									<visible>!IsEmpty(Container(100).ListItem.Property(Premiered))</visible>
									<width>930</width>
									<height>80</height>
									<label>[COLOR grey]$LOCALIZE[31079]:[/COLOR] $INFO[Container(100).ListItem.Property(Premiered)]</label>
									<font>font21</font>
								</control>
							</control>
							<control type="grouplist">
								<visible>Control.IsVisible(150)</visible>
								<posx>240</posx>
								<posy>80</posy>
								<width>930</width>
								<height>210</height>
								<itemgap>15</itemgap>
								<orientation>vertical</orientation>
								<control type="label">
									<visible>!IsEmpty(Container(100).ListItem.Property(Studio))</visible>
									<width>930</width>
									<height>20</height>
									<label>[COLOR grey]$LOCALIZE[572]:[/COLOR] $INFO[Container(100).ListItem.Property(Studio)]</label>
									<font>font21</font>
								</control>
								<control type="label">
									<visible>!IsEmpty(Container(100).ListItem.Property(Album))</visible>
									<width>930</width>
									<height>20</height>
									<label>[COLOR grey]$LOCALIZE[558]:[/COLOR] $INFO[Container(100).ListItem.Property(Album)]</label>
									<font>font21</font>
								</control>
								<control type="label">
									<visible>!IsEmpty(Container(100).ListItem.Property(Artist))</visible>
									<width>930</width>
									<height>20</height>
									<label>[COLOR grey]$LOCALIZE[557]:[/COLOR] $INFO[Container(100).ListItem.Property(Artist)]</label>
									<font>font21</font>
								</control>
							</control>
							<control type="grouplist">
								<visible>Control.IsVisible(160)</visible>
								<posx>240</posx>
								<posy>80</posy>
								<width>930</width>
								<height>210</height>
								<itemgap>15</itemgap>
								<orientation>vertical</orientation>
								<control type="label">
									<description>Genre value</description>
									<visible>!IsEmpty(Container(100).ListItem.Property(Artist_Genre))</visible>
									<width>930</width>
									<height>20</height>
									<label>[COLOR grey]$LOCALIZE[515]:[/COLOR] $INFO[Container(100).ListItem.Property(Artist_Genre)]</label>
									<font>font21</font>
								</control>
								<control type="label">
									<description>Born/Formed value</description>
									<visible>!IsEmpty(Container(100).ListItem.Property(Artist_Formed))</visible>
									<width>930</width>
									<height>20</height>
									<label>[COLOR grey]$LOCALIZE[21900]:[/COLOR] $INFO[Container(100).ListItem.Property(Artist_Formed)]</label>
									<font>font21</font>
								</control>
								<control type="label">
									<description>Born/Formed value</description>
									<visible>!IsEmpty(Container(100).ListItem.Property(Artist_Born))</visible>
									<width>930</width>
									<height>20</height>
									<label>[COLOR grey]$LOCALIZE[21900]:[/COLOR] $INFO[Container(100).ListItem.Property(Artist_Born)]</label>
									<font>font21</font>
								</control>
								<control type="label">
									<description>Style value</description>
									<visible>!IsEmpty(Container(100).ListItem.Property(Artist_Style))</visible>
									<width>930</width>
									<height>40</height>
									<label>[COLOR grey]$LOCALIZE[176]:[/COLOR] $INFO[Container(100).ListItem.Property(Artist_Style)]</label>
									<font>font21</font>
									<wrapmultiline>true</wrapmultiline>
								</control>
							</control>
							<control type="grouplist">
								<visible>Control.IsVisible(170)</visible>
								<posx>240</posx>
								<posy>80</posy>
								<width>930</width>
								<height>210</height>
								<itemgap>15</itemgap>
								<orientation>vertical</orientation>
								<control type="label">
									<description>Artist value</description>
									<visible>!IsEmpty(Container(100).ListItem.Label)</visible>
									<width>930</width>
									<height>20</height>
									<label>[COLOR grey]$LOCALIZE[557]:[/COLOR] $INFO[Container(100).ListItem.Label]</label>
									<font>font21</font>
								</control>
								<control type="label">
									<description>Genre value</description>
									<visible>!IsEmpty(Container(100).ListItem.Property(Genre))</visible>
									<width>930</width>
									<height>20</height>
									<label>[COLOR grey]$LOCALIZE[515]:[/COLOR] $INFO[Container(100).ListItem.Property(Genre)]</label>
									<font>font21</font>
								</control>
								<control type="label">
									<description>Label value</description>
									<visible>!IsEmpty(Container(100).ListItem.Property(Album_Label))</visible>
									<width>930</width>
									<height>20</height>
									<label>[COLOR grey]$LOCALIZE[21899]:[/COLOR] $INFO[Container(100).ListItem.Property(Album_Label)]</label>
									<font>font21</font>
								</control>
								<control type="label">
									<description>Style value</description>
									<visible>!IsEmpty(Container(100).ListItem.Property(Album_Style))</visible>
									<width>930</width>
									<height>40</height>
									<label>[COLOR grey]$LOCALIZE[176]:[/COLOR] $INFO[Container(100).ListItem.Property(Album_Style)]</label>
									<font>font21</font>
									<wrapmultiline>true</wrapmultiline>
								</control>
							</control>
							<control type="grouplist">
								<visible>Control.IsVisible(180)</visible>
								<posx>240</posx>
								<posy>80</posy>
								<width>930</width>
								<height>210</height>
								<itemgap>15</itemgap>
								<orientation>vertical</orientation>
								<control type="label">
									<description>Album value</description>
									<visible>!IsEmpty(Container(100).ListItem.Property(Album))</visible>
									<width>930</width>
									<height>20</height>
									<label>[COLOR grey]$LOCALIZE[558]:[/COLOR] $INFO[Container(100).ListItem.Property(Album)]</label>
									<font>font21</font>
								</control>
								<control type="label">
									<description>Artist value</description>
									<visible>!IsEmpty(Container(100).ListItem.Property(Artist))</visible>
									<width>930</width>
									<height>20</height>
									<label>[COLOR grey]$LOCALIZE[557]:[/COLOR] $INFO[Container(100).ListItem.Property(Artist)]</label>
									<font>font21</font>
								</control>
								<control type="label">
									<description>Genre value</description>
									<visible>!IsEmpty(Container(100).ListItem.Property(Genre))</visible>
									<width>930</width>
									<height>20</height>
									<label>[COLOR grey]$LOCALIZE[515]:[/COLOR] $INFO[Container(100).ListItem.Property(Genre)]</label>
									<font>font21</font>
								</control>
							</control>
							<control type="image">
								<visible>Control.IsVisible(110) | Control.IsVisible(140)</visible>
								<posx>240</posx>
								<posy>235</posy>
								<width>930</width>
								<height>2</height>
								<texture>views/line_divider.png</texture>
							</control>
							<control type="grouplist">
								<visible>Control.IsVisible(110) | Control.IsVisible(140)</visible>
								<posx>240</posx>
								<posy>255</posy>
								<width>930</width>
								<height>210</height>
								<itemgap>15</itemgap>
								<orientation>horizontal</orientation>
								<control type="image">
									<description>Video rez Image</description>
									<width>90</width>
									<height>33</height>
									<aspectratio>keep</aspectratio>
									<texture>$INFO[Container(100).ListItem.Property(VideoResolution),flagging/video/,.png]</texture>
									<colordiffuse>white</colordiffuse>
									<visible>!IsEmpty(Container(100).ListItem.Property(VideoResolution))</visible>
								</control>
								<control type="image">
									<description>Common Codec Image</description>
									<width>90</width>
									<height>33</height>
									<aspectratio>keep</aspectratio>
									<texture>$INFO[Container(100).ListItem.Property(VideoCodec),flagging/video/,.png]</texture>
									<colordiffuse>white</colordiffuse>
									<!-- Don't show if its one of the 500 divx codecs -->
									<visible>![substring(Container(100).ListItem.Property(VideoCodec),div,left) | stringcompare(Container(100).ListItem.Property(VideoCodec),dx50)]</visible>
								</control>
								<control type="image">
									<description>Divx Codec Image</description>
									<width>90</width>
									<height>33</height>
									<aspectratio>keep</aspectratio>
									<texture>flagging/video/divx.png</texture>
									<colordiffuse>white</colordiffuse>
									<visible>[substring(Container(100).ListItem.Property(VideoCodec),div,left) | stringcompare(Container(100).ListItem.Property(VideoCodec),dx50)]</visible>
								</control>
								<control type="image">
									<description>Bluray Image</description>
									<width>90</width>
									<height>33</height>
									<aspectratio>keep</aspectratio>
									<texture>flagging/video/bluray.png</texture>
									<colordiffuse>white</colordiffuse>
									<visible>[substring(Container(100).ListItem.Property(Path),bluray) | substring(Container(100).ListItem.Property(Path),bdrip)]</visible>
								</control>
								<control type="image">
									<description>HDDVD Image</description>
									<width>90</width>
									<height>33</height>
									<aspectratio>keep</aspectratio>
									<texture>flagging/video/hddvd.png</texture>
									<colordiffuse>white</colordiffuse>
									<visible>substring(Container(100).ListItem.Property(Path),hddvd)</visible>
								</control>
								<control type="image">
									<description>DVD Image</description>
									<width>90</width>
									<height>33</height>
									<aspectratio>keep</aspectratio>
									<texture>flagging/video/dvd.png</texture>
									<colordiffuse>white</colordiffuse>
									<visible>[substring(Container(100).ListItem.Property(Path),dvd) + ![substring(Container(100).ListItem.Property(Path),hddvd) | substring(Container(100).ListItem.Property(Path),bluray) | substring(Container(100).ListItem.Property(Path),bdrip)]]</visible>
								</control>
								<control type="image">
									<description>TV Types Image</description>
									<width>90</width>
									<height>33</height>
									<aspectratio>keep</aspectratio>
									<texture>flagging/video/TV.png</texture>
									<colordiffuse>white</colordiffuse>
									<visible>[substring(Container(100).ListItem.Property(Path),pdtv) | substring(Container(100).ListItem.Property(Path),hdtv) | substring(Container(100).ListItem.Property(Path),dsr) | substring(Container(100).ListItem.Property(Path),web)]</visible>
								</control>
								<control type="image">
									<description>VHS Image</description>
									<width>90</width>
									<height>33</height>
									<aspectratio>keep</aspectratio>
									<texture>flagging/video/vhs.png</texture>
									<colordiffuse>white</colordiffuse>
									<visible>substring(Container(100).ListItem.Property(Path),vhs)</visible>
								</control>
								<control type="image">
									<description>Aspectratio Image</description>
									<width>60</width>
									<height>33</height>
									<aspectratio>keep</aspectratio>
									<texture>$INFO[Container(100).ListItem.Property(VideoAspect),flagging/aspectratio/,.png]</texture>
									<colordiffuse>white</colordiffuse>
									<visible>!IsEmpty(Container(100).ListItem.Property(VideoAspect))</visible>
								</control>
								<control type="image">
									<description>Audio Codec Image</description>
									<width>80</width>
									<height>33</height>
									<aspectratio>keep</aspectratio>
									<texture>$INFO[Container(100).ListItem.Property(AudioCodec),flagging/audio/,.png]</texture>
									<colordiffuse>white</colordiffuse>
								</control>
								<control type="image">
									<description>Audio Channel Image</description>
									<width>60</width>
									<height>33</height>
									<aspectratio>keep</aspectratio>
									<texture>$INFO[Container(100).ListItem.Property(AudioChannels),flagging/audio/,.png]</texture>
									<colordiffuse>white</colordiffuse>
									<visible>!IsEmpty(Container(100).ListItem.Property(AudioChannels))</visible>
								</control>
							</control>
						</control>
					</control>
				</control>
			</control>
		</control>
	</controls>
</window>