<window>
	<defaultcontrol always="true">9100</defaultcontrol>
	<onunload>RunScript(script.watchlist,movies=true&amp;episodes=true&amp;albums=true&amp;limit=10)</onunload>
	<allowoverlay>no</allowoverlay>
	<controls>
		<include>Common_Background</include>
		<control type="group">
			<include>Common_Browse_Background_Top</include>
			<include>Common_Browse_Background_Bottom</include>
			<include>Main_Menu_Slide_Animation</include>
			<control type="group">
				<include>Main_Menu_Fade_Animation</include>
				<description>First Page Video/Music/Photos/Applications</description>
				<posx>32</posx>
				<posy>54</posy>
				<width>1216</width>
				<height>32</height>
				<control type="image">
					<description>page header tab icon</description>
					<include>Common_Title_Image</include>
					<texture>icons/icon_settings.png</texture>
				</control>
				<control type="label">
					<description>header label</description>
					<include>Common_Title_Label</include>
					<label>$LOCALIZE[10004] - $LOCALIZE[166]</label>
				</control>
				<control type="group">
					<description>time group</description>
					<posx>600</posx>
					<posy>-34</posy>
					<include>Common_Clock</include>
				</control>
			</control>
			<control type="group">
				<include>Main_Menu_Fade_Animation</include>
				<include>Window_Fade_Animation</include>
				<control type="list" id="9100">
					<posx>50</posx>
					<posy>206</posy>
					<width>220</width>
					<height>880</height>
					<itemgap>0</itemgap>
					<onleft>ActivateWindow(51)</onleft>
					<onright>9200</onright>
					<orientation>vertical</orientation>
					<pagecontrol>-</pagecontrol>
					<scrolltime>0</scrolltime>
					<itemlayout height="65" width="220">
						<control type="image">
							<posx>0</posx>
							<posy>0</posy>
							<width>220</width>
							<height>65</height>
							<texture>icons/settings_button.png</texture>
						</control>
						<control type="label">
							<posx>20</posx>
							<posy>0</posy>
							<width>220</width>
							<height>65</height>
							<font>font21</font>
							<textcolor>white</textcolor>
							<aligny>center</aligny>
							<label>$INFO[ListItem.Label]</label>
						</control>
					</itemlayout>
					<focusedlayout height="65" width="220">
						<control type="image">
							<posx>0</posx>
							<posy>0</posy>
							<width>220</width>
							<height>65</height>
							<texture>icons/settings_button_on.png</texture>
							<animation effect="fade" start="100" end="30" time="100" condition="!Control.HasFocus(9100)">Conditional</animation>
						</control>
						<control type="label">
							<posx>20</posx>
							<posy>0</posy>
							<width>220</width>
							<height>65</height>
							<font>font21</font>
							<textcolor>black</textcolor>
							<aligny>center</aligny>
							<label>$INFO[ListItem.Label]</label>
						</control>
					</focusedlayout>
					<content>
						<item id="1">
							<label>16000</label>
							<onclick>SetFocus(1400)</onclick>
						</item>
						<item id="2">
							<label>31014</label>
							<onclick>SetFocus(1800)</onclick>
							<visible>!Skin.HasSetting(AltHomeStyle)</visible>
						</item>
						<item id="3">
							<label>31009</label>
							<onclick>SetFocus(1900)</onclick>
						</item>
						<item id="4">
							<label>31040</label>
							<onclick>SetFocus(1500)</onclick>
						</item>
						<item id="6">
							<label>31026</label>
							<onclick>SetFocus(1700)</onclick>
						</item>
						<item id="5">
							<label>31111</label>
							<onclick>SetFocus(1600)</onclick>
						</item>
					</content>
				</control>
			</control>
			<control type="group" id="9200">
				<control type="grouplist" id="1400">
					<include>Main_Menu_Fade_Animation</include>
					<include>Window_Fade_Animation</include>
					<visible>Container(9100).Hasfocus(1)</visible>
					<visible>true</visible>
					<posx>300</posx>
					<posy>206</posy>
					<width>900</width>
					<height>480</height>
					<itemgap>0</itemgap>
					<onleft>9100</onleft>
					<onright>noop</onright>
					<onup>noop</onup>
					<ondown>noop</ondown>
					<control type="group">
						<height>44</height>
						<width>900</width>
						<control type="radiobutton" id="19">
							<description>Home TV Posters Button</description>
							<posx>0</posx>
							<posy>0</posy>
							<posx>290</posx>
							<posy>490</posy>
							<height>44</height>
							<width>900</width>
							<font>font21</font>
							<ondown>20</ondown>
							<onleft>9100</onleft>
							<textcolor>white</textcolor>
							<focusedcolor>black</focusedcolor>
							<textoffsetx>20</textoffsetx>
							<texturefocus>views/line_frame_device_white.png</texturefocus>
							<texturenofocus>views/line_frame_device_black.png</texturenofocus>
							<pulseonselect>false</pulseonselect>
							<label>$LOCALIZE[31021]</label>
							<onclick>Skin.ToggleSetting(TVShowPosters)</onclick>
							<selected>Skin.HasSetting(TVShowPosters)</selected>
							<radioposy>9</radioposy>
							<radiowidth>26</radiowidth>
							<radioheight>26</radioheight>
						</control>
					</control>
					<control type="group">
						<height>44</height>
						<width>900</width>
						<control type="radiobutton" id="20">
							<description>Default Alt Home Button</description>
							<posx>0</posx>
							<posy>0</posy>
							<posx>290</posx>
							<posy>490</posy>
							<height>44</height>
							<width>900</width>
							<font>font21</font>
							<onup>19</onup>
							<ondown>13</ondown>
							<onleft>9100</onleft>
							<textcolor>white</textcolor>
							<focusedcolor>black</focusedcolor>
							<textoffsetx>20</textoffsetx>
							<texturefocus>views/line_frame_device_white.png</texturefocus>
							<texturenofocus>views/line_frame_device_black.png</texturenofocus>
							<pulseonselect>false</pulseonselect>
							<label>$LOCALIZE[31020]</label>
							<onclick>Skin.ToggleSetting(AltHomeStyle)</onclick>
							<selected>Skin.HasSetting(AltHomeStyle)</selected>
							<radioposy>9</radioposy>
							<radiowidth>26</radiowidth>
							<radioheight>26</radioheight>
						</control>
					</control>
					<control type="group">
						<height>44</height>
						<width>900</width>
						<control type="radiobutton" id="13">
							<description>Enable Volume Button</description>
							<posx>0</posx>
							<posy>0</posy>
							<posx>290</posx>
							<posy>490</posy>
							<height>44</height>
							<width>900</width>
							<font>font21</font>
							<onup>20</onup>
							<ondown>14</ondown>
							<onleft>9100</onleft>
							<textcolor>white</textcolor>
							<focusedcolor>black</focusedcolor>
							<textoffsetx>20</textoffsetx>
							<texturefocus>views/line_frame_device_white.png</texturefocus>
							<texturenofocus>views/line_frame_device_black.png</texturenofocus>
							<pulseonselect>false</pulseonselect>
							<label>$LOCALIZE[31025]</label>
							<onclick>Skin.ToggleSetting(VolumeButton)</onclick>
							<selected>Skin.HasSetting(VolumeButton)</selected>
							<radioposy>9</radioposy>
							<radiowidth>26</radiowidth>
							<radioheight>26</radioheight>
						</control>
					</control>
					<control type="group">
						<height>44</height>
						<width>900</width>
						<control type="radiobutton" id="14">
							<description>Enable Weather Icon Button</description>
							<posx>0</posx>
							<posy>0</posy>
							<posx>290</posx>
							<posy>490</posy>
							<height>44</height>
							<width>900</width>
							<font>font21</font>
							<onup>13</onup>
							<ondown>15</ondown>
							<onleft>9100</onleft>
							<textcolor>white</textcolor>
							<focusedcolor>black</focusedcolor>
							<textoffsetx>20</textoffsetx>
							<texturefocus>views/line_frame_device_white.png</texturefocus>
							<texturenofocus>views/line_frame_device_black.png</texturenofocus>
							<pulseonselect>false</pulseonselect>
							<label>$LOCALIZE[31024]</label>
							<onclick>Skin.ToggleSetting(WeatherIcon)</onclick>
							<selected>Skin.HasSetting(WeatherIcon)</selected>
							<radioposy>9</radioposy>
							<radiowidth>26</radiowidth>
							<radioheight>26</radioheight>
						</control>
					</control>
					<control type="group">
						<height>44</height>
						<width>900</width>
						<control type="radiobutton" id="15">
							<description>Enable Higher OSD Button</description>
							<posx>0</posx>
							<posy>0</posy>
							<posx>290</posx>
							<posy>490</posy>
							<height>44</height>
							<width>900</width>
							<font>font21</font>
							<onup>14</onup>
							<ondown>17</ondown>
							<onleft>9100</onleft>
							<textcolor>white</textcolor>
							<focusedcolor>black</focusedcolor>
							<textoffsetx>20</textoffsetx>
							<texturefocus>views/line_frame_device_white.png</texturefocus>
							<texturenofocus>views/line_frame_device_black.png</texturenofocus>
							<pulseonselect>false</pulseonselect>
							<label>$LOCALIZE[31023]</label>
							<onclick>Skin.ToggleSetting(HighOSD)</onclick>
							<selected>Skin.HasSetting(HighOSD)</selected>
							<radioposy>9</radioposy>
							<radiowidth>26</radiowidth>
							<radioheight>26</radioheight>
						</control>
					</control>
					<control type="group" id="16">
						<height>44</height>
						<width>900</width>
						<control type="list" id="17">
							<posx>0</posx>
							<posy>0</posy>
							<posx>290</posx>
							<posy>490</posy>
							<height>44</height>
							<width>900</width>
							<font>font21</font>
							<onup>15</onup>
							<ondown>18</ondown>
							<onleft>9100</onleft>
							<onright>179</onright>
							<scrolltime>0</scrolltime>
							<itemlayout width="900" height="44"/>
							<focusedlayout width="860" height="44">
								<control type="image">
									<width>900</width>
									<height>44</height>
									<texture>views/line_frame_device_black.png</texture>
									<visible>!ControlGroup(16).HasFocus()</visible>
								</control>
								<control type="image">
									<width>900</width>
									<height>44</height>
									<texture>views/line_frame_device_white.png</texture>
									<visible>ControlGroup(16).HasFocus()</visible>
								</control>
								<control type="image">
									<posx>840</posx>
									<posy>12</posy>
									<width>20</width>
									<height>20</height>
									<texture>icons/scroll_down.png</texture>
									<visible>!Control.HasFocus(17)</visible>
								</control>
								<control type="image">
									<posx>840</posx>
									<posy>12</posy>
									<width>20</width>
									<height>20</height>
									<texture>icons/settings_arrow_button_down.png</texture>
									<visible>Control.HasFocus(17)</visible>
								</control>
								<control type="label">
									<posx>20</posx>
									<height>44</height>
									<width>800</width>
									<aligny>center</aligny>
									<font>font21</font>
									<textcolor>white</textcolor>
									<label>31056</label>
									<visible>!ControlGroup(16).HasFocus()</visible>
								</control>
								<control type="label">
									<posx>20</posx>
									<height>44</height>
									<width>800</width>
									<aligny>center</aligny>
									<font>font21</font>
									<textcolor>black</textcolor>
									<label>31056</label>
									<visible>ControlGroup(16).HasFocus()</visible>
								</control>
								<control type="label">
									<posx>820</posx>
									<height>44</height>
									<width>800</width>
									<align>right</align>
									<aligny>center</aligny>
									<font>font21</font>
									<textcolor>white</textcolor>
									<info>ListItem.Label</info>
									<visible>!ControlGroup(16).HasFocus()</visible>
								</control>
								<control type="label">
									<posx>820</posx>
									<height>44</height>
									<width>800</width>
									<align>right</align>
									<aligny>center</aligny>
									<font>font21</font>
									<textcolor>black</textcolor>
									<info>ListItem.Label</info>
									<visible>ControlGroup(16).HasFocus()</visible>
								</control>
							</focusedlayout>
							<content>
								<item id="1">
									<label>231</label>
									<onclick>Skin.Reset(RemoteCloseMessage)</onclick>
									<onclick>Skin.SetBool(MouseCloseMessage)</onclick>
									<visible>!Skin.HasSetting(MouseCloseMessage) + !Skin.HasSetting(RemoteCloseMessage)</visible>
								</item>
								<item id="2">
									<label>31059</label>
									<onclick>Skin.Reset(MouseCloseMessage)</onclick>
									<onclick>Skin.SetBool(RemoteCloseMessage)</onclick>
									<visible>Skin.HasSetting(MouseCloseMessage)</visible>
								</item>
								<item id="3">
									<label>31058</label>
									<onclick>Skin.Reset(RemoteCloseMessage)</onclick>
									<onclick>Skin.Reset(MouseCloseMessage)</onclick>
									<visible>Skin.HasSetting(RemoteCloseMessage)</visible>
								</item>
							</content>
						</control>
						<control type="list" id="179">
							<posx>860</posx>
							<posy>0</posy>
							<posx>290</posx>
							<posy>490</posy>
							<height>44</height>
							<width>20</width>
							<font>font21</font>
							<onup>15</onup>
							<ondown>18</ondown>
							<onleft>17</onleft>
							<onright>noop</onright>
							<scrolltime>0</scrolltime>
							<itemlayout width="20" height="44"/>
							<focusedlayout width="20" height="44">
								<control type="image">
									<posx>0</posx>
									<posy>12</posy>
									<width>20</width>
									<height>20</height>
									<texture>icons/scroll_up.png</texture>
									<visible>!Control.HasFocus(179)</visible>
								</control>
								<control type="image">
									<posx>0</posx>
									<posy>12</posy>
									<width>20</width>
									<height>20</height>
									<texture>icons/settings_arrow_button_up.png</texture>
									<visible>Control.HasFocus(179)</visible>
								</control>
							</focusedlayout>
							<content>
								<item id="1">
									<label>1223</label>
									<onclick>Skin.Reset(MouseCloseMessage)</onclick>
									<onclick>Skin.SetBool(RemoteCloseMessage)</onclick>
									<visible>!Skin.HasSetting(MouseCloseMessage) + !Skin.HasSetting(RemoteCloseMessage)</visible>
								</item>
								<item id="2">
									<label>31058</label>
									<onclick>Skin.Reset(RemoteCloseMessage)</onclick>
									<onclick>Skin.SetBool(MouseCloseMessage)</onclick>
									<visible>Skin.HasSetting(RemoteCloseMessage)</visible>
								</item>
								<item id="3">
									<label>31059</label>
									<onclick>Skin.Reset(RemoteCloseMessage)</onclick>
									<onclick>Skin.Reset(MouseCloseMessage)</onclick>
									<visible>Skin.HasSetting(MouseCloseMessage)</visible>
								</item>
							</content>
						</control>
					</control>
					<control type="group">
						<height>44</height>
						<width>900</width>
						<control type="button" id="18">
							<description>Reset button</description>
							<posx>0</posx>
							<posy>0</posy>
							<posx>290</posx>
							<posy>490</posy>
							<height>44</height>
							<width>900</width>
							<font>font21</font>
							<onup>17</onup>
							<onleft>9100</onleft>
							<textcolor>white</textcolor>
							<focusedcolor>black</focusedcolor>
							<textoffsetx>20</textoffsetx>
							<texturefocus>views/line_frame_device_white.png</texturefocus>
							<texturenofocus>views/line_frame_device_black.png</texturenofocus>
							<pulseonselect>false</pulseonselect>
							<label>31050</label>
							<onclick>Skin.ResetSettings</onclick>
						</control>
					</control>
					<control type="group">
						<height>44</height>
						<width>900</width>
						<control type="label">
							<posx>0</posx>
							<posy>0</posy>
							<width>900</width>
							<height>44</height>
							<font>font21</font>
							<label>31051</label>
							<align>left</align>
							<aligny>center</aligny>
							<textcolor>grey</textcolor>
						</control>
					</control>
				</control>
				<control type="grouplist" id="1500">
					<description>control area</description>
					<include>Main_Menu_Fade_Animation</include>
					<include>Window_Fade_Animation</include>
					<visible>Container(9100).Hasfocus(4)</visible>
					<posx>300</posx>
					<posy>206</posy>
					<width>900</width>
					<height>484</height>
					<itemgap>0</itemgap>
					<pagecontrol>90</pagecontrol>
					<onleft>9100</onleft>
					<onright>noop</onright>
					<control type="group">
						<height>44</height>
						<width>900</width>
						<control type="radiobutton" id="171">
							<description>Enable Fanart Button</description>
							<posx>0</posx>
							<posy>0</posy>
							<posx>290</posx>
							<posy>490</posy>
							<height>44</height>
							<width>900</width>
							<font>font21</font>
							<onleft>9100</onleft>
							<onup>noop</onup>
							<ondown>170</ondown>
							<textcolor>white</textcolor>
							<focusedcolor>black</focusedcolor>
							<textoffsetx>20</textoffsetx>
							<texturefocus>views/line_frame_device_white.png</texturefocus>
							<texturenofocus>views/line_frame_device_black.png</texturenofocus>
							<pulseonselect>false</pulseonselect>
							<label>$LOCALIZE[31041]</label>
							<onclick>Skin.ToggleSetting(ShowFanart)</onclick>
							<selected>Skin.HasSetting(ShowFanart)</selected>
							<radioposy>9</radioposy>
							<radiowidth>26</radiowidth>
							<radioheight>26</radioheight>
						</control>
					</control>
					<control type="group">
						<height>44</height>
						<width>900</width>
						<control type="togglebutton" id="170">
							<description>Default Button</description>
							<posx>0</posx>
							<posy>0</posy>
							<height>44</height>
							<width>900</width>
							<font>font21</font>
							<onup>171</onup>
							<ondown>180</ondown>
							<onleft>9100</onleft>
							<textcolor>white</textcolor>
							<focusedcolor>black</focusedcolor>
							<disabledcolor>disabled</disabledcolor>
							<textoffsetx>20</textoffsetx>
							<texturefocus>views/line_frame_device_white.png</texturefocus>
							<texturenofocus>views/line_frame_device_black.png</texturenofocus>
							<alttexturefocus>views/line_frame_device_white.png</alttexturefocus>
							<alttexturenofocus>views/line_frame_device_black.png</alttexturenofocus>
							<pulseonselect>false</pulseonselect>
							<label>$LOCALIZE[31045]</label>
							<altlabel>$LOCALIZE[31046]</altlabel>
							<onclick>Skin.SetImage(CustomBG)</onclick>
							<onclick>Skin.SetBool(EnableCustomBG)</onclick>
							<onclick>Skin.Reset(CustomBGFolder)</onclick>
							<onclick>Skin.Reset(EnableCustomBGFolder)</onclick>
							<altclick>Skin.Reset(CustomBG)</altclick>
							<altclick>Skin.Reset(EnableCustomBG)</altclick>
							<usealttexture>Skin.HasSetting(EnableCustomBG)</usealttexture>
						</control>
						<control type="label">
							<visible>Control.HasFocus(170)</visible>
							<posx>880</posx>
							<posy>0</posy>
							<width>600</width>
							<height>44</height>
							<font>font21</font>
							<label>$INFO[Skin.String(CustomBG)]</label>
							<align>right</align>
							<aligny>center</aligny>
							<textcolor>black</textcolor>
						</control>
						<control type="label">
							<visible>!Control.HasFocus(170)</visible>
							<posx>880</posx>
							<posy>0</posy>
							<width>600</width>
							<height>44</height>
							<font>font21</font>
							<label>$INFO[Skin.String(CustomBG)]</label>
							<align>right</align>
							<aligny>center</aligny>
							<textcolor>white</textcolor>
						</control>
					</control>
					<control type="group">
						<height>44</height>
						<width>900</width>
						<control type="togglebutton" id="180">
							<description>Default Button</description>
							<posx>0</posx>
							<posy>0</posy>
							<height>44</height>
							<width>900</width>
							<font>font21</font>
							<onup>170</onup>
							<ondown>190</ondown>
							<onleft>9100</onleft>
							<textcolor>white</textcolor>
							<focusedcolor>black</focusedcolor>
							<disabledcolor>disabled</disabledcolor>
							<textoffsetx>20</textoffsetx>
							<texturefocus>views/line_frame_device_white.png</texturefocus>
							<texturenofocus>views/line_frame_device_black.png</texturenofocus>
							<alttexturefocus>views/line_frame_device_white.png</alttexturefocus>
							<alttexturenofocus>views/line_frame_device_black.png</alttexturenofocus>
							<pulseonselect>false</pulseonselect>
							<label>$LOCALIZE[31047]</label>
							<altlabel>$LOCALIZE[31048]</altlabel>
							<onclick>Skin.SetPath(CustomBGFolder)</onclick>
							<onclick>Skin.SetBool(EnableCustomBGFolder)</onclick>
							<onclick>Skin.Reset(CustomBG)</onclick>
							<onclick>Skin.Reset(EnableCustomBG)</onclick>
							<altclick>Skin.Reset(CustomBGFolder)</altclick>
							<altclick>Skin.Reset(EnableCustomBGFolder)</altclick>
							<usealttexture>Skin.HasSetting(EnableCustomBGFolder)</usealttexture>
						</control>
						<control type="label">
							<visible>Control.HasFocus(180)</visible>
							<posx>880</posx>
							<posy>0</posy>
							<width>600</width>
							<height>44</height>
							<font>font21</font>
							<label>$INFO[Skin.String(CustomBGFolder)]</label>
							<align>right</align>
							<aligny>center</aligny>
							<textcolor>black</textcolor>
						</control>
						<control type="label">
							<visible>!Control.HasFocus(180)</visible>
							<posx>880</posx>
							<posy>0</posy>
							<width>600</width>
							<height>44</height>
							<font>font21</font>
							<label>$INFO[Skin.String(CustomBGFolder)]</label>
							<align>right</align>
							<aligny>center</aligny>
							<textcolor>white</textcolor>
						</control>
					</control>
					<control type="group" id="190">
						<height>44</height>
						<width>900</width>
						<control type="list" id="191">
							<posx>0</posx>
							<posy>0</posy>
							<posx>290</posx>
							<posy>490</posy>
							<height>44</height>
							<width>900</width>
							<font>font21</font>
							<onup>180</onup>
							<onleft>9100</onleft>
							<onright>192</onright>
							<ondown>noop</ondown>
							<scrolltime>0</scrolltime>
							<itemlayout width="900" height="44"/>
							<focusedlayout width="860" height="44">
								<control type="image">
									<width>900</width>
									<height>44</height>
									<texture>views/line_frame_device_black.png</texture>
									<visible>!ControlGroup(190).HasFocus()</visible>
								</control>
								<control type="image">
									<width>900</width>
									<height>44</height>
									<texture>views/line_frame_device_white.png</texture>
									<visible>ControlGroup(190).HasFocus()</visible>
								</control>
								<control type="image">
									<posx>840</posx>
									<posy>12</posy>
									<width>20</width>
									<height>20</height>
									<texture>icons/scroll_down.png</texture>
									<visible>!Control.HasFocus(191)</visible>
								</control>
								<control type="image">
									<posx>840</posx>
									<posy>12</posy>
									<width>20</width>
									<height>20</height>
									<texture>icons/settings_arrow_button_down.png</texture>
									<visible>Control.HasFocus(191)</visible>
								</control>
								<control type="label">
									<posx>20</posx>
									<height>44</height>
									<width>800</width>
									<aligny>center</aligny>
									<font>font21</font>
									<textcolor>white</textcolor>
									<label>31042</label>
									<visible>!ControlGroup(190).HasFocus()</visible>
								</control>
								<control type="label">
									<posx>20</posx>
									<height>44</height>
									<width>800</width>
									<aligny>center</aligny>
									<font>font21</font>
									<textcolor>black</textcolor>
									<label>31042</label>
									<visible>ControlGroup(190).HasFocus()</visible>
								</control>
								<control type="label">
									<posx>820</posx>
									<height>44</height>
									<width>800</width>
									<align>right</align>
									<aligny>center</aligny>
									<font>font21</font>
									<textcolor>white</textcolor>
									<info>ListItem.Label</info>
									<visible>!ControlGroup(190).HasFocus()</visible>
								</control>
								<control type="label">
									<posx>820</posx>
									<height>44</height>
									<width>800</width>
									<align>right</align>
									<aligny>center</aligny>
									<font>font21</font>
									<textcolor>black</textcolor>
									<info>ListItem.Label</info>
									<visible>ControlGroup(190).HasFocus()</visible>
								</control>
							</focusedlayout>
							<content>
								<item id="1">
									<label>391</label>
									<onclick>Skin.Reset(BackgroundVisibilty_High)</onclick>
									<onclick>Skin.SetBool(BackgroundVisibilty_Med)</onclick>
									<visible>!Skin.HasSetting(BackgroundVisibilty_Med) + !Skin.HasSetting(BackgroundVisibilty_High)</visible>
								</item>
								<item id="2">
									<label>392</label>
									<onclick>Skin.Reset(BackgroundVisibilty_Med)</onclick>
									<onclick>Skin.SetBool(BackgroundVisibilty_High)</onclick>
									<visible>Skin.HasSetting(BackgroundVisibilty_Med)</visible>
								</item>
								<item id="3">
									<label>393</label>
									<onclick>Skin.Reset(BackgroundVisibilty_High)</onclick>
									<onclick>Skin.Reset(BackgroundVisibilty_Med)</onclick>
									<visible>Skin.HasSetting(BackgroundVisibilty_High)</visible>
								</item>
							</content>
						</control>
						<control type="list" id="192">
							<posx>860</posx>
							<posy>0</posy>
							<posx>290</posx>
							<posy>490</posy>
							<height>44</height>
							<width>20</width>
							<font>font21</font>
							<onup>180</onup>
							<onleft>191</onleft>
							<onright>noop</onright>
							<ondown>noop</ondown>
							<scrolltime>0</scrolltime>
							<itemlayout width="20" height="44"/>
							<focusedlayout width="20" height="44">
								<control type="image">
									<posx>0</posx>
									<posy>12</posy>
									<width>20</width>
									<height>20</height>
									<texture>icons/scroll_up.png</texture>
									<visible>!Control.HasFocus(192)</visible>
								</control>
								<control type="image">
									<posx>0</posx>
									<posy>12</posy>
									<width>20</width>
									<height>20</height>
									<texture>icons/settings_arrow_button_up.png</texture>
									<visible>Control.HasFocus(192)</visible>
								</control>
							</focusedlayout>
							<content>
								<item id="1">
									<label>391</label>
									<onclick>Skin.Reset(BackgroundVisibilty_Med)</onclick>
									<onclick>Skin.SetBool(BackgroundVisibilty_High)</onclick>
									<visible>!Skin.HasSetting(BackgroundVisibilty_Med) + !Skin.HasSetting(BackgroundVisibilty_High)</visible>
								</item>
								<item id="2">
									<label>392</label>
									<onclick>Skin.Reset(BackgroundVisibilty_High)</onclick>
									<onclick>Skin.SetBool(BackgroundVisibilty_Med)</onclick>
									<visible>Skin.HasSetting(BackgroundVisibilty_High)</visible>
								</item>
								<item id="3">
									<label>393</label>
									<onclick>Skin.Reset(BackgroundVisibilty_High)</onclick>
									<onclick>Skin.Reset(BackgroundVisibilty_Med)</onclick>
									<visible>Skin.HasSetting(BackgroundVisibilty_Med)</visible>
								</item>
							</content>
						</control>
					</control>
				</control>
				<control type="grouplist" id="1600">
					<description>control area</description>
					<include>Main_Menu_Fade_Animation</include>
					<include>Window_Fade_Animation</include>
					<visible>Container(9100).Hasfocus(5)</visible>
					<posx>300</posx>
					<posy>206</posy>
					<width>900</width>
					<height>484</height>
					<itemgap>0</itemgap>
					<pagecontrol>90</pagecontrol>
					<onleft>9100</onleft>
					<onright>noop</onright>
					<onup>noop</onup>
					<ondown>noop</ondown>
					<control type="group">
						<height>44</height>
						<width>900</width>
						<control type="button" id="190">
							<description>Default Button</description>
							<posx>0</posx>
							<posy>0</posy>
							<height>44</height>
							<width>900</width>
							<font>font21</font>
							<onleft>9100</onleft>
							<textcolor>white</textcolor>
							<focusedcolor>black</focusedcolor>
							<disabledcolor>disabled</disabledcolor>
							<textoffsetx>20</textoffsetx>
							<texturefocus>views/line_frame_device_white.png</texturefocus>
							<texturenofocus>views/line_frame_device_black.png</texturenofocus>
							<pulseonselect>false</pulseonselect>
							<label>$LOCALIZE[31044]</label>
							<ondown>200</ondown>
							<onup>noop</onup>
							<onclick>Skin.SetAddon(SubtitlePath,xbmc.python.subtitles)</onclick>
						</control>
						<control type="label">
							<description>Subtitle label</description>
							<visible>Control.HasFocus(190)</visible>
							<posx>880</posx>
							<posy>0</posy>
							<height>44</height>
							<width>860</width>
							<align>right</align>
							<aligny>center</aligny>
							<font>font21</font>
							<textcolor>black</textcolor>
							<pulseonselect>false</pulseonselect>
							<label>$INFO[Skin.String(SubtitlePath)]</label>
						</control>
						<control type="label">
							<description>Subtitle label</description>
							<visible>!Control.HasFocus(190)</visible>
							<posx>880</posx>
							<posy>0</posy>
							<height>44</height>
							<width>860</width>
							<align>right</align>
							<aligny>center</aligny>
							<font>font21</font>
							<textcolor>white</textcolor>
							<pulseonselect>false</pulseonselect>
							<label>$INFO[Skin.String(SubtitlePath)]</label>
						</control>
					</control>
					<control type="group">
						<height>44</height>
						<width>900</width>
						<control type="button" id="200">
							<description>Default Button</description>
							<posx>0</posx>
							<posy>0</posy>
							<height>44</height>
							<width>900</width>
							<font>font21</font>
							<onleft>9100</onleft>
							<textcolor>white</textcolor>
							<focusedcolor>black</focusedcolor>
							<disabledcolor>disabled</disabledcolor>
							<textoffsetx>20</textoffsetx>
							<texturefocus>views/line_frame_device_white.png</texturefocus>
							<texturenofocus>views/line_frame_device_black.png</texturenofocus>
							<pulseonselect>false</pulseonselect>
							<label>31043</label>
							<ondown>240</ondown>
							<onup>190</onup>
							<onclick>Skin.SetAddon(LyricPath,xbmc.python.lyrics)</onclick>
						</control>
						<control type="label">
							<description>Subtitle label</description>
							<visible>Control.HasFocus(200)</visible>
							<posx>880</posx>
							<posy>0</posy>
							<height>44</height>
							<width>860</width>
							<align>right</align>
							<aligny>center</aligny>
							<font>font21</font>
							<textcolor>black</textcolor>
							<pulseonselect>false</pulseonselect>
							<label>$INFO[Skin.String(LyricPath)]</label>
						</control>
						<control type="label">
							<description>Subtitle label</description>
							<visible>!Control.HasFocus(200)</visible>
							<posx>880</posx>
							<posy>0</posy>
							<height>44</height>
							<width>860</width>
							<align>right</align>
							<aligny>center</aligny>
							<font>font21</font>
							<textcolor>white</textcolor>
							<pulseonselect>false</pulseonselect>
							<label>$INFO[Skin.String(LyricPath)]</label>
						</control>
					</control>
					<control type="group">
						<height>44</height>
						<width>900</width>
						<control type="togglebutton" id="240">
							<description>Default Button</description>
							<posx>0</posx>
							<posy>0</posy>
							<height>44</height>
							<width>900</width>
							<font>font21</font>
							<onup>200</onup>
							<ondown>250</ondown>
							<onleft>9100</onleft>
							<textcolor>white</textcolor>
							<focusedcolor>black</focusedcolor>
							<disabledcolor>disabled</disabledcolor>
							<textoffsetx>20</textoffsetx>
							<texturefocus>views/line_frame_device_white.png</texturefocus>
							<texturenofocus>views/line_frame_device_black.png</texturenofocus>
							<alttexturefocus>views/line_frame_device_white.png</alttexturefocus>
							<alttexturenofocus>views/line_frame_device_black.png</alttexturenofocus>
							<pulseonselect>false</pulseonselect>
							<label>$LOCALIZE[31017]</label>
							<altlabel>$LOCALIZE[31018]</altlabel>
							<onclick>Skin.SetFile(Startup_Playlist,,special://MusicPlaylists/)</onclick>
							<altclick>Skin.Reset(Startup_Playlist)</altclick>
							<usealttexture>!IsEmpty(Skin.String(Startup_Playlist))</usealttexture>
						</control>
						<control type="label">
							<visible>Control.HasFocus(240)</visible>
							<posx>880</posx>
							<posy>0</posy>
							<width>600</width>
							<height>44</height>
							<font>font21</font>
							<label>$INFO[Skin.String(Startup_Playlist)]</label>
							<align>right</align>
							<aligny>center</aligny>
							<textcolor>black</textcolor>
						</control>
						<control type="label">
							<visible>!Control.HasFocus(240)</visible>
							<posx>880</posx>
							<posy>0</posy>
							<width>600</width>
							<height>44</height>
							<font>font21</font>
							<label>$INFO[Skin.String(Startup_Playlist)]</label>
							<align>right</align>
							<aligny>center</aligny>
							<textcolor>white</textcolor>
						</control>
					</control>
					<control type="group">
						<height>44</height>
						<width>900</width>
						<control type="radiobutton" id="250">
							<description>Enable Debug Button</description>
							<posx>0</posx>
							<posy>0</posy>
							<posx>290</posx>
							<posy>490</posy>
							<height>44</height>
							<width>900</width>
							<font>font21</font>
							<onleft>9100</onleft>
							<onup>240</onup>
							<ondown>noop</ondown>
							<textcolor>white</textcolor>
							<focusedcolor>black</focusedcolor>
							<textoffsetx>20</textoffsetx>
							<texturefocus>views/line_frame_device_white.png</texturefocus>
							<texturenofocus>views/line_frame_device_black.png</texturenofocus>
							<pulseonselect>false</pulseonselect>
							<label>$LOCALIZE[31202]</label>
							<onclick>Skin.ToggleSetting(DebugInfo)</onclick>
							<selected>Skin.HasSetting(DebugInfo)</selected>
							<radioposy>9</radioposy>
							<radiowidth>26</radiowidth>
							<radioheight>26</radioheight>
						</control>
					</control>
				</control>
				<control type="grouplist" id="1700">
					<include>Main_Menu_Fade_Animation</include>
					<include>Window_Fade_Animation</include>
					<visible>Container(9100).Hasfocus(6)</visible>
					<visible>true</visible>
					<posx>300</posx>
					<posy>206</posy>
					<width>900</width>
					<height>480</height>
					<itemgap>0</itemgap>
					<onleft>9100</onleft>
					<onright>noop</onright>
					<onup>noop</onup>
					<ondown>noop</ondown>
					<control type="group">
						<height>44</height>
						<width>900</width>
						<control type="radiobutton" id="17">
							<description>Default Scroll Plot Button</description>
							<posx>0</posx>
							<posy>0</posy>
							<posx>290</posx>
							<posy>490</posy>
							<height>44</height>
							<width>900</width>
							<font>font21</font>
							<ondown>18</ondown>
							<onleft>9100</onleft>
							<textcolor>white</textcolor>
							<focusedcolor>black</focusedcolor>
							<textoffsetx>20</textoffsetx>
							<texturefocus>views/line_frame_device_white.png</texturefocus>
							<texturenofocus>views/line_frame_device_black.png</texturenofocus>
							<pulseonselect>false</pulseonselect>
							<label>$LOCALIZE[31037]</label>
							<onclick>Skin.ToggleSetting(AutoScroll)</onclick>
							<selected>Skin.HasSetting(AutoScroll)</selected>
							<radioposy>9</radioposy>
							<radiowidth>26</radiowidth>
							<radioheight>26</radioheight>
						</control>
					</control>
					<control type="group">
						<height>44</height>
						<width>900</width>
						<control type="radiobutton" id="18">
							<description>Enable Watched Status Button</description>
							<posx>0</posx>
							<posy>0</posy>
							<posx>290</posx>
							<posy>490</posy>
							<height>44</height>
							<width>900</width>
							<font>font21</font>
							<onup>17</onup>
							<ondown>19</ondown>
							<onleft>9100</onleft>
							<textcolor>white</textcolor>
							<focusedcolor>black</focusedcolor>
							<textoffsetx>20</textoffsetx>
							<texturefocus>views/line_frame_device_white.png</texturefocus>
							<texturenofocus>views/line_frame_device_black.png</texturenofocus>
							<pulseonselect>false</pulseonselect>
							<label>$LOCALIZE[31055]</label>
							<onclick>Skin.ToggleSetting(WatchedStatus)</onclick>
							<selected>Skin.HasSetting(WatchedStatus)</selected>
							<radioposy>9</radioposy>
							<radiowidth>26</radiowidth>
							<radioheight>26</radioheight>
						</control>
					</control>
					<control type="group">
						<height>44</height>
						<width>900</width>
						<control type="radiobutton" id="19">
							<description>Enable Resolution Flags Button</description>
							<posx>0</posx>
							<posy>0</posy>
							<posx>290</posx>
							<posy>490</posy>
							<height>44</height>
							<width>900</width>
							<font>font21</font>
							<onup>18</onup>
							<ondown>20</ondown>
							<onleft>9100</onleft>
							<textcolor>white</textcolor>
							<focusedcolor>black</focusedcolor>
							<textoffsetx>20</textoffsetx>
							<texturefocus>views/line_frame_device_white.png</texturefocus>
							<texturenofocus>views/line_frame_device_black.png</texturenofocus>
							<pulseonselect>false</pulseonselect>
							<label>$LOCALIZE[31027]</label>
							<onclick>Skin.ToggleSetting(ResolutionFlags)</onclick>
							<selected>Skin.HasSetting(ResolutionFlags)</selected>
							<radioposy>9</radioposy>
							<radiowidth>26</radiowidth>
							<radioheight>26</radioheight>
						</control>
					</control>
					<control type="group">
						<height>44</height>
						<width>900</width>
						<control type="radiobutton" id="20">
							<description>Hide Focused Info Box</description>
							<posx>0</posx>
							<posy>0</posy>
							<posx>290</posx>
							<posy>490</posy>
							<height>44</height>
							<width>900</width>
							<font>font21</font>
							<onup>18</onup>
							<ondown>20</ondown>
							<onleft>9100</onleft>
							<textcolor>white</textcolor>
							<focusedcolor>black</focusedcolor>
							<textoffsetx>20</textoffsetx>
							<texturefocus>views/line_frame_device_white.png</texturefocus>
							<texturenofocus>views/line_frame_device_black.png</texturenofocus>
							<pulseonselect>false</pulseonselect>
							<label>$LOCALIZE[31015]</label>
							<onclick>Skin.ToggleSetting(Hide_Focus_Panel)</onclick>
							<selected>Skin.HasSetting(Hide_Focus_Panel)</selected>
							<radioposy>9</radioposy>
							<radiowidth>26</radiowidth>
							<radioheight>26</radioheight>
						</control>
					</control>
				</control>
				<control type="grouplist" id="1800">
					<include>Main_Menu_Fade_Animation</include>
					<include>Window_Fade_Animation</include>
					<visible>Container(9100).Hasfocus(2)</visible>
					<posx>300</posx>
					<posy>206</posy>
					<width>900</width>
					<height>480</height>
					<itemgap>0</itemgap>
					<onleft>9100</onleft>
					<onright>noop</onright>
					<onup>noop</onup>
					<ondown>noop</ondown>
					<control type="group" id="25">
						<height>44</height>
						<width>900</width>
						<control type="list" id="26">
							<posx>0</posx>
							<posy>0</posy>
							<height>44</height>
							<width>900</width>
							<font>font21</font>
							<onup>noop</onup>
							<ondown>28</ondown>
							<onleft>9100</onleft>
							<onright>260</onright>
							<scrolltime>0</scrolltime>
							<itemlayout width="900" height="44"/>
							<focusedlayout width="860" height="44">
								<control type="image">
									<width>900</width>
									<height>44</height>
									<texture>views/line_frame_device_black.png</texture>
									<visible>!ControlGroup(25).HasFocus()</visible>
								</control>
								<control type="image">
									<width>900</width>
									<height>44</height>
									<texture>views/line_frame_device_white.png</texture>
									<visible>ControlGroup(25).HasFocus()</visible>
								</control>
								<control type="image">
									<posx>840</posx>
									<posy>12</posy>
									<width>20</width>
									<height>20</height>
									<texture>icons/scroll_down.png</texture>
									<visible>!Control.HasFocus(26)</visible>
								</control>
								<control type="image">
									<posx>840</posx>
									<posy>12</posy>
									<width>20</width>
									<height>20</height>
									<texture>icons/settings_arrow_button_down.png</texture>
									<visible>Control.HasFocus(26)</visible>
								</control>
								<control type="label">
									<posx>20</posx>
									<height>44</height>
									<width>800</width>
									<aligny>center</aligny>
									<font>font21</font>
									<textcolor>white</textcolor>
									<label>$LOCALIZE[31016] #1</label>
									<visible>!ControlGroup(25).HasFocus()</visible>
								</control>
								<control type="label">
									<posx>20</posx>
									<height>44</height>
									<width>800</width>
									<aligny>center</aligny>
									<font>font21</font>
									<textcolor>black</textcolor>
									<label>$LOCALIZE[31016] #1</label>
									<visible>ControlGroup(25).HasFocus()</visible>
								</control>
								<control type="label">
									<posx>820</posx>
									<height>44</height>
									<width>800</width>
									<align>right</align>
									<aligny>center</aligny>
									<font>font21</font>
									<textcolor>white</textcolor>
									<info>ListItem.Label2</info>
									<visible>!ControlGroup(25).HasFocus()</visible>
								</control>
								<control type="label">
									<posx>820</posx>
									<height>44</height>
									<width>800</width>
									<align>right</align>
									<aligny>center</aligny>
									<font>font21</font>
									<textcolor>black</textcolor>
									<info>ListItem.Label2</info>
									<visible>ControlGroup(25).HasFocus()</visible>
								</control>
								<control type="label">
									<posx>820</posx>
									<height>44</height>
									<width>800</width>
									<align>right</align>
									<aligny>center</aligny>
									<font>font21</font>
									<textcolor>white</textcolor>
									<info>ListItem.Label</info>
									<visible>!ControlGroup(25).HasFocus()</visible>
								</control>
								<control type="label">
									<posx>820</posx>
									<height>44</height>
									<width>800</width>
									<align>right</align>
									<aligny>center</aligny>
									<font>font21</font>
									<textcolor>black</textcolor>
									<info>ListItem.Label</info>
									<visible>ControlGroup(25).HasFocus()</visible>
								</control>
							</focusedlayout>
							<content>
								<item id="1">
									<label>31001</label>
									<onclick>Skin.SetString(Home_List_1,Home_Custom_List)</onclick>
									<onclick>Skin.SetString(Home_List_1_Button,ActivateWindow(Favourites))</onclick>
									<onclick>Skin.SetString(Home_List_1_Label,$LOCALIZE[31009])</onclick>
									<visible>IsEmpty(Skin.String(Home_List_1)) | StringCompare(Skin.String(Home_List_1),Home_Random_List)</visible>
								</item>
								<item id="2">
									<label>31009</label>
									<onclick>Skin.SetString(Home_List_1,Home_Movie_List)</onclick>
									<onclick>Skin.SetString(Home_List_1_Button,ActivateWindow(VideoLibrary,RecentlyAddedMovies,return))</onclick>
									<onclick>Skin.SetString(Home_List_1_Label,$LOCALIZE[31003])</onclick>
									<visible>StringCompare(Skin.String(Home_List_1),Home_Custom_List)</visible>
								</item>
								<item id="3">
									<label>31003</label>
									<onclick>Skin.SetString(Home_List_1,Home_Episode_List)</onclick>
									<onclick>Skin.SetString(Home_List_1_Button,ActivateWindow(VideoLibrary,RecentlyAddedEpisodes,return))</onclick>
									<onclick>Skin.SetString(Home_List_1_Label,$LOCALIZE[31004])</onclick>
									<visible>StringCompare(Skin.String(Home_List_1),Home_Movie_List)</visible>
								</item>
								<item id="4">
									<label>31004</label>
									<onclick>Skin.SetString(Home_List_1,Home_Album_List)</onclick>
									<onclick>Skin.SetString(Home_List_1_Button,ActivateWindow(MusicLibrary,RecentlyAddedAlbums,return))</onclick>
									<onclick>Skin.SetString(Home_List_1_Label,$LOCALIZE[31005])</onclick>
									<visible>StringCompare(Skin.String(Home_List_1),Home_Episode_List)</visible>
								</item>
								<item id="5">
									<label>31005</label>
									<onclick>Skin.SetString(Home_List_1,Home_Unfinished_Movies)</onclick>
									<onclick>Skin.SetString(Home_List_1_Button,RunScript(script.watchlist,movies=true&amp;episodes=true&amp;albums=true&amp;limit=10))</onclick>
									<onclick>Skin.SetString(Home_List_1_Label,$LOCALIZE[31006])</onclick>
									<visible>StringCompare(Skin.String(Home_List_1),Home_Album_List)</visible>
								</item>
								<item id="6">
									<label>31006</label>
									<onclick>Skin.SetString(Home_List_1,Home_Unfinished_Shows)</onclick>
									<onclick>Skin.SetString(Home_List_1_Button,RunScript(script.watchlist,movies=true&amp;episodes=true&amp;albums=true&amp;limit=10))</onclick>
									<onclick>Skin.SetString(Home_List_1_Label,$LOCALIZE[31007])</onclick>
									<visible>StringCompare(Skin.String(Home_List_1),Home_Unfinished_Movies)</visible>
								</item>
								<item id="7">
									<label>31007</label>
									<onclick>Skin.SetString(Home_List_1,Home_Most_Played_Albums)</onclick>
									<onclick>Skin.SetString(Home_List_1_Button,RunScript(script.watchlist,movies=true&amp;episodes=true&amp;albums=true&amp;limit=10))</onclick>
									<onclick>Skin.SetString(Home_List_1_Label,$LOCALIZE[31008])</onclick>
									<visible>StringCompare(Skin.String(Home_List_1),Home_Unfinished_Shows)</visible>
								</item>
								<item id="8">
									<label>31008</label>
									<onclick>Skin.SetString(Home_List_1,Home_Random_List)</onclick>
									<onclick>Skin.Reset(Home_List_1_Button,SetProperty(SkinWidgets_RandomItems_Update,true))</onclick>
									<onclick>Skin.SetString(Home_List_1_Label,$LOCALIZE[31001])</onclick>
									<visible>StringCompare(Skin.String(Home_List_1),Home_Most_Played_Albums)</visible>
								</item>
							</content>
						</control>
						<control type="list" id="260">
							<posx>860</posx>
							<posy>0</posy>
							<height>44</height>
							<width>20</width>
							<font>font21</font>
							<onup>noop</onup>
							<ondown>28</ondown>
							<onleft>26</onleft>
							<onright>noop</onright>
							<scrolltime>0</scrolltime>
							<itemlayout width="20" height="44"/>
							<focusedlayout width="20" height="44">
								<control type="image">
									<posx>0</posx>
									<posy>12</posy>
									<width>20</width>
									<height>20</height>
									<texture>icons/scroll_up.png</texture>
									<visible>!Control.HasFocus(260)</visible>
								</control>
								<control type="image">
									<posx>0</posx>
									<posy>12</posy>
									<width>20</width>
									<height>20</height>
									<texture>icons/settings_arrow_button_up.png</texture>
									<visible>Control.HasFocus(260)</visible>
								</control>
							</focusedlayout>
							<content>
								<item id="1">
									<label>31001</label>
									<onclick>Skin.SetString(Home_List_1,Home_Most_Played_Albums)</onclick>
									<onclick>Skin.SetString(Home_List_1_Button,RunScript(script.watchlist,movies=true&amp;episodes=true&amp;albums=true&amp;limit=10))</onclick>
									<onclick>Skin.SetString(Home_List_1_Label,$LOCALIZE[31008])</onclick>
									<visible>IsEmpty(Skin.String(Home_List_1)) | StringCompare(Skin.String(Home_List_1),Home_Random_List)</visible>
								</item>
								<item id="2">
									<label>31008</label>
									<onclick>Skin.SetString(Home_List_1,Home_Unfinished_Shows)</onclick>
									<onclick>Skin.SetString(Home_List_1_Button,RunScript(script.watchlist,movies=true&amp;episodes=true&amp;albums=true&amp;limit=10))</onclick>
									<onclick>Skin.SetString(Home_List_1_Label,$LOCALIZE[31007])</onclick>
									<visible>StringCompare(Skin.String(Home_List_1),Home_Most_Played_Albums)</visible>
								</item>
								<item id="3">
									<label>31007</label>
									<onclick>Skin.SetString(Home_List_1,Home_Unfinished_Movies)</onclick>
									<onclick>Skin.SetString(Home_List_1_Button,RunScript(script.watchlist,movies=true&amp;episodes=true&amp;albums=true&amp;limit=10))</onclick>
									<onclick>Skin.SetString(Home_List_1_Label,$LOCALIZE[31006])</onclick>
									<visible>StringCompare(Skin.String(Home_List_1),Home_Unfinished_Shows)</visible>
								</item>
								<item id="4">
									<label>31006</label>
									<onclick>Skin.SetString(Home_List_1,Home_Album_List)</onclick>
									<onclick>Skin.SetString(Home_List_1_Button,ActivateWindow(MusicLibrary,RecentlyAddedAlbums,return))</onclick>
									<onclick>Skin.SetString(Home_List_1_Label,$LOCALIZE[31005])</onclick>
									<visible>StringCompare(Skin.String(Home_List_1),Home_Unfinished_Movies)</visible>
								</item>
								<item id="5">
									<label>31005</label>
									<onclick>Skin.SetString(Home_List_1,Home_Episode_List)</onclick>
									<onclick>Skin.SetString(Home_List_1_Button,ActivateWindow(Videos,RecentlyAddedEpisodes,return))</onclick>
									<onclick>Skin.SetString(Home_List_1_Label,$LOCALIZE[31004])</onclick>
									<visible>StringCompare(Skin.String(Home_List_1),Home_Album_List)</visible>
								</item>
								<item id="6">
									<label>31004</label>
									<onclick>Skin.SetString(Home_List_1,Home_Movie_List)</onclick>
									<onclick>Skin.SetString(Home_List_1_Button,ActivateWindow(Videos,RecentlyAddedMovies,return))</onclick>
									<onclick>Skin.SetString(Home_List_1_Label,$LOCALIZE[31003])</onclick>
									<visible>StringCompare(Skin.String(Home_List_1),Home_Episode_List)</visible>
								</item>
								<item id="7">
									<label>31003</label>
									<onclick>Skin.SetString(Home_List_1,Home_Custom_List)</onclick>
									<onclick>Skin.SetString(Home_List_1_Button,ActivateWindow(Favourites))</onclick>
									<onclick>Skin.SetString(Home_List_1_Label,$LOCALIZE[31009])</onclick>
									<visible>StringCompare(Skin.String(Home_List_1),Home_Movie_List)</visible>
								</item>
								<item id="8">
									<label>31009</label>
									<onclick>Skin.SetString(Home_List_1,Home_Random_List)</onclick>
									<onclick>Skin.Reset(Home_List_1_Button,SetProperty(SkinWidgets_RandomItems_Update,true))</onclick>
									<onclick>Skin.SetString(Home_List_1_Label,$LOCALIZE[31001])</onclick>
									<visible>StringCompare(Skin.String(Home_List_1),Home_Custom_List)</visible>
								</item>
							</content>
						</control>
					</control>
					<control type="group" id="27">
						<height>44</height>
						<width>900</width>
						<control type="list" id="28">
							<posx>0</posx>
							<posy>0</posy>
							<height>44</height>
							<width>900</width>
							<font>font21</font>
							<onup>26</onup>
							<ondown>30</ondown>
							<onleft>9100</onleft>
							<onright>280</onright>
							<scrolltime>0</scrolltime>
							<itemlayout width="900" height="44"/>
							<focusedlayout width="860" height="44">
								<control type="image">
									<width>900</width>
									<height>44</height>
									<texture>views/line_frame_device_black.png</texture>
									<visible>!ControlGroup(27).HasFocus()</visible>
								</control>
								<control type="image">
									<width>900</width>
									<height>44</height>
									<texture>views/line_frame_device_white.png</texture>
									<visible>ControlGroup(27).HasFocus()</visible>
								</control>
								<control type="image">
									<posx>840</posx>
									<posy>12</posy>
									<width>20</width>
									<height>20</height>
									<texture>icons/scroll_down.png</texture>
									<visible>!Control.HasFocus(28)</visible>
								</control>
								<control type="image">
									<posx>840</posx>
									<posy>12</posy>
									<width>20</width>
									<height>20</height>
									<texture>icons/settings_arrow_button_down.png</texture>
									<visible>Control.HasFocus(28)</visible>
								</control>
								<control type="label">
									<posx>20</posx>
									<height>44</height>
									<width>800</width>
									<aligny>center</aligny>
									<font>font21</font>
									<textcolor>white</textcolor>
									<label>$LOCALIZE[31016] #2</label>
									<visible>!ControlGroup(27).HasFocus()</visible>
								</control>
								<control type="label">
									<posx>20</posx>
									<height>44</height>
									<width>800</width>
									<aligny>center</aligny>
									<font>font21</font>
									<textcolor>black</textcolor>
									<label>$LOCALIZE[31016] #2</label>
									<visible>ControlGroup(27).HasFocus()</visible>
								</control>
								<control type="label">
									<posx>820</posx>
									<height>44</height>
									<width>800</width>
									<align>right</align>
									<aligny>center</aligny>
									<font>font21</font>
									<textcolor>white</textcolor>
									<info>ListItem.Label2</info>
									<visible>!ControlGroup(27).HasFocus()</visible>
								</control>
								<control type="label">
									<posx>820</posx>
									<height>44</height>
									<width>800</width>
									<align>right</align>
									<aligny>center</aligny>
									<font>font21</font>
									<textcolor>black</textcolor>
									<info>ListItem.Label2</info>
									<visible>ControlGroup(27).HasFocus()</visible>
								</control>
								<control type="label">
									<posx>820</posx>
									<height>44</height>
									<width>800</width>
									<align>right</align>
									<aligny>center</aligny>
									<font>font21</font>
									<textcolor>white</textcolor>
									<info>ListItem.Label</info>
									<visible>!ControlGroup(27).HasFocus()</visible>
								</control>
								<control type="label">
									<posx>820</posx>
									<height>44</height>
									<width>800</width>
									<align>right</align>
									<aligny>center</aligny>
									<font>font21</font>
									<textcolor>black</textcolor>
									<info>ListItem.Label</info>
									<visible>ControlGroup(27).HasFocus()</visible>
								</control>
							</focusedlayout>
							<content>
								<item id="1">
									<label>31001</label>
									<onclick>Skin.SetString(Home_List_2,Home_Custom_List)</onclick>
									<onclick>Skin.SetString(Home_List_2_Button,ActivateWindow(Favourites))</onclick>
									<onclick>Skin.SetString(Home_List_2_Label,$LOCALIZE[31009])</onclick>
									<visible>IsEmpty(Skin.String(Home_List_2)) | StringCompare(Skin.String(Home_List_2),Home_Random_List)</visible>
								</item>
								<item id="2">
									<label>31009</label>
									<onclick>Skin.SetString(Home_List_2,Home_Movie_List)</onclick>
									<onclick>Skin.SetString(Home_List_2_Button,ActivateWindow(VideoLibrary,RecentlyAddedMovies,return))</onclick>
									<onclick>Skin.SetString(Home_List_2_Label,$LOCALIZE[31003])</onclick>
									<visible>StringCompare(Skin.String(Home_List_2),Home_Custom_List)</visible>
								</item>
								<item id="3">
									<label>31003</label>
									<onclick>Skin.SetString(Home_List_2,Home_Episode_List)</onclick>
									<onclick>Skin.SetString(Home_List_2_Button,ActivateWindow(VideoLibrary,RecentlyAddedEpisodes,return))</onclick>
									<onclick>Skin.SetString(Home_List_2_Label,$LOCALIZE[31004])</onclick>
									<visible>StringCompare(Skin.String(Home_List_2),Home_Movie_List)</visible>
								</item>
								<item id="4">
									<label>31004</label>
									<onclick>Skin.SetString(Home_List_2,Home_Album_List)</onclick>
									<onclick>Skin.SetString(Home_List_2_Button,ActivateWindow(MusicLibrary,RecentlyAddedAlbums,return))</onclick>
									<onclick>Skin.SetString(Home_List_2_Label,$LOCALIZE[31005])</onclick>
									<visible>StringCompare(Skin.String(Home_List_2),Home_Episode_List)</visible>
								</item>
								<item id="5">
									<label>31005</label>
									<onclick>Skin.SetString(Home_List_2,Home_Unfinished_Movies)</onclick>
									<onclick>Skin.SetString(Home_List_2_Button,RunScript(script.watchlist,movies=true&amp;episodes=true&amp;albums=true&amp;limit=10))</onclick>
									<onclick>Skin.SetString(Home_List_2_Label,$LOCALIZE[31006])</onclick>
									<visible>StringCompare(Skin.String(Home_List_2),Home_Album_List)</visible>
								</item>
								<item id="6">
									<label>31006</label>
									<onclick>Skin.SetString(Home_List_2,Home_Unfinished_Shows)</onclick>
									<onclick>Skin.SetString(Home_List_2_Button,RunScript(script.watchlist,movies=true&amp;episodes=true&amp;albums=true&amp;limit=10))</onclick>
									<onclick>Skin.SetString(Home_List_2_Label,$LOCALIZE[31007])</onclick>
									<visible>StringCompare(Skin.String(Home_List_2),Home_Unfinished_Movies)</visible>
								</item>
								<item id="7">
									<label>31007</label>
									<onclick>Skin.SetString(Home_List_2,Home_Most_Played_Albums)</onclick>
									<onclick>Skin.SetString(Home_List_2_Button,RunScript(script.watchlist,movies=true&amp;episodes=true&amp;albums=true&amp;limit=10))</onclick>
									<onclick>Skin.SetString(Home_List_2_Label,$LOCALIZE[31008])</onclick>
									<visible>StringCompare(Skin.String(Home_List_2),Home_Unfinished_Shows)</visible>
								</item>
								<item id="8">
									<label>31008</label>
									<onclick>Skin.SetString(Home_List_2,Home_Random_List)</onclick>
									<onclick>Skin.Reset(Home_List_2_Button,RunScript(script.randomitems,limit=6&amp;unplayed=True&amp;albums=True))</onclick>
									<onclick>Skin.SetString(Home_List_2_Label,$LOCALIZE[31001])</onclick>
									<visible>StringCompare(Skin.String(Home_List_2),Home_Most_Played_Albums)</visible>
								</item>
							</content>
						</control>
						<control type="list" id="280">
							<posx>860</posx>
							<posy>0</posy>
							<height>44</height>
							<width>20</width>
							<font>font21</font>
							<onup>26</onup>
							<ondown>30</ondown>
							<onleft>28</onleft>
							<onright>noop</onright>
							<scrolltime>0</scrolltime>
							<itemlayout width="20" height="44"/>
							<focusedlayout width="20" height="44">
								<control type="image">
									<posx>0</posx>
									<posy>12</posy>
									<width>20</width>
									<height>20</height>
									<texture>icons/scroll_up.png</texture>
									<visible>!Control.HasFocus(280)</visible>
								</control>
								<control type="image">
									<posx>0</posx>
									<posy>12</posy>
									<width>20</width>
									<height>20</height>
									<texture>icons/settings_arrow_button_up.png</texture>
									<visible>Control.HasFocus(280)</visible>
								</control>
							</focusedlayout>
							<content>
								<item id="1">
									<label>31001</label>
									<onclick>Skin.SetString(Home_List_2,Home_Most_Played_Albums)</onclick>
									<onclick>Skin.SetString(Home_List_2_Button,RunScript(script.watchlist,movies=true&amp;episodes=true&amp;albums=true&amp;limit=10))</onclick>
									<onclick>Skin.SetString(Home_List_2_Label,$LOCALIZE[31008])</onclick>
									<visible>IsEmpty(Skin.String(Home_List_2)) | StringCompare(Skin.String(Home_List_2),Home_Random_List)</visible>
								</item>
								<item id="2">
									<label>31008</label>
									<onclick>Skin.SetString(Home_List_2,Home_Unfinished_Shows)</onclick>
									<onclick>Skin.SetString(Home_List_2_Button,RunScript(script.watchlist,movies=true&amp;episodes=true&amp;albums=true&amp;limit=10))</onclick>
									<onclick>Skin.SetString(Home_List_2_Label,$LOCALIZE[31007])</onclick>
									<visible>StringCompare(Skin.String(Home_List_2),Home_Most_Played_Albums)</visible>
								</item>
								<item id="3">
									<label>31007</label>
									<onclick>Skin.SetString(Home_List_2,Home_Unfinished_Movies)</onclick>
									<onclick>Skin.SetString(Home_List_2_Button,RunScript(script.watchlist,movies=true&amp;episodes=true&amp;albums=true&amp;limit=10))</onclick>
									<onclick>Skin.SetString(Home_List_2_Label,$LOCALIZE[31006])</onclick>
									<visible>StringCompare(Skin.String(Home_List_2),Home_Unfinished_Shows)</visible>
								</item>
								<item id="4">
									<label>31006</label>
									<onclick>Skin.SetString(Home_List_2,Home_Album_List)</onclick>
									<onclick>Skin.SetString(Home_List_2_Button,ActivateWindow(MusicLibrary,RecentlyAddedAlbums,return))</onclick>
									<onclick>Skin.SetString(Home_List_2_Label,$LOCALIZE[31005])</onclick>
									<visible>StringCompare(Skin.String(Home_List_2),Home_Unfinished_Movies)</visible>
								</item>
								<item id="5">
									<label>31005</label>
									<onclick>Skin.SetString(Home_List_2,Home_Episode_List)</onclick>
									<onclick>Skin.SetString(Home_List_2_Button,ActivateWindow(VideoLibrary,RecentlyAddedEpisodes,return))</onclick>
									<onclick>Skin.SetString(Home_List_2_Label,$LOCALIZE[31004])</onclick>
									<visible>StringCompare(Skin.String(Home_List_2),Home_Album_List)</visible>
								</item>
								<item id="6">
									<label>31004</label>
									<onclick>Skin.SetString(Home_List_2,Home_Movie_List)</onclick>
									<onclick>Skin.SetString(Home_List_2_Button,ActivateWindow(VideoLibrary,RecentlyAddedMovies,return))</onclick>
									<onclick>Skin.SetString(Home_List_2_Label,$LOCALIZE[31003])</onclick>
									<visible>StringCompare(Skin.String(Home_List_2),Home_Episode_List)</visible>
								</item>
								<item id="7">
									<label>31003</label>
									<onclick>Skin.SetString(Home_List_2,Home_Custom_List)</onclick>
									<onclick>Skin.SetString(Home_List_2_Button,ActivateWindow(Favourites))</onclick>
									<onclick>Skin.SetString(Home_List_2_Label,$LOCALIZE[31009])</onclick>
									<visible>StringCompare(Skin.String(Home_List_2),Home_Movie_List)</visible>
								</item>
								<item id="8">
									<label>31009</label>
									<onclick>Skin.SetString(Home_List_2,Home_Random_List)</onclick>
									<onclick>Skin.Reset(Home_List_2_Button,RunScript(script.randomitems,limit=6&amp;unplayed=True&amp;albums=True))</onclick>
									<onclick>Skin.SetString(Home_List_2_Label,$LOCALIZE[31001])</onclick>
									<visible>StringCompare(Skin.String(Home_List_2),Home_Custom_List)</visible>
								</item>
							</content>
						</control>
					</control>
					<control type="group" id="29">
						<height>44</height>
						<width>900</width>
						<control type="list" id="30">
							<posx>0</posx>
							<posy>0</posy>
							<height>44</height>
							<width>900</width>
							<font>font21</font>
							<onup>28</onup>
							<ondown>32</ondown>
							<onleft>9100</onleft>
							<onright>300</onright>
							<scrolltime>0</scrolltime>
							<itemlayout width="900" height="44"/>
							<focusedlayout width="860" height="44">
								<control type="image">
									<width>900</width>
									<height>44</height>
									<texture>views/line_frame_device_black.png</texture>
									<visible>!ControlGroup(29).HasFocus()</visible>
								</control>
								<control type="image">
									<width>900</width>
									<height>44</height>
									<texture>views/line_frame_device_white.png</texture>
									<visible>ControlGroup(29).HasFocus()</visible>
								</control>
								<control type="image">
									<posx>840</posx>
									<posy>12</posy>
									<width>20</width>
									<height>20</height>
									<texture>icons/scroll_down.png</texture>
									<visible>!Control.HasFocus(30)</visible>
								</control>
								<control type="image">
									<posx>840</posx>
									<posy>12</posy>
									<width>20</width>
									<height>20</height>
									<texture>icons/settings_arrow_button_down.png</texture>
									<visible>Control.HasFocus(30)</visible>
								</control>
								<control type="label">
									<posx>20</posx>
									<height>44</height>
									<width>800</width>
									<aligny>center</aligny>
									<font>font21</font>
									<textcolor>white</textcolor>
									<label>$LOCALIZE[31016] #3</label>
									<visible>!ControlGroup(29).HasFocus()</visible>
								</control>
								<control type="label">
									<posx>20</posx>
									<height>44</height>
									<width>800</width>
									<aligny>center</aligny>
									<font>font21</font>
									<textcolor>black</textcolor>
									<label>$LOCALIZE[31016] #3</label>
									<visible>ControlGroup(29).HasFocus()</visible>
								</control>
								<control type="label">
									<posx>820</posx>
									<height>44</height>
									<width>800</width>
									<align>right</align>
									<aligny>center</aligny>
									<font>font21</font>
									<textcolor>white</textcolor>
									<info>ListItem.Label2</info>
									<visible>!ControlGroup(29).HasFocus()</visible>
								</control>
								<control type="label">
									<posx>820</posx>
									<height>44</height>
									<width>800</width>
									<align>right</align>
									<aligny>center</aligny>
									<font>font21</font>
									<textcolor>black</textcolor>
									<info>ListItem.Label2</info>
									<visible>ControlGroup(29).HasFocus()</visible>
								</control>
								<control type="label">
									<posx>820</posx>
									<height>44</height>
									<width>800</width>
									<align>right</align>
									<aligny>center</aligny>
									<font>font21</font>
									<textcolor>white</textcolor>
									<info>ListItem.Label</info>
									<visible>!ControlGroup(29).HasFocus()</visible>
								</control>
								<control type="label">
									<posx>820</posx>
									<height>44</height>
									<width>800</width>
									<align>right</align>
									<aligny>center</aligny>
									<font>font21</font>
									<textcolor>black</textcolor>
									<info>ListItem.Label</info>
									<visible>ControlGroup(29).HasFocus()</visible>
								</control>
							</focusedlayout>
							<content>
								<item id="1">
									<label>31001</label>
									<onclick>Skin.SetString(Home_List_3,Home_Custom_List)</onclick>
									<onclick>Skin.SetString(Home_List_3_Button,ActivateWindow(Favourites))</onclick>
									<onclick>Skin.SetString(Home_List_3_Label,$LOCALIZE[31009])</onclick>
									<visible>IsEmpty(Skin.String(Home_List_3)) | StringCompare(Skin.String(Home_List_3),Home_Random_List)</visible>
								</item>
								<item id="2">
									<label>31009</label>
									<onclick>Skin.SetString(Home_List_3,Home_Movie_List)</onclick>
									<onclick>Skin.SetString(Home_List_3_Button,ActivateWindow(VideoLibrary,RecentlyAddedMovies,return))</onclick>
									<onclick>Skin.SetString(Home_List_3_Label,$LOCALIZE[31003])</onclick>
									<visible>StringCompare(Skin.String(Home_List_3),Home_Custom_List)</visible>
								</item>
								<item id="3">
									<label>31003</label>
									<onclick>Skin.SetString(Home_List_3,Home_Episode_List)</onclick>
									<onclick>Skin.SetString(Home_List_3_Button,ActivateWindow(VideoLibrary,RecentlyAddedEpisodes,return))</onclick>
									<onclick>Skin.SetString(Home_List_3_Label,$LOCALIZE[31004])</onclick>
									<visible>StringCompare(Skin.String(Home_List_3),Home_Movie_List)</visible>
								</item>
								<item id="4">
									<label>31004</label>
									<onclick>Skin.SetString(Home_List_3,Home_Album_List)</onclick>
									<onclick>Skin.SetString(Home_List_3_Button,ActivateWindow(MusicLibrary,RecentlyAddedAlbums,return))</onclick>
									<onclick>Skin.SetString(Home_List_3_Label,$LOCALIZE[31005])</onclick>
									<visible>StringCompare(Skin.String(Home_List_3),Home_Episode_List)</visible>
								</item>
								<item id="5">
									<label>31005</label>
									<onclick>Skin.SetString(Home_List_3,Home_Unfinished_Movies)</onclick>
									<onclick>Skin.SetString(Home_List_3_Button,RunScript(script.watchlist,movies=true&amp;episodes=true&amp;albums=true&amp;limit=10))</onclick>
									<onclick>Skin.SetString(Home_List_3_Label,$LOCALIZE[31006])</onclick>
									<visible>StringCompare(Skin.String(Home_List_3),Home_Album_List)</visible>
								</item>
								<item id="6">
									<label>31006</label>
									<onclick>Skin.SetString(Home_List_3,Home_Unfinished_Shows)</onclick>
									<onclick>Skin.SetString(Home_List_3_Button,RunScript(script.watchlist,movies=true&amp;episodes=true&amp;albums=true&amp;limit=10))</onclick>
									<onclick>Skin.SetString(Home_List_3_Label,$LOCALIZE[31007])</onclick>
									<visible>StringCompare(Skin.String(Home_List_3),Home_Unfinished_Movies)</visible>
								</item>
								<item id="7">
									<label>31007</label>
									<onclick>Skin.SetString(Home_List_3,Home_Most_Played_Albums)</onclick>
									<onclick>Skin.SetString(Home_List_3_Button,RunScript(script.watchlist,movies=true&amp;episodes=true&amp;albums=true&amp;limit=10))</onclick>
									<onclick>Skin.SetString(Home_List_3_Label,$LOCALIZE[31008])</onclick>
									<visible>StringCompare(Skin.String(Home_List_3),Home_Unfinished_Shows)</visible>
								</item>
								<item id="8">
									<label>31008</label>
									<onclick>Skin.SetString(Home_List_3,Home_Random_List)</onclick>
									<onclick>Skin.Reset(Home_List_3_Button,RunScript(script.randomitems,limit=6&amp;unplayed=True&amp;albums=True))</onclick>
									<onclick>Skin.SetString(Home_List_3_Label,$LOCALIZE[31001])</onclick>
									<visible>StringCompare(Skin.String(Home_List_3),Home_Most_Played_Albums)</visible>
								</item>
							</content>
						</control>
						<control type="list" id="300">
							<posx>860</posx>
							<posy>0</posy>
							<height>44</height>
							<width>20</width>
							<font>font21</font>
							<onup>28</onup>
							<ondown>32</ondown>
							<onleft>30</onleft>
							<onright>noop</onright>
							<scrolltime>0</scrolltime>
							<itemlayout width="20" height="44"/>
							<focusedlayout width="20" height="44">
								<control type="image">
									<posx>0</posx>
									<posy>12</posy>
									<width>20</width>
									<height>20</height>
									<texture>icons/scroll_up.png</texture>
									<visible>!Control.HasFocus(300)</visible>
								</control>
								<control type="image">
									<posx>0</posx>
									<posy>12</posy>
									<width>20</width>
									<height>20</height>
									<texture>icons/settings_arrow_button_up.png</texture>
									<visible>Control.HasFocus(300)</visible>
								</control>
							</focusedlayout>
							<content>
								<item id="1">
									<label>31001</label>
									<onclick>Skin.SetString(Home_List_3,Home_Most_Played_Albums)</onclick>
									<onclick>Skin.SetString(Home_List_3_Button,RunScript(script.watchlist,movies=true&amp;episodes=true&amp;albums=true&amp;limit=10))</onclick>
									<onclick>Skin.SetString(Home_List_3_Label,$LOCALIZE[31008])</onclick>
									<visible>IsEmpty(Skin.String(Home_List_3)) | StringCompare(Skin.String(Home_List_3),Home_Random_List)</visible>
								</item>
								<item id="2">
									<label>31008</label>
									<onclick>Skin.SetString(Home_List_3,Home_Unfinished_Shows)</onclick>
									<onclick>Skin.SetString(Home_List_3_Button,RunScript(script.watchlist,movies=true&amp;episodes=true&amp;albums=true&amp;limit=10))</onclick>
									<onclick>Skin.SetString(Home_List_3_Label,$LOCALIZE[31007])</onclick>
									<visible>StringCompare(Skin.String(Home_List_3),Home_Most_Played_Albums)</visible>
								</item>
								<item id="3">
									<label>31007</label>
									<onclick>Skin.SetString(Home_List_3,Home_Unfinished_Movies)</onclick>
									<onclick>Skin.SetString(Home_List_3_Button,RunScript(script.watchlist,movies=true&amp;episodes=true&amp;albums=true&amp;limit=10))</onclick>
									<onclick>Skin.SetString(Home_List_3_Label,$LOCALIZE[31006])</onclick>
									<visible>StringCompare(Skin.String(Home_List_3),Home_Unfinished_Shows)</visible>
								</item>
								<item id="4">
									<label>31006</label>
									<onclick>Skin.SetString(Home_List_3,Home_Album_List)</onclick>
									<onclick>Skin.SetString(Home_List_3_Button,ActivateWindow(MusicLibrary,RecentlyAddedAlbums,return))</onclick>
									<onclick>Skin.SetString(Home_List_3_Label,$LOCALIZE[31005])</onclick>
									<visible>StringCompare(Skin.String(Home_List_3),Home_Unfinished_Movies)</visible>
								</item>
								<item id="5">
									<label>31005</label>
									<onclick>Skin.SetString(Home_List_3,Home_Episode_List)</onclick>
									<onclick>Skin.SetString(Home_List_3_Button,ActivateWindow(VideoLibrary,RecentlyAddedEpisodes,return))</onclick>
									<onclick>Skin.SetString(Home_List_3_Label,$LOCALIZE[31004])</onclick>
									<visible>StringCompare(Skin.String(Home_List_3),Home_Album_List)</visible>
								</item>
								<item id="6">
									<label>31004</label>
									<onclick>Skin.SetString(Home_List_3,Home_Movie_List)</onclick>
									<onclick>Skin.SetString(Home_List_3_Button,ActivateWindow(VideoLibrary,RecentlyAddedMovies,return))</onclick>
									<onclick>Skin.SetString(Home_List_3_Label,$LOCALIZE[31003])</onclick>
									<visible>StringCompare(Skin.String(Home_List_3),Home_Episode_List)</visible>
								</item>
								<item id="7">
									<label>31003</label>
									<onclick>Skin.SetString(Home_List_3,Home_Custom_List)</onclick>
									<onclick>Skin.SetString(Home_List_3_Button,ActivateWindow(Favourites))</onclick>
									<onclick>Skin.SetString(Home_List_3_Label,$LOCALIZE[31009])</onclick>
									<visible>StringCompare(Skin.String(Home_List_3),Home_Movie_List)</visible>
								</item>
								<item id="8">
									<label>31009</label>
									<onclick>Skin.SetString(Home_List_3,Home_Random_List)</onclick>
									<onclick>Skin.Reset(Home_List_3_Button,RunScript(script.randomitems,limit=6&amp;unplayed=True&amp;albums=True))</onclick>
									<onclick>Skin.SetString(Home_List_3_Label,$LOCALIZE[31001])</onclick>
									<visible>StringCompare(Skin.String(Home_List_3),Home_Custom_List)</visible>
								</item>
							</content>
						</control>
					</control>
					<control type="group" id="31">
						<height>44</height>
						<width>900</width>
						<control type="list" id="32">
							<posx>0</posx>
							<posy>0</posy>
							<height>44</height>
							<width>900</width>
							<font>font21</font>
							<onup>30</onup>
							<ondown>noop</ondown>
							<onleft>9100</onleft>
							<onright>320</onright>
							<scrolltime>0</scrolltime>
							<itemlayout width="900" height="44"/>
							<focusedlayout width="860" height="44">
								<control type="image">
									<width>900</width>
									<height>44</height>
									<texture>views/line_frame_device_black.png</texture>
									<visible>!ControlGroup(31).HasFocus()</visible>
								</control>
								<control type="image">
									<width>900</width>
									<height>44</height>
									<texture>views/line_frame_device_white.png</texture>
									<visible>ControlGroup(31).HasFocus()</visible>
								</control>
								<control type="image">
									<posx>840</posx>
									<posy>12</posy>
									<width>20</width>
									<height>20</height>
									<texture>icons/scroll_down.png</texture>
									<visible>!Control.HasFocus(32)</visible>
								</control>
								<control type="image">
									<posx>840</posx>
									<posy>12</posy>
									<width>20</width>
									<height>20</height>
									<texture>icons/settings_arrow_button_down.png</texture>
									<visible>Control.HasFocus(32)</visible>
								</control>
								<control type="label">
									<posx>20</posx>
									<height>44</height>
									<width>800</width>
									<aligny>center</aligny>
									<font>font21</font>
									<textcolor>white</textcolor>
									<label>$LOCALIZE[31016] #4</label>
									<visible>!ControlGroup(31).HasFocus()</visible>
								</control>
								<control type="label">
									<posx>20</posx>
									<height>44</height>
									<width>800</width>
									<aligny>center</aligny>
									<font>font21</font>
									<textcolor>black</textcolor>
									<label>$LOCALIZE[31016] #4</label>
									<visible>ControlGroup(31).HasFocus()</visible>
								</control>
								<control type="label">
									<posx>820</posx>
									<height>44</height>
									<width>800</width>
									<align>right</align>
									<aligny>center</aligny>
									<font>font21</font>
									<textcolor>white</textcolor>
									<info>ListItem.Label2</info>
									<visible>!ControlGroup(31).HasFocus()</visible>
								</control>
								<control type="label">
									<posx>820</posx>
									<height>44</height>
									<width>800</width>
									<align>right</align>
									<aligny>center</aligny>
									<font>font21</font>
									<textcolor>black</textcolor>
									<info>ListItem.Label2</info>
									<visible>ControlGroup(31).HasFocus()</visible>
								</control>
								<control type="label">
									<posx>820</posx>
									<height>44</height>
									<width>800</width>
									<align>right</align>
									<aligny>center</aligny>
									<font>font21</font>
									<textcolor>white</textcolor>
									<info>ListItem.Label</info>
									<visible>!ControlGroup(31).HasFocus()</visible>
								</control>
								<control type="label">
									<posx>820</posx>
									<height>44</height>
									<width>800</width>
									<align>right</align>
									<aligny>center</aligny>
									<font>font21</font>
									<textcolor>black</textcolor>
									<info>ListItem.Label</info>
									<visible>ControlGroup(31).HasFocus()</visible>
								</control>
							</focusedlayout>
							<content>
								<item id="1">
									<label>31001</label>
									<onclick>Skin.SetString(Home_List_4,Home_Custom_List)</onclick>
									<onclick>Skin.SetString(Home_List_4_Button,ActivateWindow(Favourites))</onclick>
									<onclick>Skin.SetString(Home_List_4_Label,$LOCALIZE[31009])</onclick>
									<visible>IsEmpty(Skin.String(Home_List_4)) | StringCompare(Skin.String(Home_List_4),Home_Random_List)</visible>
								</item>
								<item id="2">
									<label>31009</label>
									<onclick>Skin.SetString(Home_List_4,Home_Movie_List)</onclick>
									<onclick>Skin.SetString(Home_List_4_Button,ActivateWindow(VideoLibrary,RecentlyAddedMovies,return))</onclick>
									<onclick>Skin.SetString(Home_List_4_Label,$LOCALIZE[31003])</onclick>
									<visible>StringCompare(Skin.String(Home_List_4),Home_Custom_List)</visible>
								</item>
								<item id="3">
									<label>31003</label>
									<onclick>Skin.SetString(Home_List_4,Home_Episode_List)</onclick>
									<onclick>Skin.SetString(Home_List_4_Button,ActivateWindow(VideoLibrary,RecentlyAddedEpisodes,return))</onclick>
									<onclick>Skin.SetString(Home_List_4_Label,$LOCALIZE[31004])</onclick>
									<visible>StringCompare(Skin.String(Home_List_4),Home_Movie_List)</visible>
								</item>
								<item id="4">
									<label>31004</label>
									<onclick>Skin.SetString(Home_List_4,Home_Album_List)</onclick>
									<onclick>Skin.SetString(Home_List_4_Button,ActivateWindow(MusicLibrary,RecentlyAddedAlbums,return))</onclick>
									<onclick>Skin.SetString(Home_List_4_Label,$LOCALIZE[31005])</onclick>
									<visible>StringCompare(Skin.String(Home_List_4),Home_Episode_List)</visible>
								</item>
								<item id="5">
									<label>31005</label>
									<onclick>Skin.SetString(Home_List_4,Home_Unfinished_Movies)</onclick>
									<onclick>Skin.SetString(Home_List_4_Button,RunScript(script.watchlist,movies=true&amp;episodes=true&amp;albums=true&amp;limit=10))</onclick>
									<onclick>Skin.SetString(Home_List_4_Label,$LOCALIZE[31006])</onclick>
									<visible>StringCompare(Skin.String(Home_List_4),Home_Album_List)</visible>
								</item>
								<item id="6">
									<label>31006</label>
									<onclick>Skin.SetString(Home_List_4,Home_Unfinished_Shows)</onclick>
									<onclick>Skin.SetString(Home_List_4_Button,RunScript(script.watchlist,movies=true&amp;episodes=true&amp;albums=true&amp;limit=10))</onclick>
									<onclick>Skin.SetString(Home_List_4_Label,$LOCALIZE[31007])</onclick>
									<visible>StringCompare(Skin.String(Home_List_4),Home_Unfinished_Movies)</visible>
								</item>
								<item id="7">
									<label>31007</label>
									<onclick>Skin.SetString(Home_List_4,Home_Most_Played_Albums)</onclick>
									<onclick>Skin.SetString(Home_List_4_Button,RunScript(script.watchlist,movies=true&amp;episodes=true&amp;albums=true&amp;limit=10))</onclick>
									<onclick>Skin.SetString(Home_List_4_Label,$LOCALIZE[31008])</onclick>
									<visible>StringCompare(Skin.String(Home_List_4),Home_Unfinished_Shows)</visible>
								</item>
								<item id="8">
									<label>31008</label>
									<onclick>Skin.SetString(Home_List_4,Home_Random_List)</onclick>
									<onclick>Skin.Reset(Home_List_4_Button,RunScript(script.randomitems,limit=6&amp;unplayed=True&amp;albums=True))</onclick>
									<onclick>Skin.SetString(Home_List_4_Label,$LOCALIZE[31001])</onclick>
									<visible>StringCompare(Skin.String(Home_List_4),Home_Most_Played_Albums)</visible>
								</item>
							</content>
						</control>
						<control type="list" id="320">
							<posx>860</posx>
							<posy>0</posy>
							<height>44</height>
							<width>20</width>
							<font>font21</font>
							<onup>30</onup>
							<ondown>noop</ondown>
							<onleft>32</onleft>
							<onright>noop</onright>
							<scrolltime>0</scrolltime>
							<itemlayout width="20" height="44"/>
							<focusedlayout width="20" height="44">
								<control type="image">
									<posx>0</posx>
									<posy>12</posy>
									<width>20</width>
									<height>20</height>
									<texture>icons/scroll_up.png</texture>
									<visible>!Control.HasFocus(320)</visible>
								</control>
								<control type="image">
									<posx>0</posx>
									<posy>12</posy>
									<width>20</width>
									<height>20</height>
									<texture>icons/settings_arrow_button_up.png</texture>
									<visible>Control.HasFocus(320)</visible>
								</control>
							</focusedlayout>
							<content>
								<item id="1">
									<label>31001</label>
									<onclick>Skin.SetString(Home_List_4,Home_Most_Played_Albums)</onclick>
									<onclick>Skin.SetString(Home_List_4_Button,RunScript(script.watchlist,movies=true&amp;episodes=true&amp;albums=true&amp;limit=10))</onclick>
									<onclick>Skin.SetString(Home_List_4_Label,$LOCALIZE[31008])</onclick>
									<visible>IsEmpty(Skin.String(Home_List_4)) | StringCompare(Skin.String(Home_List_4),Home_Random_List)</visible>
								</item>
								<item id="2">
									<label>31008</label>
									<onclick>Skin.SetString(Home_List_4,Home_Unfinished_Shows)</onclick>
									<onclick>Skin.SetString(Home_List_4_Button,RunScript(script.watchlist,movies=true&amp;episodes=true&amp;albums=true&amp;limit=10))</onclick>
									<onclick>Skin.SetString(Home_List_4_Label,$LOCALIZE[31007])</onclick>
									<visible>StringCompare(Skin.String(Home_List_4),Home_Most_Played_Albums)</visible>
								</item>
								<item id="3">
									<label>31007</label>
									<onclick>Skin.SetString(Home_List_4,Home_Unfinished_Movies)</onclick>
									<onclick>Skin.SetString(Home_List_4_Button,RunScript(script.watchlist,movies=true&amp;episodes=true&amp;albums=true&amp;limit=10))</onclick>
									<onclick>Skin.SetString(Home_List_4_Label,$LOCALIZE[31006])</onclick>
									<visible>StringCompare(Skin.String(Home_List_4),Home_Unfinished_Shows)</visible>
								</item>
								<item id="4">
									<label>31006</label>
									<onclick>Skin.SetString(Home_List_4,Home_Album_List)</onclick>
									<onclick>Skin.SetString(Home_List_4_Button,ActivateWindow(MusicLibrary,RecentlyAddedAlbums,return))</onclick>
									<onclick>Skin.SetString(Home_List_4_Label,$LOCALIZE[31005])</onclick>
									<visible>StringCompare(Skin.String(Home_List_4),Home_Unfinished_Movies)</visible>
								</item>
								<item id="5">
									<label>31005</label>
									<onclick>Skin.SetString(Home_List_4,Home_Episode_List)</onclick>
									<onclick>Skin.SetString(Home_List_4_Button,ActivateWindow(VideoLibrary,RecentlyAddedEpisodes,return))</onclick>
									<onclick>Skin.SetString(Home_List_4_Label,$LOCALIZE[31004])</onclick>
									<visible>StringCompare(Skin.String(Home_List_4),Home_Album_List)</visible>
								</item>
								<item id="6">
									<label>31004</label>
									<onclick>Skin.SetString(Home_List_4,Home_Movie_List)</onclick>
									<onclick>Skin.SetString(Home_List_4_Button,ActivateWindow(VideoLibrary,RecentlyAddedMovies,return))</onclick>
									<onclick>Skin.SetString(Home_List_4_Label,$LOCALIZE[31003])</onclick>
									<visible>StringCompare(Skin.String(Home_List_4),Home_Episode_List)</visible>
								</item>
								<item id="7">
									<label>31003</label>
									<onclick>Skin.SetString(Home_List_4,Home_Custom_List)</onclick>
									<onclick>Skin.SetString(Home_List_4_Button,ActivateWindow(Favourites))</onclick>
									<onclick>Skin.SetString(Home_List_4_Label,$LOCALIZE[31009])</onclick>
									<visible>StringCompare(Skin.String(Home_List_4),Home_Movie_List)</visible>
								</item>
								<item id="8">
									<label>31009</label>
									<onclick>Skin.SetString(Home_List_4,Home_Random_List)</onclick>
									<onclick>Skin.Reset(Home_List_4_Button,RunScript(script.randomitems,limit=6&amp;unplayed=True&amp;albums=True))</onclick>
									<onclick>Skin.SetString(Home_List_4_Label,$LOCALIZE[31001])</onclick>
									<visible>StringCompare(Skin.String(Home_List_4),Home_Custom_List)</visible>
								</item>
							</content>
						</control>
					</control>
				</control>
				<control type="grouplist" id="1900">
					<include>Main_Menu_Fade_Animation</include>
					<include>Window_Fade_Animation</include>
					<visible>Container(9100).Hasfocus(3)</visible>
					<posx>300</posx>
					<posy>206</posy>
					<width>900</width>
					<height>440</height>
					<itemgap>0</itemgap>
					<onleft>9100</onleft>
					<onright>noop</onright>
					<onup>noop</onup>
					<ondown>noop</ondown>
					<control type="group" id="21">
						<height>440</height>
						<width>900</width>
						<control type="list" id="22">
							<posx>0</posx>
							<posy>0</posy>
							<height>440</height>
							<width>900</width>
							<font>font21</font>
							<onup>20</onup>
							<ondown>noop</ondown>
							<onleft>9100</onleft>
							<onright>noop</onright>
							<scrolltime>0</scrolltime>
							<itemlayout width="900" height="44">
								<control type="image">
									<width>900</width>
									<height>44</height>
									<texture>views/line_frame_device_black.png</texture>
								</control>
								<control type="label">
									<posx>20</posx>
									<height>44</height>
									<width>800</width>
									<aligny>center</aligny>
									<font>font21</font>
									<textcolor>white</textcolor>
									<info>ListItem.Label</info>
								</control>
								<control type="label">
									<posx>838</posx>
									<height>44</height>
									<width>400</width>
									<align>right</align>
									<aligny>center</aligny>
									<font>font21</font>
									<textcolor>white</textcolor>
									<info>ListItem.Label2</info>
								</control>
								<control type="image">
									<posx>858</posx>
									<posy>2</posy>
									<width>40</width>
									<height>40</height>
									<texture>$INFO[ListItem.Icon]</texture>
								</control>
							</itemlayout>
							<focusedlayout width="900" height="44">
								<control type="image">
									<width>900</width>
									<height>44</height>
									<texture>views/line_frame_device_black.png</texture>
								</control>
								<control type="image">
									<width>900</width>
									<height>44</height>
									<texture>views/line_frame_device_white.png</texture>
									<visible>ControlGroup(21).HasFocus()</visible>
								</control>
								<control type="label">
									<posx>20</posx>
									<height>44</height>
									<width>800</width>
									<aligny>center</aligny>
									<font>font21</font>
									<textcolor>black</textcolor>
									<info>ListItem.Label</info>
								</control>
								<control type="label">
									<posx>20</posx>
									<height>44</height>
									<width>800</width>
									<aligny>center</aligny>
									<font>font21</font>
									<textcolor>white</textcolor>
									<info>ListItem.Label</info>
									<visible>!ControlGroup(21).HasFocus()</visible>
								</control>
								<control type="label">
									<posx>838</posx>
									<height>44</height>
									<width>400</width>
									<align>right</align>
									<aligny>center</aligny>
									<font>font21</font>
									<textcolor>black</textcolor>
									<info>ListItem.Label2</info>
									<visible>ControlGroup(21).HasFocus()</visible>
								</control>
								<control type="label">
									<posx>838</posx>
									<height>44</height>
									<width>400</width>
									<align>right</align>
									<aligny>center</aligny>
									<font>font21</font>
									<textcolor>white</textcolor>
									<info>ListItem.Label2</info>
									<visible>!ControlGroup(21).HasFocus()</visible>
								</control>
								<control type="image">
									<posx>858</posx>
									<posy>2</posy>
									<width>40</width>
									<height>40</height>
									<texture>$INFO[ListItem.Icon]</texture>
								</control>
							</focusedlayout>
							<content>
								<item id="1">
									<label>$LOCALIZE[31019] #1</label>
									<label2>$INFO[Skin.String(CustomHomeItem_1.Label)]</label2>
									<icon>$INFO[Skin.String(CustomHomeItem_1.Icon)]</icon>
									<onclick>SetProperty(SetCustomItem,1,54)</onclick>
									<onclick>ActivateWindow(54)</onclick>
								</item>
								<item id="2">
									<label>$LOCALIZE[31019] #2</label>
									<label2>$INFO[Skin.String(CustomHomeItem_2.Label)]</label2>
									<icon>$INFO[Skin.String(CustomHomeItem_2.Icon)]</icon>
									<onclick>SetProperty(SetCustomItem,2,54)</onclick>
									<onclick>ActivateWindow(54)</onclick>
								</item>
								<item id="3">
									<label>$LOCALIZE[31019] #3</label>
									<label2>$INFO[Skin.String(CustomHomeItem_3.Label)]</label2>
									<icon>$INFO[Skin.String(CustomHomeItem_3.Icon)]</icon>
									<onclick>SetProperty(SetCustomItem,3,54)</onclick>
									<onclick>ActivateWindow(54)</onclick>
								</item>
								<item id="4">
									<label>$LOCALIZE[31019] #4</label>
									<label2>$INFO[Skin.String(CustomHomeItem_4.Label)]</label2>
									<icon>$INFO[Skin.String(CustomHomeItem_4.Icon)]</icon>
									<onclick>SetProperty(SetCustomItem,4,54)</onclick>
									<onclick>ActivateWindow(54)</onclick>
								</item>
								<item id="5">
									<label>$LOCALIZE[31019] #5</label>
									<label2>$INFO[Skin.String(CustomHomeItem_5.Label)]</label2>
									<icon>$INFO[Skin.String(CustomHomeItem_5.Icon)]</icon>
									<onclick>SetProperty(SetCustomItem,5,54)</onclick>
									<onclick>ActivateWindow(54)</onclick>
								</item>
								<item id="6">
									<label>$LOCALIZE[31019] #6</label>
									<label2>$INFO[Skin.String(CustomHomeItem_6.Label)]</label2>
									<icon>$INFO[Skin.String(CustomHomeItem_6.Icon)]</icon>
									<onclick>SetProperty(SetCustomItem,6,54)</onclick>
									<onclick>ActivateWindow(54)</onclick>
								</item>
								<item id="7">
									<label>$LOCALIZE[31019] #7</label>
									<label2>$INFO[Skin.String(CustomHomeItem_7.Label)]</label2>
									<icon>$INFO[Skin.String(CustomHomeItem_7.Icon)]</icon>
									<onclick>SetProperty(SetCustomItem,7,54)</onclick>
									<onclick>ActivateWindow(54)</onclick>
								</item>
								<item id="8">
									<label>$LOCALIZE[31019] #8</label>
									<label2>$INFO[Skin.String(CustomHomeItem_8.Label)]</label2>
									<icon>$INFO[Skin.String(CustomHomeItem_8.Icon)]</icon>
									<onclick>SetProperty(SetCustomItem,8,54)</onclick>
									<onclick>ActivateWindow(54)</onclick>
								</item>
								<item id="9">
									<label>$LOCALIZE[31019] #9</label>
									<label2>$INFO[Skin.String(CustomHomeItem_9.Label)]</label2>
									<icon>$INFO[Skin.String(CustomHomeItem_9.Icon)]</icon>
									<onclick>SetProperty(SetCustomItem,9,54)</onclick>
									<onclick>ActivateWindow(54)</onclick>
								</item>
								<item id="10">
									<label>$LOCALIZE[31019] #10</label>
									<label2>$INFO[Skin.String(CustomHomeItem_10.Label)]</label2>
									<icon>$INFO[Skin.String(CustomHomeItem_10.Icon)]</icon>
									<onclick>SetProperty(SetCustomItem,10,54)</onclick>
									<onclick>ActivateWindow(54)</onclick>
								</item>
								<item id="11">
									<label>$LOCALIZE[31019] #11</label>
									<label2>$INFO[Skin.String(CustomHomeItem_11.Label)]</label2>
									<icon>$INFO[Skin.String(CustomHomeItem_11.Icon)]</icon>
									<onclick>SetProperty(SetCustomItem,11,54)</onclick>
									<onclick>ActivateWindow(54)</onclick>
									<visible>Skin.HasSetting(AltHomeStyle)</visible>
								</item>
								<item id="12">
									<label>$LOCALIZE[31019] #12</label>
									<label2>$INFO[Skin.String(CustomHomeItem_12.Label)]</label2>
									<icon>$INFO[Skin.String(CustomHomeItem_12.Icon)]</icon>
									<onclick>SetProperty(SetCustomItem,12,54)</onclick>
									<onclick>ActivateWindow(54)</onclick>
									<visible>Skin.HasSetting(AltHomeStyle)</visible>
								</item>
								<item id="13">
									<label>$LOCALIZE[31019] #13</label>
									<label2>$INFO[Skin.String(CustomHomeItem_13.Label)]</label2>
									<icon>$INFO[Skin.String(CustomHomeItem_13.Icon)]</icon>
									<onclick>SetProperty(SetCustomItem,13,54)</onclick>
									<onclick>ActivateWindow(54)</onclick>
									<visible>Skin.HasSetting(AltHomeStyle)</visible>
								</item>
								<item id="14">
									<label>$LOCALIZE[31019] #14</label>
									<label2>$INFO[Skin.String(CustomHomeItem_14.Label)]</label2>
									<icon>$INFO[Skin.String(CustomHomeItem_14.Icon)]</icon>
									<onclick>SetProperty(SetCustomItem,14,54)</onclick>
									<onclick>ActivateWindow(54)</onclick>
									<visible>Skin.HasSetting(AltHomeStyle)</visible>
								</item>
								<item id="15">
									<label>$LOCALIZE[31019] #15</label>
									<label2>$INFO[Skin.String(CustomHomeItem_15.Label)]</label2>
									<icon>$INFO[Skin.String(CustomHomeItem_15.Icon)]</icon>
									<onclick>SetProperty(SetCustomItem,15,54)</onclick>
									<onclick>ActivateWindow(54)</onclick>
									<visible>Skin.HasSetting(AltHomeStyle)</visible>
								</item>
							</content>
						</control>
					</control>
				</control>
			</control>
		</control>
		<include>Common_Main_Menu_Button</include>
	</controls>
</window>