<window>
	<defaultcontrol always="true">22</defaultcontrol>
	<controls>
		<include>Dialog_Popup_Background</include>
		<control type="group">
			<visible>!Window.IsVisible(smartplaylistrule)</visible>
			<include>Dialog_Popup_Animation</include>
			<posx>190</posx>
			<posy>80</posy>
			<control type="image">
				<description>dialog background</description>
				<posx>0</posx>
				<posy>0</posy>
				<width>900</width>
				<height>606</height>
				<texture>backgrounds/background.png</texture>
			</control>
			<control type="label" id="2">
				<description>heading label</description>
				<posx>25</posx>
				<posy>30</posy>
				<width>650</width>
				<height>30</height>
				<align>left</align>
				<aligny>center</aligny>
				<font>light28</font>
				<label>21432</label>
				<textcolor>green</textcolor>
			</control>
			<control type="spincontrolex" id="22">
				<description>Content Picker</description>
				<posx>25</posx>
				<posy>70</posy>
				<width>850</width>
				<height>44</height>
				<texturefocus>views/line_frame_device_white.png</texturefocus>
				<texturenofocus>views/line_frame_device_black.png</texturenofocus>
				<textureup>icons/scroll_up.png</textureup>
				<texturedown>icons/scroll_down.png</texturedown>
				<textureupfocus>icons/settings_arrow_button_up.png</textureupfocus>
				<texturedownfocus>icons/settings_arrow_button_down.png</texturedownfocus>
				<font>font21</font>
				<textcolor>white</textcolor>
				<focusedcolor>black</focusedcolor>
				<disabledcolor>disabled</disabledcolor>
				<textoffsetx>20</textoffsetx>
				<aligny>center</aligny>
				<reverse>yes</reverse>
				<pulseonselect>false</pulseonselect>
				<onup>noop</onup>
				<ondown>12</ondown>
				<onleft>noop</onleft>
				<onright>noop</onright>
			</control>

			<control type="label" id="0">
				<description>Name Label</description>
				<posx>25</posx>
				<posy>140</posy>
				<width>770</width>
				<font>font23</font>
				<aligny>center</aligny>
				<align>left</align>
				<textcolor>green</textcolor>
				<label>21433</label>
			</control>
			<control type="button" id="12">
				<description>Name Button</description>
				<posx>25</posx>
				<posy>160</posy>
				<width>811</width>
				<height>44</height>
				<align>left</align>
				<aligny>center</aligny>
				<selectedcolor>black</selectedcolor>
				<textcolor>black</textcolor>
				<disabledcolor>grey</disabledcolor>
				<textoffsetx>10</textoffsetx>
				<aligny>center</aligny>
				<texturefocus border="10">keyboard/keyboard_input_field_on.png</texturefocus>
				<texturenofocus border="10">keyboard/keyboard_input_field_off.png</texturenofocus>
				<label/>
				<onup>22</onup>
				<onleft>noop</onleft>
				<onright>noop</onright>
				<ondown>10</ondown>
			</control>
			<control type="image">
				<posx>841</posx>
				<posy>160</posy>
				<width>44</width>
				<height>44</height>
				<texture>buttons/keyboard_off.png</texture>
				<visible>!Control.HasFocus(12)</visible>
			</control>
			<control type="image">
				<posx>841</posx>
				<posy>160</posy>
				<width>44</width>
				<height>44</height>
				<texture>buttons/keyboard_on.png</texture>
				<visible>Control.HasFocus(12)</visible>
			</control>

			<control type="label">
				<description>rules label</description>
				<posx>25</posx>
				<posy>230</posy>
				<width>770</width>
				<font>font23</font>
				<aligny>center</aligny>
				<align>left</align>
				<textcolor>green</textcolor>
				<label>21434</label>
			</control>
			<control type="list" id="10">
				<posx>25</posx>
				<posy>250</posy>
				<width>650</width>
				<height>132</height>
				<onup>12</onup>
				<onleft>noop</onleft>
				<onright>90</onright>
				<ondown>16</ondown>
				<pagecontrol>90</pagecontrol>
				<scrolltime>200</scrolltime>
				<itemlayout width="650" height="44">
					<control type="image">
						<posx>0</posx>
						<posy>0</posy>
						<width>650</width>
						<height>44</height>
						<texture>views/line_frame_device_black.png</texture>
					</control>
					<control type="label">
						<posx>20</posx>
						<posy>0</posy>
						<width>680</width>
						<height>44</height>
						<font>font21</font>
						<aligny>center</aligny>
						<selectedcolor>blue</selectedcolor>
						<align>left</align>
						<info>ListItem.Label</info>
					</control>
				</itemlayout>
				<focusedlayout width="650" height="44">
					<control type="image">
						<posx>0</posx>
						<posy>0</posy>
						<width>650</width>
						<height>44</height>
						<texture>views/line_frame_device_black.png</texture>
						<visible>!Control.HasFocus(10)</visible>
					</control>
					<control type="image">
						<posx>0</posx>
						<posy>0</posy>
						<width>650</width>
						<height>44</height>
						<texture>views/line_frame_device_white.png</texture>
						<visible>Control.HasFocus(10)</visible>
					</control>
					<control type="label">
						<posx>20</posx>
						<posy>0</posy>
						<width>680</width>
						<height>44</height>
						<font>font21</font>
						<aligny>center</aligny>
						<selectedcolor>blue</selectedcolor>
						<align>left</align>
						<info>ListItem.Label</info>
						<visible>!Control.HasFocus(10)</visible>
					</control>
					<control type="label">
						<posx>20</posx>
						<posy>0</posy>
						<width>680</width>
						<height>44</height>
						<font>font21</font>
						<aligny>center</aligny>
						<textcolor>black</textcolor>
						<selectedcolor>blue</selectedcolor>
						<align>left</align>
						<info>ListItem.Label</info>
						<visible>Control.HasFocus(10)</visible>
					</control>
				</focusedlayout>
			</control>
			<control type="scrollbar" id="90">
				<description>scroll bar indicator for lists</description>
				<visible>Control.IsVisible(10)</visible>
				<posx>680</posx>
				<posy>250</posy>
				<width>12</width>
				<height>132</height>
				<onleft>10</onleft>
				<onright>9000</onright>
				<texturesliderbackground border="0,8,0,8">icons/scrollbar_vertical_bg.png</texturesliderbackground>
				<texturesliderbar border="4,8,4,8">icons/scrollbar_vertical_nib.png</texturesliderbar>
				<texturesliderbarfocus border="4,8,4,8">icons/scrollbar_vertical_nib_on.png</texturesliderbarfocus>
				<textureslidernib>-</textureslidernib>
				<textureslidernibfocus>-</textureslidernibfocus>
				<orientation>vertical</orientation>
				<showonepage>false</showonepage>
			</control>

			<control type="group" id="9000">
				<posx>700</posx>
				<posy>250</posy>
				<height>310</height>
				<width>650</width>
				<control type="button" id="13">
					<description>Add Rule Button</description>
					<posx>-3</posx>
					<posy>0</posy>
					<width>38</width>
					<height>38</height>
					<align>left</align>
					<aligny>top</aligny>
					<textoffsetx>40</textoffsetx>
					<textoffsety>0</textoffsety>
					<textcolor>grey</textcolor>
					<focusedcolor>green</focusedcolor>
					<texturefocus>icons/media_action_icon_browse_on.png</texturefocus>
					<texturenofocus>icons/media_action_icon_browse.png</texturenofocus>
					<font>font23</font>
					<label>15019</label>
					<onup>12</onup>
					<onleft>10</onleft>
					<onright>noop</onright>
					<ondown>14</ondown>
				</control>
				<control type="label">
					<visible>Control.HasFocus(13)</visible>
					<posx>37</posx>
					<posy>0</posy>
					<width>222</width>
					<height>38</height>
					<label>15019</label>
					<font>font23</font>
					<textcolor>green</textcolor>
				</control>
				<control type="button" id="14">
					<description>Remove Rule Button</description>
					<posx>0</posx>
					<posy>50</posy>
					<width>33</width>
					<height>33</height>
					<align>left</align>
					<aligny>top</aligny>
					<textoffsetx>40</textoffsetx>
					<textoffsety>0</textoffsety>
					<textcolor>grey</textcolor>
					<focusedcolor>green</focusedcolor>
					<texturefocus>icons/icon_sources_add_on.png</texturefocus>
					<texturenofocus>icons/icon_sources_add.png</texturenofocus>
					<font>font23</font>
					<label>1210</label>
					<onup>13</onup>
					<onleft>10</onleft>
					<onright>noop</onright>
					<ondown>15</ondown>
				</control>
				<control type="label">
					<visible>Control.HasFocus(14)</visible>
					<posx>40</posx>
					<posy>50</posy>
					<width>222</width>
					<height>38</height>
					<label>1210</label>
					<font>font23</font>
					<textcolor>green</textcolor>
				</control>
				<control type="button" id="15">
					<description>Edit Rule Button</description>
					<posx>0</posx>
					<posy>100</posy>
					<width>33</width>
					<height>33</height>
					<align>left</align>
					<aligny>top</aligny>
					<textoffsetx>40</textoffsetx>
					<textoffsety>0</textoffsety>
					<textcolor>grey</textcolor>
					<focusedcolor>green</focusedcolor>
					<texturefocus>icons/icon_sources_remove_on.png</texturefocus>
					<texturenofocus>icons/icon_sources_remove.png</texturenofocus>
					<font>font23</font>
					<label>21435</label>
					<onup>14</onup>
					<onleft>10</onleft>
					<onright>noop</onright>
					<ondown>16</ondown>
				</control>
				<control type="label">
					<visible>Control.HasFocus(15)</visible>
					<posx>40</posx>
					<posy>100</posy>
					<width>222</width>
					<height>38</height>
					<label>21435</label>
					<font>font23</font>
					<textcolor>green</textcolor>
				</control>
			</control>

			<control type="spincontrolex" id="16">
				<posx>25</posx>
				<posy>400</posy>
				<width>850</width>
				<height>44</height>
				<texturefocus>views/line_frame_device_white.png</texturefocus>
				<texturenofocus>views/line_frame_device_black.png</texturenofocus>
				<textureup>icons/scroll_up.png</textureup>
				<texturedown>icons/scroll_down.png</texturedown>
				<textureupfocus>icons/settings_arrow_button_up.png</textureupfocus>
				<texturedownfocus>icons/settings_arrow_button_down.png</texturedownfocus>
				<font>font21</font>
				<textcolor>white</textcolor>
				<focusedcolor>black</focusedcolor>
				<disabledcolor>disabled</disabledcolor>
				<textoffsetx>20</textoffsetx>
				<aligny>center</aligny>
				<reverse>yes</reverse>
				<pulseonselect>false</pulseonselect>
				<onright>16</onright>
				<onleft>16</onleft>
				<onup>10</onup>
				<ondown>17</ondown>
			</control>
			<control type="spincontrolex" id="17">
				<posx>25</posx>
				<posy>444</posy>
				<width>850</width>
				<height>44</height>
				<texturefocus>views/line_frame_device_white.png</texturefocus>
				<texturenofocus>views/line_frame_device_black.png</texturenofocus>
				<textureup>icons/scroll_up.png</textureup>
				<texturedown>icons/scroll_down.png</texturedown>
				<textureupfocus>icons/settings_arrow_button_up.png</textureupfocus>
				<texturedownfocus>icons/settings_arrow_button_down.png</texturedownfocus>
				<font>font21</font>
				<textcolor>white</textcolor>
				<focusedcolor>black</focusedcolor>
				<disabledcolor>disabled</disabledcolor>
				<textoffsetx>20</textoffsetx>
				<aligny>center</aligny>
				<reverse>yes</reverse>
				<pulseonselect>false</pulseonselect>
				<onright>17</onright>
				<onleft>17</onleft>
				<onup>16</onup>
				<ondown>18</ondown>
			</control>
			<control type="spincontrolex" id="18">
				<posx>25</posx>
				<posy>488</posy>
				<width>650</width>
				<height>44</height>
				<texturefocus>views/line_frame_device_white.png</texturefocus>
				<texturenofocus>views/line_frame_device_black.png</texturenofocus>
				<textureup>icons/scroll_up.png</textureup>
				<texturedown>icons/scroll_down.png</texturedown>
				<textureupfocus>icons/settings_arrow_button_up.png</textureupfocus>
				<texturedownfocus>icons/settings_arrow_button_down.png</texturedownfocus>
				<font>font21</font>
				<textcolor>white</textcolor>
				<focusedcolor>black</focusedcolor>
				<disabledcolor>disabled</disabledcolor>
				<textoffsetx>20</textoffsetx>
				<aligny>center</aligny>
				<reverse>yes</reverse>
				<pulseonselect>false</pulseonselect>
				<onright>19</onright>
				<onleft>noop</onleft>
				<onup>17</onup>
				<ondown>9001</ondown>
			</control>

			<control type="togglebutton" id="19">
				<description>Ascending / Descending</description>
				<posx>697</posx>
				<posy>488</posy>
				<width>40</width>
				<height>42</height>
				<align>left</align>
				<aligny>top</aligny>
				<textoffsetx>45</textoffsetx>
				<textoffsety>2</textoffsety>
				<textcolor>grey</textcolor>
				<focusedcolor>green</focusedcolor>
				<texturefocus>icons/icon_a2z_on.png</texturefocus>
				<texturenofocus>icons/icon_a2z.png</texturenofocus>
				<alttexturefocus>icons/icon_a2z_on.png</alttexturefocus>
				<alttexturenofocus>icons/icon_a2z.png</alttexturenofocus>
				<font>font23</font>
				<label>584</label>
				<altlabel>585</altlabel>
				<onup>17</onup>
				<onleft>18</onleft>
				<onright>noop</onright>
				<ondown>9001</ondown>
			</control>
			<control type="label">
				<visible>Control.HasFocus(19)</visible>
				<posx>742</posx>
				<posy>490</posy>
				<width>222</width>
				<height>42</height>
				<label>$INFO[Control.GetLabel(19)]</label>
				<font>font23</font>
				<textcolor>green</textcolor>
			</control>

			<control type="grouplist" id="9001">
				<posx>25</posx>
				<posy>552</posy>
				<width>500</width>
				<height>33</height>
				<onup>18</onup>
				<itemgap>10</itemgap>
				<orientation>horizontal</orientation>
				<control type="button" id="21">
					<description>Cancel Button</description>
					<width>33</width>
					<height>33</height>
					<texturefocus>icons/icon_cancel_on.png</texturefocus>
					<texturenofocus>icons/icon_cancel.png</texturenofocus>
					<font>-</font>
					<onleft>noop</onleft>
					<hitrect x="0" y="0" w="100" h="33" />
				</control>
				<control type="label" id="100">
					<visible>!Control.HasFocus(21)</visible>
					<width min="0" max="200">auto</width>
					<height>33</height>
					<label>222</label>
					<font>font23</font>
					<textcolor>grey</textcolor>
				</control>
				<control type="label" id="101">
					<visible>Control.HasFocus(21)</visible>
					<width min="0" max="200">auto</width>
					<height>33</height>
					<label>222</label>
					<font>font23</font>
					<textcolor>green</textcolor>
				</control>
				<control type="label" id="102">
					<width>4</width>
					<height>33</height>
				</control>
				<control type="button" id="20">
					<description>OK Button</description>
					<width>33</width>
					<height>33</height>
					<texturefocus>icons/icon_ok_on.png</texturefocus>
					<texturenofocus>icons/icon_ok.png</texturenofocus>
					<font>-</font>
					<onright>noop</onright>
					<hitrect x="0" y="0" w="100" h="33" />
				</control>
				<control type="label" id="103">
					<visible>!Control.HasFocus(20)</visible>
					<width min="0" max="200">auto</width>
					<height>33</height>
					<label>186</label>
					<font>font23</font>
					<textcolor>grey</textcolor>
				</control>
				<control type="label" id="104">
					<visible>Control.HasFocus(20)</visible>
					<width min="0" max="200">auto</width>
					<height>33</height>
					<label>186</label>
					<font>font23</font>
					<textcolor>green</textcolor>
				</control>
			</control>
		</control>
	</controls>
</window>