<?xml version="1.0" encoding="UTF-8"?>
<includes>

	<variable name="List_Label2">
		<value condition="SubString(ListItem.Path,videodb://1/7)">$LOCALIZE[31085]</value>
		<value>$INFO[ListItem.Label2]</value>
	</variable>

	<variable name="ListItemCodecImage">
		<value condition="substring(ListItem.VideoCodec,div,left) | stringcompare(ListItem.VideoCodec,dx50)">flagging/videocodec/divx.png</value>
		<value>$INFO[ListItem.VideoCodec,flagging/videocodec/,.png]</value>
	</variable>

	<variable name="ListItemSourceImage">
		<value condition="[substring(ListItem.FilenameAndPath,bluray) | substring(ListItem.FilenameAndPath,bdrip) | substring(ListItem.FilenameAndPath,bd25) | substring(ListItem.FilenameAndPath,bd50)]">flagging/videosource/bluray.png</value>
		<value condition="substring(ListItem.FilenameAndPath,hddvd)">flagging/videosource/hddvd.png</value>
		<value condition="substring(ListItem.FilenameAndPath,dvd)">flagging/videosource/dvd.png</value>
		<value condition="[substring(ListItem.FilenameAndPath,tv) | substring(ListItem.FilenameAndPath,dsr)]">flagging/videosource/TV.png</value>
		<value condition="substring(ListItem.FilenameAndPath,vhs)">flagging/videosource/vhs.png</value>
	</variable>

	<variable name="VideoPlayerCodecImage">
		<value condition="[substring(VideoPlayer.VideoCodec,div,left) | stringcompare(VideoPlayer.VideoCodec,dx50)]">flagging/videocodec/divx.png</value>
		<value>$INFO[VideoPlayer.VideoCodec,flagging/videocodec/,.png]</value>
	</variable>

	<variable name="VideoPlayerSourceImage">
		<value condition="[substring(Player.FilenameAndPath,bluray) | substring(Player.FilenameAndPath,bdrip) | substring(Player.FilenameAndPath,bd25) | substring(Player.FilenameAndPath,bd50)]">flagging/videosource/bluray.png</value>
		<value condition="substring(Player.FilenameAndPath,hddvd)">flagging/videosource/hddvd.png</value>
		<value condition="substring(Player.FilenameAndPath,dvd)">flagging/videosource/dvd.png</value>
		<value condition="[substring(Player.FilenameAndPath,tv) | substring(Player.FilenameAndPath,dsr)]">flagging/videosource/TV.png</value>
		<value condition="substring(Player.FilenameAndPath,vhs)">flagging/videosource/vhs.png</value>
	</variable>

	<variable name="RecommendedTVShowPoster.1">
		<value condition="Skin.HasSetting(TVShowPosters)">$INFO[Window.Property(RecommendedEpisode.1.Art(tvshow.poster))]</value>
	</variable>
	<variable name="RecommendedTVShowPoster.2">
		<value condition="Skin.HasSetting(TVShowPosters)">$INFO[Window.Property(RecommendedEpisode.2.Art(tvshow.poster))]</value>
	</variable>
	<variable name="RecommendedTVShowPoster.3">
		<value condition="Skin.HasSetting(TVShowPosters)">$INFO[Window.Property(RecommendedEpisode.3.Art(tvshow.poster))]</value>
	</variable>
	<variable name="RecommendedTVShowPoster.4">
		<value condition="Skin.HasSetting(TVShowPosters)">$INFO[Window.Property(RecommendedEpisode.4.Art(tvshow.poster))]</value>
	</variable>
	<variable name="RecommendedTVShowPoster.5">
		<value condition="Skin.HasSetting(TVShowPosters)">$INFO[Window.Property(RecommendedEpisode.5.Art(tvshow.poster))]</value>
	</variable>
	<variable name="RecommendedTVShowPoster.6">
		<value condition="Skin.HasSetting(TVShowPosters)">$INFO[Window.Property(RecommendedEpisode.6.Art(tvshow.poster))]</value>
	</variable>
	<variable name="RecommendedTVShowPoster.7">
		<value condition="Skin.HasSetting(TVShowPosters)">$INFO[Window.Property(RecommendedEpisode.7.Art(tvshow.poster))]</value>
	</variable>
	<variable name="RecommendedTVShowPoster.8">
		<value condition="Skin.HasSetting(TVShowPosters)">$INFO[Window.Property(RecommendedEpisode.8.Art(tvshow.poster))]</value>
	</variable>
	<variable name="RecommendedTVShowPoster.9">
		<value condition="Skin.HasSetting(TVShowPosters)">$INFO[Window.Property(RecommendedEpisode.9.Art(tvshow.poster))]</value>
	</variable>
	<variable name="RecommendedTVShowPoster.10">
		<value condition="Skin.HasSetting(TVShowPosters)">$INFO[Window.Property(RecommendedEpisode.10.Art(tvshow.poster))]</value>
	</variable>

	<variable name="LatestTVShowPoster.1">
		<value condition="Skin.HasSetting(TVShowPosters)">$INFO[Window.Property(LatestEpisode.1.ShowThumb)]</value>
	</variable>
	<variable name="LatestTVShowPoster.2">
		<value condition="Skin.HasSetting(TVShowPosters)">$INFO[Window.Property(LatestEpisode.2.ShowThumb)]</value>
	</variable>
	<variable name="LatestTVShowPoster.3">
		<value condition="Skin.HasSetting(TVShowPosters)">$INFO[Window.Property(LatestEpisode.3.ShowThumb)]</value>
	</variable>
	<variable name="LatestTVShowPoster.4">
		<value condition="Skin.HasSetting(TVShowPosters)">$INFO[Window.Property(LatestEpisode.4.ShowThumb)]</value>
	</variable>
	<variable name="LatestTVShowPoster.5">
		<value condition="Skin.HasSetting(TVShowPosters)">$INFO[Window.Property(LatestEpisode.5.ShowThumb)]</value>
	</variable>
	<variable name="LatestTVShowPoster.6">
		<value condition="Skin.HasSetting(TVShowPosters)">$INFO[Window.Property(LatestEpisode.6.ShowThumb)]</value>
	</variable>
	<variable name="LatestTVShowPoster.7">
		<value condition="Skin.HasSetting(TVShowPosters)">$INFO[Window.Property(LatestEpisode.7.ShowThumb)]</value>
	</variable>
	<variable name="LatestTVShowPoster.8">
		<value condition="Skin.HasSetting(TVShowPosters)">$INFO[Window.Property(LatestEpisode.8.ShowThumb)]</value>
	</variable>
	<variable name="LatestTVShowPoster.9">
		<value condition="Skin.HasSetting(TVShowPosters)">$INFO[Window.Property(LatestEpisode.9.ShowThumb)]</value>
	</variable>
	<variable name="LatestTVShowPoster.10">
		<value condition="Skin.HasSetting(TVShowPosters)">$INFO[Window.Property(LatestEpisode.10.ShowThumb)]</value>
	</variable>

</includes>