<includes>

	<include name="PVR_Episode_Guide_View">
		<control type="group">
			<description>TV Guide Timeline</description>
			<visible>Control.IsVisible(10)</visible>
			<control type="epggrid" id="10">
				<description>EPG Grid</description>
				<posx>48</posx>
				<posy>120</posy>
				<width>1180</width>
				<height>572</height>
				<pagecontrol>10</pagecontrol>
				<scrolltime>200</scrolltime>
				<timeblocks>40</timeblocks>
				<rulerunit>6</rulerunit>
				<onleft>ActivateWindow(51)</onleft>
				<onright>SetFocus(9110)</onright>
				<onup>31</onup>
				<ondown>31</ondown>
				<rulerlayout height="44" width="40">
					<control type="image" id="1">
						<width>40</width>
						<height>44</height>
						<posx>0</posx>
						<posy>0</posy>
						<texture>views/line_frame_device_black.png</texture>
					</control>
					<control type="label" id="2">
						<posx>10</posx>
						<posy>0</posy>
						<width>34</width>
						<height>44</height>
						<font>font20</font>
						<aligny>center</aligny>
						<selectedcolor>blue</selectedcolor>
						<align>left</align>
						<info>ListItem.Label</info>
					</control>
				</rulerlayout>
				<channellayout height="44" width="280">
					<animation effect="fade" start="110" time="200">UnFocus</animation>
					<control type="image" id="1">
						<posx>0</posx>
						<posy>0</posy>
						<width>270</width>
						<height>44</height>
						<texture>views/line_frame_device_black.png</texture>
					</control>
					<control type="label">
						<posx>40</posx>
						<width>64</width>
						<height>44</height>
						<font>font32b</font>
						<align>center</align>
						<aligny>center</aligny>
						<textcolor>green</textcolor>
						<selectedcolor>blue</selectedcolor>
						<info>ListItem.ChannelNumber</info>
					</control>
					<control type="label" id="1">
						<posx>80</posx>
						<posy>0</posy>
						<width>168</width>
						<height>44</height>
						<font>font21b</font>
						<aligny>center</aligny>
						<selectedcolor>blue</selectedcolor>
						<align>left</align>
						<info>ListItem.ChannelName</info>
					</control>
				</channellayout>
				<focusedchannellayout height="44" width="280">
					<animation effect="fade" start="110" time="200">OnFocus</animation>
					<control type="image" id="1">
						<posx>0</posx>
						<posy>0</posy>
						<width>270</width>
						<height>44</height>
						<texture>views/line_frame_device_white.png</texture>
						<animation effect="fade" time="200" reversible="false" tween="quadratic" easing="out">VisibleChange</animation>
					</control>
					<control type="label">
						<posx>40</posx>
						<width>64</width>
						<height>44</height>
						<font>font32b</font>
						<align>center</align>
						<aligny>center</aligny>
						<textcolor>green</textcolor>
						<selectedcolor>blue</selectedcolor>
						<info>ListItem.ChannelNumber</info>
					</control>
					<control type="label" id="1">
						<posx>80</posx>
						<posy>0</posy>
						<width>168</width>
						<height>44</height>
						<font>font21b</font>
						<aligny>center</aligny>
						<textcolor>medgrey</textcolor>
						<selectedcolor>blue</selectedcolor>
						<align>left</align>
						<info>ListItem.ChannelName</info>
					</control>
				</focusedchannellayout>
				<itemlayout height="44" width="40">
					<control type="image" id="2">
						<width>40</width>
						<height>44</height>
						<posx>0</posx>
						<posy>0</posy>
						<aspectratio>stretch</aspectratio>
						<texture border="2">views/line_frame_device_black_pvr.png</texture>
					</control>
					<control type="label" id="1">
						<posx>6</posx>
						<posy>4</posy>
						<width>30</width>
						<height>44</height>
						<font>font20</font>
						<aligny>center</aligny>
						<selectedcolor>blue</selectedcolor>
						<align>left</align>
						<info>ListItem.Label</info>
					</control>
					<control type="image">
						<posx>4</posx>
						<posy>4</posy>
						<width>14</width>
						<height>14</height>
						<texture>icons/icon_pvr_recording.png</texture>
						<visible>ListItem.IsRecording</visible>
					</control>
					<control type="image">
						<posx>4</posx>
						<posy>4</posy>
						<width>14</width>
						<height>14</height>
						<texture>icons/icon_clock_on.png</texture>
						<visible>ListItem.HasTimer + !ListItem.IsRecording</visible>
					</control>
				</itemlayout>
				<focusedlayout height="44" width="40">
					<control type="image" id="14">
						<width>40</width>
						<height>44</height>
						<posx>0</posx>
						<posy>0</posy>
						<aspectratio>stretch</aspectratio>
						<texture>views/line_frame_device_white.png</texture>
						<animation effect="fade" time="200" reversible="false" tween="quadratic" easing="out">VisibleChange</animation>
					</control>
					<control type="label" id="1">
						<posx>6</posx>
						<posy>4</posy>
						<width>30</width>
						<height>44</height>
						<font>font20</font>
						<aligny>center</aligny>
						<textcolor>black</textcolor>
						<selectedcolor>blue</selectedcolor>
						<align>left</align>
						<info>ListItem.Label</info>
					</control>
					<control type="image">
						<posx>4</posx>
						<posy>4</posy>
						<width>14</width>
						<height>14</height>
						<texture>icons/icon_pvr_recording.png</texture>
						<visible>ListItem.IsRecording</visible>
					</control>
					<control type="image">
						<posx>4</posx>
						<posy>4</posy>
						<width>14</width>
						<height>14</height>
						<texture>icons/icon_clock_on.png</texture>
						<visible>ListItem.HasTimer + !ListItem.IsRecording</visible>
					</control>
				</focusedlayout>
			</control>
		</control>
	</include>

	<include name="PVR_TV_View">
		<control type="group">
			<visible>Control.IsVisible(11)</visible>
			<control type="list" id="11">
				<posx>48</posx>
				<posy>142</posy>
				<width>776</width>
				<height>528</height>
				<onleft>ActivateWindow(51)</onleft>
				<onright condition="IntegerGreaterThan(Container(11).NumPages,1)">62</onright>
				<onright condition="!IntegerGreaterThan(Container(11).NumPages,1)">9110</onright>
				<onup>11</onup>
				<ondown>11</ondown>
				<scrolltime>200</scrolltime>
				<viewtype label="536">List</viewtype>
				<pagecontrol>62</pagecontrol>
				<orientation>vertical</orientation>
				<preloaditems>2</preloaditems>
				<itemlayout height="66">
					<control type="image">
						<posx>0</posx>
						<posy>0</posy>
						<width>776</width>
						<height>66</height>
						<texture>views/line_frame_device_black.png</texture>
					</control>
					<control type="label">
						<posx>40</posx>
						<posy>0</posy>
						<width>66</width>
						<height>66</height>
						<font>font36b</font>
						<align>center</align>
						<aligny>center</aligny>
						<info>ListItem.ChannelNumber</info>
						<textcolor>green</textcolor>
						<selectedcolor>blue</selectedcolor>
					</control>
					<control type="label">
						<posx>85</posx>
						<posy>8</posy>
						<width>607</width>
						<height>23</height>
						<font>font23b</font>
						<aligny>center</aligny>
						<info>ListItem.Label</info>
						<textcolor>lightgrey</textcolor>
						<selectedcolor>blue</selectedcolor>
					</control>
					<control type="label">
						<posx>85</posx>
						<posy>34</posy>
						<width>607</width>
						<height>21</height>
						<font>font21sq</font>
						<aligny>center</aligny>
						<info>ListItem.Title</info>
						<textcolor>white</textcolor>
						<selectedcolor>blue</selectedcolor>
					</control>
					<control type="image">
						<posx>712</posx>
						<posy>2</posy>
						<width>62</width>
						<height>62</height>
						<texture>$INFO[ListItem.Icon]</texture>
					</control>
				</itemlayout>
				<focusedlayout height="66">
					<control type="image">
						<posx>0</posx>
						<posy>0</posy>
						<width>776</width>
						<height>66</height>
						<texture>views/line_frame_device_black.png</texture>
					</control>
					<control type="image">
						<posx>0</posx>
						<posy>0</posy>
						<width>776</width>
						<height>66</height>
						<texture>views/line_frame_device_white.png</texture>
						<animation effect="fade" time="200" reversible="false" tween="quadratic" easing="out">VisibleChange</animation>
					</control>
					<control type="label">
						<posx>40</posx>
						<posy>0</posy>
						<width>66</width>
						<height>66</height>
						<font>font36b</font>
						<align>center</align>
						<aligny>center</aligny>
						<info>ListItem.ChannelNumber</info>
						<textcolor>green</textcolor>
						<selectedcolor>blue</selectedcolor>
					</control>
					<control type="label">
						<posx>85</posx>
						<posy>8</posy>
						<width>607</width>
						<height>23</height>
						<font>font23b</font>
						<aligny>center</aligny>
						<info>ListItem.Label</info>
						<textcolor>medgrey</textcolor>
						<selectedcolor>blue</selectedcolor>
					</control>
					<control type="label">
						<posx>85</posx>
						<posy>34</posy>
						<width>607</width>
						<height>21</height>
						<font>font21sq</font>
						<aligny>center</aligny>
						<info>ListItem.Title</info>
						<textcolor>black</textcolor>
						<selectedcolor>blue</selectedcolor>
					</control>
					<control type="image">
						<posx>712</posx>
						<posy>2</posy>
						<width>62</width>
						<height>62</height>
						<texture>$INFO[ListItem.Icon]</texture>
					</control>
				</focusedlayout>
			</control>
			<control type="group">
				<visible>Container.Scrolling</visible>
				<animation effect="fade" time="100" delay="400">Visible</animation>
				<animation effect="fade" time="300">Hidden</animation>
				<posx>386</posx>
				<posy>356</posy>
				<width>100</width>
				<height>100</height>
				<control type="image">
					<posx>0</posx>
					<posy>0</posy>
					<width>100</width>
					<height>100</height>
					<texture>backgrounds/scroll_background.png</texture>
				</control>
				<control type="label">
					<posx>0</posx>
					<posy>0</posy>
					<width>100</width>
					<height>100</height>
					<align>center</align>
					<aligny>center</aligny>
					<info>ListItem.ChannelNumber</info>
					<textcolor>white</textcolor>
					<font>font48b</font>
				</control>
			</control>
			<control type="scrollbar" id="62">
				<description>scroll bar indicator for lists</description>
				<visible>!system.getbool(input.enablemouse)</visible>
				<posx>832</posx>
				<posy>142</posy>
				<width>12</width>
				<height>528</height>
				<onleft>11</onleft>
				<onright>SetFocus(9110)</onright>
				<texturesliderbackground border="0,8,0,8">icons/scrollbar_vertical_bg.png</texturesliderbackground>
				<texturesliderbar border="4,8,4,8">icons/scrollbar_vertical_nib.png</texturesliderbar>
				<texturesliderbarfocus border="4,8,4,8">icons/scrollbar_vertical_nib_on.png</texturesliderbarfocus>
				<orientation>vertical</orientation>
				<showonepage>false</showonepage>
			</control>
			<control type="group">
				<visible>system.getbool(input.enablemouse) + IntegerGreaterThan(Container(11).NumPages,1)</visible>
				<control type="button">
					<posx>832</posx>
					<posy>120</posy>
					<width>24</width>
					<height>24</height>
					<onclick>PageUp(62)</onclick>
					<texturefocus>icons/settings_arrow_button_up.png</texturefocus>
					<texturenofocus>icons/scroll_up.png</texturenofocus>
				</control>
				<control type="scrollbar" id="62">
					<description>scroll bar indicator for lists</description>
					<posx>832</posx>
					<posy>150</posy>
					<width>12</width>
					<height>512</height>
					<onleft>11</onleft>
					<onright>SetFocus(9110)</onright>
					<texturesliderbackground border="0,8,0,8">icons/scrollbar_vertical_bg.png</texturesliderbackground>
					<texturesliderbar border="4,8,4,8">icons/scrollbar_vertical_nib.png</texturesliderbar>
					<texturesliderbarfocus border="4,8,4,8">icons/scrollbar_vertical_nib_on.png</texturesliderbarfocus>
					<orientation>vertical</orientation>
					<showonepage>false</showonepage>
				</control>
				<control type="button">
					<posx>832</posx>
					<posy>668</posy>
					<width>24</width>
					<height>24</height>
					<onclick>PageDown(62)</onclick>
					<texturefocus>icons/settings_arrow_button_down.png</texturefocus>
					<texturenofocus>icons/scroll_down.png</texturenofocus>
				</control>
			</control>
		</control>
	</include>

	<include name="PVR_Radio_View">
		<control type="group">
			<visible>Control.IsVisible(12)</visible>
			<control type="list" id="12">
				<posx>48</posx>
				<posy>142</posy>
				<width>776</width>
				<height>528</height>
				<onleft>ActivateWindow(51)</onleft>
				<onright condition="IntegerGreaterThan(Container(12).NumPages,1)">62</onright>
				<onright condition="!IntegerGreaterThan(Container(12).NumPages,1)">9110</onright>
				<onup>12</onup>
				<ondown>12</ondown>
				<scrolltime>200</scrolltime>
				<viewtype label="536">List</viewtype>
				<pagecontrol>62</pagecontrol>
				<orientation>vertical</orientation>
				<preloaditems>2</preloaditems>
				<itemlayout height="66">
					<control type="image">
						<posx>0</posx>
						<posy>0</posy>
						<width>776</width>
						<height>66</height>
						<texture>views/line_frame_device_black.png</texture>
					</control>
					<control type="label">
						<posx>40</posx>
						<posy>0</posy>
						<width>66</width>
						<height>66</height>
						<font>font36b</font>
						<align>center</align>
						<aligny>center</aligny>
						<info>ListItem.ChannelNumber</info>
						<textcolor>green</textcolor>
						<selectedcolor>blue</selectedcolor>
					</control>
					<control type="label">
						<posx>85</posx>
						<posy>8</posy>
						<width>607</width>
						<height>23</height>
						<font>font23b</font>
						<aligny>center</aligny>
						<info>ListItem.Label</info>
						<textcolor>lightgrey</textcolor>
						<selectedcolor>blue</selectedcolor>
					</control>
					<control type="label">
						<posx>85</posx>
						<posy>34</posy>
						<width>607</width>
						<height>21</height>
						<font>font21sq</font>
						<aligny>center</aligny>
						<info>ListItem.Title</info>
						<textcolor>white</textcolor>
						<selectedcolor>blue</selectedcolor>
					</control>
					<control type="image">
						<posx>712</posx>
						<posy>2</posy>
						<width>62</width>
						<height>62</height>
						<texture>$INFO[ListItem.Icon]</texture>
					</control>
				</itemlayout>
				<focusedlayout height="66">
					<control type="image">
						<posx>0</posx>
						<posy>0</posy>
						<width>776</width>
						<height>66</height>
						<texture>views/line_frame_device_black.png</texture>
					</control>
					<control type="image">
						<posx>0</posx>
						<posy>0</posy>
						<width>776</width>
						<height>66</height>
						<texture>views/line_frame_device_white.png</texture>
						<animation effect="fade" time="200" reversible="false" tween="quadratic" easing="out">VisibleChange</animation>
					</control>
					<control type="label">
						<posx>40</posx>
						<posy>0</posy>
						<width>66</width>
						<height>66</height>
						<font>font36b</font>
						<align>center</align>
						<aligny>center</aligny>
						<info>ListItem.ChannelNumber</info>
						<textcolor>green</textcolor>
						<selectedcolor>blue</selectedcolor>
					</control>
					<control type="label">
						<posx>85</posx>
						<posy>8</posy>
						<width>607</width>
						<height>23</height>
						<font>font23b</font>
						<aligny>center</aligny>
						<info>ListItem.Label</info>
						<textcolor>medgrey</textcolor>
						<selectedcolor>blue</selectedcolor>
					</control>
					<control type="label">
						<posx>85</posx>
						<posy>34</posy>
						<width>607</width>
						<height>21</height>
						<font>font21sq</font>
						<aligny>center</aligny>
						<info>ListItem.Title</info>
						<textcolor>black</textcolor>
						<selectedcolor>blue</selectedcolor>
					</control>
					<control type="image">
						<posx>712</posx>
						<posy>2</posy>
						<width>62</width>
						<height>62</height>
						<texture>$INFO[ListItem.Icon]</texture>
					</control>
				</focusedlayout>
			</control>
			<control type="group">
				<visible>Container.Scrolling</visible>
				<animation effect="fade" time="100" delay="400">Visible</animation>
				<animation effect="fade" time="300">Hidden</animation>
				<posx>386</posx>
				<posy>356</posy>
				<width>100</width>
				<height>100</height>
				<control type="image">
					<posx>0</posx>
					<posy>0</posy>
					<width>100</width>
					<height>100</height>
					<texture>backgrounds/scroll_background.png</texture>
				</control>
				<control type="label">
					<posx>0</posx>
					<posy>0</posy>
					<width>100</width>
					<height>100</height>
					<align>center</align>
					<aligny>center</aligny>
					<info>ListItem.ChannelNumber</info>
					<textcolor>white</textcolor>
					<font>font48b</font>
				</control>
			</control>
			<control type="scrollbar" id="62">
				<description>scroll bar indicator for lists</description>
				<visible>!system.getbool(input.enablemouse)</visible>
				<posx>832</posx>
				<posy>142</posy>
				<width>12</width>
				<height>528</height>
				<onleft>12</onleft>
				<onright>SetFocus(9110)</onright>
				<texturesliderbackground border="0,8,0,8">icons/scrollbar_vertical_bg.png</texturesliderbackground>
				<texturesliderbar border="4,8,4,8">icons/scrollbar_vertical_nib.png</texturesliderbar>
				<texturesliderbarfocus border="4,8,4,8">icons/scrollbar_vertical_nib_on.png</texturesliderbarfocus>
				<orientation>vertical</orientation>
				<showonepage>false</showonepage>
			</control>
			<control type="group">
				<visible>system.getbool(input.enablemouse) + IntegerGreaterThan(Container(12).NumPages,1)</visible>
				<control type="button">
					<posx>832</posx>
					<posy>120</posy>
					<width>24</width>
					<height>24</height>
					<onclick>PageUp(62)</onclick>
					<texturefocus>icons/settings_arrow_button_up.png</texturefocus>
					<texturenofocus>icons/scroll_up.png</texturenofocus>
				</control>
				<control type="scrollbar" id="62">
					<description>scroll bar indicator for lists</description>
					<posx>832</posx>
					<posy>150</posy>
					<width>12</width>
					<height>512</height>
					<onleft>12</onleft>
					<onright>SetFocus(9110)</onright>
					<texturesliderbackground border="0,8,0,8">icons/scrollbar_vertical_bg.png</texturesliderbackground>
					<texturesliderbar border="4,8,4,8">icons/scrollbar_vertical_nib.png</texturesliderbar>
					<texturesliderbarfocus border="4,8,4,8">icons/scrollbar_vertical_nib_on.png</texturesliderbarfocus>
					<orientation>vertical</orientation>
					<showonepage>false</showonepage>
				</control>
				<control type="button">
					<posx>832</posx>
					<posy>668</posy>
					<width>24</width>
					<height>24</height>
					<onclick>PageDown(62)</onclick>
					<texturefocus>icons/settings_arrow_button_down.png</texturefocus>
					<texturenofocus>icons/scroll_down.png</texturenofocus>
				</control>
			</control>
		</control>
	</include>

	<include name="PVR_Recordings_View">
		<control type="group">
			<description>Recordings group</description>
			<visible>Control.IsVisible(13)</visible>
			<control type="group">
				<control type="list" id="13">
					<posx>48</posx>
					<posy>120</posy>
					<width>776</width>
					<height>572</height>
					<onup>13</onup>
					<ondown>13</ondown>
					<onleft>ActivateWindow(51)</onleft>
					<onright condition="IntegerGreaterThan(Container(13).NumPages,1)">62</onright>
					<onright condition="!IntegerGreaterThan(Container(13).NumPages,1)">9110</onright>
					<pagecontrol>62</pagecontrol>
					<scrolltime>200</scrolltime>
					<itemlayout height="44">
						<control type="image">
							<width>776</width>
							<height>44</height>
							<texture>views/line_frame_device_black.png</texture>
						</control>
						<control type="label">
							<posx>15</posx>
							<posy>0</posy>
							<width>240</width>
							<height>44</height>
							<font>font20</font>
							<aligny>center</aligny>
							<textcolor>lightgrey</textcolor>
							<selectedcolor>blue</selectedcolor>
							<info>ListItem.Date</info>
						</control>
						<control type="label">
							<posx>260</posx>
							<posy>0</posy>
							<width>470</width>
							<height>44</height>
							<font>font20b</font>
							<aligny>center</aligny>
							<textcolor>white</textcolor>
							<selectedcolor>blue</selectedcolor>
							<info>ListItem.Label</info>
						</control>
					</itemlayout>
					<focusedlayout height="44">
						<control type="image">
							<posx>0</posx>
							<width>776</width>
							<height>44</height>
							<texture>views/line_frame_device_white.png</texture>
						</control>
						<control type="label">
							<posx>15</posx>
							<posy>0</posy>
							<width>240</width>
							<height>44</height>
							<font>font20</font>
							<aligny>center</aligny>
							<textcolor>black</textcolor>
							<selectedcolor>blue</selectedcolor>
							<info>ListItem.Date</info>
						</control>
						<control type="label">
							<posx>260</posx>
							<posy>0</posy>
							<width>470</width>
							<height>44</height>
							<font>font20b</font>
							<aligny>center</aligny>
							<textcolor>medgrey</textcolor>
							<selectedcolor>blue</selectedcolor>
							<info>ListItem.Label</info>
						</control>
					</focusedlayout>
				</control>
				<control type="scrollbar" id="62">
					<description>scroll bar indicator for lists</description>
					<visible>!system.getbool(input.enablemouse)</visible>
					<posx>832</posx>
					<posy>120</posy>
					<width>12</width>
					<height>572</height>
					<onleft>13</onleft>
					<onright>SetFocus(9110)</onright>
					<texturesliderbackground border="0,8,0,8">icons/scrollbar_vertical_bg.png</texturesliderbackground>
					<texturesliderbar border="4,8,4,8">icons/scrollbar_vertical_nib.png</texturesliderbar>
					<texturesliderbarfocus border="4,8,4,8">icons/scrollbar_vertical_nib_on.png</texturesliderbarfocus>
					<orientation>vertical</orientation>
					<showonepage>false</showonepage>
				</control>
				<control type="group">
					<visible>system.getbool(input.enablemouse) + IntegerGreaterThan(Container(13).NumPages,1)</visible>
					<control type="button">
						<posx>832</posx>
						<posy>120</posy>
						<width>24</width>
						<height>24</height>
						<onclick>PageUp(62)</onclick>
						<texturefocus>icons/settings_arrow_button_up.png</texturefocus>
						<texturenofocus>icons/scroll_up.png</texturenofocus>
					</control>
					<control type="scrollbar" id="62">
						<description>scroll bar indicator for lists</description>
						<posx>832</posx>
						<posy>150</posy>
						<width>12</width>
						<height>512</height>
						<onleft>13</onleft>
						<onright>SetFocus(9110)</onright>
						<texturesliderbackground border="0,8,0,8">icons/scrollbar_vertical_bg.png</texturesliderbackground>
						<texturesliderbar border="4,8,4,8">icons/scrollbar_vertical_nib.png</texturesliderbar>
						<texturesliderbarfocus border="4,8,4,8">icons/scrollbar_vertical_nib_on.png</texturesliderbarfocus>
						<orientation>vertical</orientation>
						<showonepage>false</showonepage>
					</control>
					<control type="button">
						<posx>832</posx>
						<posy>668</posy>
						<width>24</width>
						<height>24</height>
						<onclick>PageDown(62)</onclick>
						<texturefocus>icons/settings_arrow_button_down.png</texturefocus>
						<texturenofocus>icons/scroll_down.png</texturenofocus>
					</control>
				</control>
			</control>
		</control>
	</include>

	<include name="PVR_Timer_View">
		<control type="group">
			<description>Timers group</description>
			<visible>Control.IsVisible(14)</visible>
			<control type="list" id="14">
				<posx>48</posx>
				<posy>120</posy>
				<width>1160</width>
				<height>528</height>
				<onleft>ActivateWindow(51)</onleft>
				<onright condition="IntegerGreaterThan(Container(14).NumPages,1)">62</onright>
				<onright condition="!IntegerGreaterThan(Container(14).NumPages,1)">9110</onright>
				<onup>14</onup>
				<ondown>14</ondown>
				<scrolltime>200</scrolltime>
				<viewtype label="536">List</viewtype>
				<pagecontrol>62</pagecontrol>
				<orientation>vertical</orientation>
				<preloaditems>2</preloaditems>
				<itemlayout height="44">
					<control type="image">
						<posx>0</posx>
						<posy>0</posy>
						<width>1160</width>
						<height>44</height>
						<texture>views/line_frame_device_black.png</texture>
					</control>
					<control type="label">
						<posx>15</posx>
						<width>180</width>
						<height>44</height>
						<font>font20</font>
						<aligny>center</aligny>
						<info>ListItem.Label</info>
						<textcolor>lightgrey</textcolor>
						<selectedcolor>blue</selectedcolor>
					</control>
					<control type="label">
						<posx>200</posx>
						<width>240</width>
						<height>44</height>
						<font>font20b</font>
						<aligny>center</aligny>
						<info>ListItem.ChannelName</info>
						<textcolor>white</textcolor>
						<selectedcolor>blue</selectedcolor>
					</control>
					<control type="label">
						<posx>460</posx>
						<width>655</width>
						<height>44</height>
						<font>font20</font>
						<aligny>center</aligny>
						<info>ListItem.Date</info>
						<textcolor>white</textcolor>
						<selectedcolor>blue</selectedcolor>
					</control>
					<control type="image">
						<posx>1120</posx>
						<posy>10</posy>
						<width>26</width>
						<height>26</height>
						<texture>icons/settings_radio_button.png</texture>
						<visible>!StringCompare(ListItem.Comment,$LOCALIZE[305]) + !IsEmpty(ListItem.ChannelName)</visible>
					</control>
					<control type="image">
						<posx>1120</posx>
						<posy>10</posy>
						<width>26</width>
						<height>26</height>
						<texture>icons/settings_radio_button_selected.png</texture>
						<visible>StringCompare(ListItem.Comment,$LOCALIZE[305]) + !IsEmpty(ListItem.ChannelName)</visible>
					</control>
				</itemlayout>
				<focusedlayout height="44">
					<control type="image">
						<posx>0</posx>
						<posy>0</posy>
						<width>1160</width>
						<height>44</height>
						<texture>views/line_frame_device_white.png</texture>
						<animation effect="fade" time="200" reversible="false" tween="quadratic" easing="out">VisibleChange</animation>
					</control>
					<control type="label">
						<posx>15</posx>
						<width>180</width>
						<height>44</height>
						<font>font20</font>
						<aligny>center</aligny>
						<info>ListItem.Label</info>
						<textcolor>black</textcolor>
						<selectedcolor>blue</selectedcolor>
					</control>
					<control type="label">
						<posx>200</posx>
						<width>240</width>
						<height>44</height>
						<font>font20b</font>
						<aligny>center</aligny>
						<info>ListItem.ChannelName</info>
						<textcolor>black</textcolor>
						<selectedcolor>blue</selectedcolor>
					</control>
					<control type="label">
						<posx>460</posx>
						<width>655</width>
						<height>44</height>
						<font>font20</font>
						<aligny>center</aligny>
						<info>ListItem.Date</info>
						<textcolor>medgrey</textcolor>
						<selectedcolor>blue</selectedcolor>
					</control>
					<control type="image">
						<posx>1120</posx>
						<posy>10</posy>
						<width>26</width>
						<height>26</height>
						<texture>icons/settings_radio_button.png</texture>
						<visible>!StringCompare(ListItem.Comment,$LOCALIZE[305]) + !IsEmpty(ListItem.ChannelName)</visible>
					</control>
					<control type="image">
						<posx>1120</posx>
						<posy>10</posy>
						<width>26</width>
						<height>26</height>
						<texture>icons/settings_radio_button_selected.png</texture>
						<visible>StringCompare(ListItem.Comment,$LOCALIZE[305]) + !IsEmpty(ListItem.ChannelName)</visible>
					</control>
				</focusedlayout>
			</control>
			<control type="group">
				<visible>PVR.HasTimer</visible>
				<control type="image">
					<posx>48</posx>
					<posy>648</posy>
					<width>1160</width>
					<height>44</height>
					<texture>views/line_frame_device_black.png</texture>
				</control>
				<control type="label">
					<posx>68</posx>
					<posy>648</posy>
					<height>44</height>
					<font>font20</font>
					<aligny>center</aligny>
					<info>PVR.NextTimer</info>
				</control>
			</control>
			<control type="scrollbar" id="62">
				<description>scroll bar indicator for lists</description>
				<visible>!system.getbool(input.enablemouse)</visible>
				<posx>1218</posx>
				<posy>120</posy>
				<width>12</width>
				<height>572</height>
				<onleft>14</onleft>
				<onright>SetFocus(9110)</onright>
				<texturesliderbackground border="0,8,0,8">icons/scrollbar_vertical_bg.png</texturesliderbackground>
				<texturesliderbar border="4,8,4,8">icons/scrollbar_vertical_nib.png</texturesliderbar>
				<texturesliderbarfocus border="4,8,4,8">icons/scrollbar_vertical_nib_on.png</texturesliderbarfocus>
				<orientation>vertical</orientation>
				<showonepage>false</showonepage>
			</control>
			<control type="group">
				<visible>system.getbool(input.enablemouse) + IntegerGreaterThan(Container(14).NumPages,1)</visible>
				<control type="button">
					<posx>1218</posx>
					<posy>196</posy>
					<width>24</width>
					<height>24</height>
					<onclick>PageUp(62)</onclick>
					<texturefocus>icons/settings_arrow_button_up.png</texturefocus>
					<texturenofocus>icons/scroll_up.png</texturenofocus>
				</control>
				<control type="scrollbar" id="62">
					<description>scroll bar indicator for lists</description>
					<posx>1218</posx>
					<posy>234</posy>
					<width>12</width>
					<height>556</height>
					<onleft>14</onleft>
					<onright>SetFocus(9110)</onright>
					<texturesliderbackground border="0,8,0,8">icons/scrollbar_vertical_bg.png</texturesliderbackground>
					<texturesliderbar border="4,8,4,8">icons/scrollbar_vertical_nib.png</texturesliderbar>
					<texturesliderbarfocus border="4,8,4,8">icons/scrollbar_vertical_nib_on.png</texturesliderbarfocus>
					<orientation>vertical</orientation>
					<showonepage>false</showonepage>
				</control>
				<control type="button">
					<posx>1218</posx>
					<posy>788</posy>
					<width>24</width>
					<height>24</height>
					<onclick>PageDown(62)</onclick>
					<texturefocus>icons/settings_arrow_button_down.png</texturefocus>
					<texturenofocus>icons/scroll_down.png</texturenofocus>
				</control>
			</control>
		</control>
	</include>

	<include name="PVR_Channel_Guide_View">
		<control type="group">
			<description>TV Guide Channel</description>
			<visible>Control.IsVisible(15)</visible>
			<control type="group">
				<control type="list" id="15">
					<posx>48</posx>
					<posy>120</posy>
					<width>776</width>
					<height>572</height>
					<onup>15</onup>
					<ondown>15</ondown>
					<onleft>ActivateWindow(51)</onleft>
					<onright condition="IntegerGreaterThan(Container(15).NumPages,1)">62</onright>
					<onright condition="!IntegerGreaterThan(Container(15).NumPages,1)">9110</onright>
					<pagecontrol>62</pagecontrol>
					<scrolltime>200</scrolltime>
					<itemlayout height="44">
						<control type="image">
							<width>776</width>
							<height>44</height>
							<texture>views/line_frame_device_black.png</texture>
						</control>
						<control type="label">
							<posx>15</posx>
							<posy>0</posy>
							<width>280</width>
							<height>44</height>
							<font>font20</font>
							<aligny>center</aligny>
							<textcolor>lightgrey</textcolor>
							<selectedcolor>blue</selectedcolor>
							<info>ListItem.Label2</info>
						</control>
						<control type="label">
							<posx>240</posx>
							<posy>0</posy>
							<width>482</width>
							<height>44</height>
							<font>font20b</font>
							<aligny>center</aligny>
							<textcolor>white</textcolor>
							<selectedcolor>blue</selectedcolor>
							<info>ListItem.Label</info>
						</control>
						<control type="image">
							<posx>746</posx>
							<posy>12</posy>
							<width>22</width>
							<height>22</height>
							<texture>icons/icon_pvr_recording.png</texture>
							<visible>ListItem.IsRecording</visible>
						</control>
						<control type="image">
							<posx>746</posx>
							<posy>12</posy>
							<width>22</width>
							<height>22</height>
							<texture>icons/icon_clock_on.png</texture>
							<visible>ListItem.HasTimer + !ListItem.IsRecording</visible>
						</control>
					</itemlayout>
					<focusedlayout height="44">
						<control type="image">
							<posx>0</posx>
							<width>776</width>
							<height>44</height>
							<texture>views/line_frame_device_white.png</texture>
						</control>
						<control type="label">
							<posx>15</posx>
							<posy>0</posy>
							<width>280</width>
							<height>44</height>
							<font>font20</font>
							<aligny>center</aligny>
							<textcolor>black</textcolor>
							<selectedcolor>blue</selectedcolor>
							<info>ListItem.Label2</info>
						</control>
						<control type="label">
							<posx>240</posx>
							<posy>0</posy>
							<width>482</width>
							<height>44</height>
							<font>font20b</font>
							<aligny>center</aligny>
							<textcolor>medgrey</textcolor>
							<selectedcolor>blue</selectedcolor>
							<info>ListItem.Label</info>
						</control>
						<control type="image">
							<posx>746</posx>
							<posy>12</posy>
							<width>22</width>
							<height>22</height>
							<texture>icons/icon_pvr_recording.png</texture>
							<visible>ListItem.IsRecording</visible>
						</control>
						<control type="image">
							<posx>746</posx>
							<posy>12</posy>
							<width>22</width>
							<height>22</height>
							<texture>icons/icon_clock_on.png</texture>
							<visible>ListItem.HasTimer + !ListItem.IsRecording</visible>
						</control>
					</focusedlayout>
				</control>
				<control type="scrollbar" id="62">
					<description>scroll bar indicator for lists</description>
					<visible>!system.getbool(input.enablemouse)</visible>
					<posx>832</posx>
					<posy>120</posy>
					<width>12</width>
					<height>572</height>
					<onleft>15</onleft>
					<onright>SetFocus(9110)</onright>
					<texturesliderbackground border="0,8,0,8">icons/scrollbar_vertical_bg.png</texturesliderbackground>
					<texturesliderbar border="4,8,4,8">icons/scrollbar_vertical_nib.png</texturesliderbar>
					<texturesliderbarfocus border="4,8,4,8">icons/scrollbar_vertical_nib_on.png</texturesliderbarfocus>
					<orientation>vertical</orientation>
					<showonepage>false</showonepage>
				</control>
				<control type="group">
					<visible>system.getbool(input.enablemouse) + IntegerGreaterThan(Container(15).NumPages,1)</visible>
					<control type="button">
						<posx>832</posx>
						<posy>120</posy>
						<width>24</width>
						<height>24</height>
						<onclick>PageUp(62)</onclick>
						<texturefocus>icons/settings_arrow_button_up.png</texturefocus>
						<texturenofocus>icons/scroll_up.png</texturenofocus>
					</control>
					<control type="scrollbar" id="62">
						<description>scroll bar indicator for lists</description>
						<posx>832</posx>
						<posy>150</posy>
						<width>12</width>
						<height>512</height>
						<onleft>15</onleft>
						<onright>SetFocus(9110)</onright>
						<texturesliderbackground border="0,8,0,8">icons/scrollbar_vertical_bg.png</texturesliderbackground>
						<texturesliderbar border="4,8,4,8">icons/scrollbar_vertical_nib.png</texturesliderbar>
						<texturesliderbarfocus border="4,8,4,8">icons/scrollbar_vertical_nib_on.png</texturesliderbarfocus>
						<orientation>vertical</orientation>
						<showonepage>false</showonepage>
					</control>
					<control type="button">
						<posx>832</posx>
						<posy>668</posy>
						<width>24</width>
						<height>24</height>
						<onclick>PageDown(62)</onclick>
						<texturefocus>icons/settings_arrow_button_down.png</texturefocus>
						<texturenofocus>icons/scroll_down.png</texturenofocus>
					</control>
				</control>
			</control>
		</control>
	</include>

	<include name="PVR_Now_Next_Guide_View">
		<control type="group">
			<description>TV Guide Now/Next</description>
			<visible>Control.IsVisible(16)</visible>
			<control type="group">
				<control type="list" id="16">
					<posx>48</posx>
					<posy>120</posy>
					<width>776</width>
					<height>572</height>
					<onup>16</onup>
					<ondown>16</ondown>
					<onleft>ActivateWindow(51)</onleft>
					<onright condition="IntegerGreaterThan(Container(16).NumPages,1)">62</onright>
					<onright condition="!IntegerGreaterThan(Container(16).NumPages,1)">9110</onright>
					<pagecontrol>62</pagecontrol>
					<scrolltime>200</scrolltime>
					<itemlayout height="44">
						<control type="image">
							<width>776</width>
							<height>44</height>
							<texture>views/line_frame_device_black.png</texture>
						</control>
						<control type="label">
							<posx>100</posx>
							<posy>0</posy>
							<width>120</width>
							<height>44</height>
							<font>font20</font>
							<align>right</align>
							<aligny>center</aligny>
							<textcolor>lightgrey</textcolor>
							<selectedcolor>blue</selectedcolor>
							<info>ListItem.StartTime</info>
						</control>
						<control type="label">
							<posx>110</posx>
							<posy>0</posy>
							<width>180</width>
							<height>44</height>
							<font>font20</font>
							<aligny>center</aligny>
							<textcolor>white</textcolor>
							<selectedcolor>blue</selectedcolor>
							<info>ListItem.ChannelName</info>
						</control>
						<control type="label">
							<posx>300</posx>
							<posy>0</posy>
							<width>430</width>
							<height>44</height>
							<font>font20b</font>
							<aligny>center</aligny>
							<textcolor>white</textcolor>
							<selectedcolor>blue</selectedcolor>
							<info>ListItem.Label</info>
						</control>
						<control type="image">
							<posx>746</posx>
							<posy>12</posy>
							<width>22</width>
							<height>22</height>
							<texture>icons/icon_pvr_recording.png</texture>
							<visible>ListItem.IsRecording</visible>
						</control>
						<control type="image">
							<posx>746</posx>
							<posy>12</posy>
							<width>22</width>
							<height>22</height>
							<texture>icons/icon_clock_on.png</texture>
							<visible>ListItem.HasTimer + !ListItem.IsRecording</visible>
						</control>
					</itemlayout>
					<focusedlayout height="44">
						<control type="image">
							<posx>0</posx>
							<width>776</width>
							<height>44</height>
							<texture>views/line_frame_device_white.png</texture>
						</control>
						<control type="label">
							<posx>100</posx>
							<posy>0</posy>
							<width>120</width>
							<height>44</height>
							<font>font20</font>
							<align>right</align>
							<aligny>center</aligny>
							<textcolor>black</textcolor>
							<selectedcolor>blue</selectedcolor>
							<info>ListItem.StartTime</info>
						</control>
						<control type="label">
							<posx>110</posx>
							<posy>0</posy>
							<width>180</width>
							<height>44</height>
							<font>font20</font>
							<aligny>center</aligny>
							<textcolor>black</textcolor>
							<selectedcolor>blue</selectedcolor>
							<info>ListItem.ChannelName</info>
						</control>
						<control type="label">
							<posx>300</posx>
							<posy>0</posy>
							<width>430</width>
							<height>44</height>
							<font>font20b</font>
							<aligny>center</aligny>
							<textcolor>medgrey</textcolor>
							<selectedcolor>blue</selectedcolor>
							<info>ListItem.Label</info>
						</control>
						<control type="image">
							<posx>746</posx>
							<posy>12</posy>
							<width>22</width>
							<height>22</height>
							<texture>icons/icon_pvr_recording.png</texture>
							<visible>ListItem.IsRecording</visible>
						</control>
						<control type="image">
							<posx>746</posx>
							<posy>12</posy>
							<width>22</width>
							<height>22</height>
							<texture>icons/icon_clock_on.png</texture>
							<visible>ListItem.HasTimer + !ListItem.IsRecording</visible>
						</control>
					</focusedlayout>
				</control>
				<control type="scrollbar" id="62">
					<description>scroll bar indicator for lists</description>
					<visible>!system.getbool(input.enablemouse)</visible>
					<posx>832</posx>
					<posy>120</posy>
					<width>12</width>
					<height>572</height>
					<onleft>16</onleft>
					<onright>SetFocus(9110)</onright>
					<texturesliderbackground border="0,8,0,8">icons/scrollbar_vertical_bg.png</texturesliderbackground>
					<texturesliderbar border="4,8,4,8">icons/scrollbar_vertical_nib.png</texturesliderbar>
					<texturesliderbarfocus border="4,8,4,8">icons/scrollbar_vertical_nib_on.png</texturesliderbarfocus>
					<orientation>vertical</orientation>
					<showonepage>false</showonepage>
				</control>
				<control type="group">
					<visible>system.getbool(input.enablemouse) + IntegerGreaterThan(Container(16).NumPages,1)</visible>
					<control type="button">
						<posx>832</posx>
						<posy>120</posy>
						<width>24</width>
						<height>24</height>
						<onclick>PageUp(62)</onclick>
						<texturefocus>icons/settings_arrow_button_up.png</texturefocus>
						<texturenofocus>icons/scroll_up.png</texturenofocus>
					</control>
					<control type="scrollbar" id="62">
						<description>scroll bar indicator for lists</description>
						<posx>832</posx>
						<posy>150</posy>
						<width>12</width>
						<height>512</height>
						<onleft>16</onleft>
						<onright>SetFocus(9110)</onright>
						<texturesliderbackground border="0,8,0,8">icons/scrollbar_vertical_bg.png</texturesliderbackground>
						<texturesliderbar border="4,8,4,8">icons/scrollbar_vertical_nib.png</texturesliderbar>
						<texturesliderbarfocus border="4,8,4,8">icons/scrollbar_vertical_nib_on.png</texturesliderbarfocus>
						<orientation>vertical</orientation>
						<showonepage>false</showonepage>
					</control>
					<control type="button">
						<posx>832</posx>
						<posy>668</posy>
						<width>24</width>
						<height>24</height>
						<onclick>PageDown(62)</onclick>
						<texturefocus>icons/settings_arrow_button_down.png</texturefocus>
						<texturenofocus>icons/scroll_down.png</texturenofocus>
					</control>
				</control>
			</control>
		</control>
	</include>

	<include name="PVR_Search_View">
		<control type="group">
			<description>TV Search group</description>
			<visible>Control.IsVisible(17)</visible>
			<control type="list" id="17">
				<posx>48</posx>
				<posy>120</posy>
				<width>1160</width>
				<height>572</height>
				<onleft>ActivateWindow(51)</onleft>
				<onright condition="IntegerGreaterThan(Container(17).NumPages,1)">62</onright>
				<onright condition="!IntegerGreaterThan(Container(17).NumPages,1)">9110</onright>
				<onup>17</onup>
				<ondown>17</ondown>
				<scrolltime>200</scrolltime>
				<viewtype label="536">List</viewtype>
				<pagecontrol>62</pagecontrol>
				<orientation>vertical</orientation>
				<preloaditems>2</preloaditems>
				<itemlayout height="44">
					<control type="image">
						<posx>0</posx>
						<posy>0</posy>
						<width>1160</width>
						<height>44</height>
						<texture>views/line_frame_device_black.png</texture>
					</control>
					<control type="label">
						<posx>15</posx>
						<width>180</width>
						<height>44</height>
						<font>font20</font>
						<aligny>center</aligny>
						<info>ListItem.ChannelName</info>
						<textcolor>lightgrey</textcolor>
						<selectedcolor>blue</selectedcolor>
					</control>
					<control type="label">
						<posx>200</posx>
						<width>240</width>
						<height>44</height>
						<font>font20</font>
						<aligny>center</aligny>
						<info>ListItem.Date</info>
						<textcolor>white</textcolor>
						<selectedcolor>blue</selectedcolor>
					</control>
					<control type="label">
						<posx>460</posx>
						<width>655</width>
						<height>44</height>
						<font>font20b</font>
						<aligny>center</aligny>
						<info>ListItem.Label</info>
						<textcolor>white</textcolor>
						<selectedcolor>blue</selectedcolor>
					</control>
					<control type="image">
						<posx>1130</posx>
						<posy>12</posy>
						<width>22</width>
						<height>22</height>
						<texture>icons/icon_pvr_recording.png</texture>
						<visible>ListItem.IsRecording</visible>
					</control>
					<control type="image">
						<posx>1130</posx>
						<posy>12</posy>
						<width>22</width>
						<height>22</height>
						<texture>icons/icon_clock_on.png</texture>
						<visible>ListItem.HasTimer + !ListItem.IsRecording</visible>
					</control>
				</itemlayout>
				<focusedlayout height="44">
					<control type="image">
						<posx>0</posx>
						<posy>0</posy>
						<width>1160</width>
						<height>44</height>
						<texture>views/line_frame_device_white.png</texture>
						<animation effect="fade" time="200" reversible="false" tween="quadratic" easing="out">VisibleChange</animation>
					</control>
					<control type="label">
						<posx>15</posx>
						<width>180</width>
						<height>44</height>
						<font>font20</font>
						<aligny>center</aligny>
						<info>ListItem.ChannelName</info>
						<textcolor>black</textcolor>
						<selectedcolor>blue</selectedcolor>
					</control>
					<control type="label">
						<posx>200</posx>
						<width>240</width>
						<height>44</height>
						<font>font20</font>
						<aligny>center</aligny>
						<info>ListItem.Date</info>
						<textcolor>black</textcolor>
						<selectedcolor>blue</selectedcolor>
					</control>
					<control type="label">
						<posx>460</posx>
						<width>655</width>
						<height>44</height>
						<font>font20b</font>
						<aligny>center</aligny>
						<info>ListItem.Label</info>
						<textcolor>medgrey</textcolor>
						<selectedcolor>blue</selectedcolor>
					</control>
					<control type="image">
						<posx>1130</posx>
						<posy>12</posy>
						<width>22</width>
						<height>22</height>
						<texture>icons/icon_pvr_recording.png</texture>
						<visible>ListItem.IsRecording</visible>
					</control>
					<control type="image">
						<posx>1130</posx>
						<posy>12</posy>
						<width>22</width>
						<height>22</height>
						<texture>icons/icon_clock_on.png</texture>
						<visible>ListItem.HasTimer + !ListItem.IsRecording</visible>
					</control>
				</focusedlayout>
			</control>
			<control type="scrollbar" id="62">
				<description>scroll bar indicator for lists</description>
				<visible>!system.getbool(input.enablemouse)</visible>
				<posx>1218</posx>
				<posy>120</posy>
				<width>12</width>
				<height>572</height>
				<onleft>17</onleft>
				<onright>SetFocus(9110)</onright>
				<texturesliderbackground border="0,8,0,8">icons/scrollbar_vertical_bg.png</texturesliderbackground>
				<texturesliderbar border="4,8,4,8">icons/scrollbar_vertical_nib.png</texturesliderbar>
				<texturesliderbarfocus border="4,8,4,8">icons/scrollbar_vertical_nib_on.png</texturesliderbarfocus>
				<orientation>vertical</orientation>
				<showonepage>false</showonepage>
			</control>
			<control type="group">
				<visible>system.getbool(input.enablemouse) + IntegerGreaterThan(Container(17).NumPages,1)</visible>
				<control type="button">
					<posx>1218</posx>
					<posy>196</posy>
					<width>24</width>
					<height>24</height>
					<onclick>PageUp(62)</onclick>
					<texturefocus>icons/settings_arrow_button_up.png</texturefocus>
					<texturenofocus>icons/scroll_up.png</texturenofocus>
				</control>
				<control type="scrollbar" id="62">
					<description>scroll bar indicator for lists</description>
					<posx>1218</posx>
					<posy>234</posy>
					<width>12</width>
					<height>556</height>
					<onleft>17</onleft>
					<onright>SetFocus(9110)</onright>
					<texturesliderbackground border="0,8,0,8">icons/scrollbar_vertical_bg.png</texturesliderbackground>
					<texturesliderbar border="4,8,4,8">icons/scrollbar_vertical_nib.png</texturesliderbar>
					<texturesliderbarfocus border="4,8,4,8">icons/scrollbar_vertical_nib_on.png</texturesliderbarfocus>
					<orientation>vertical</orientation>
					<showonepage>false</showonepage>
				</control>
				<control type="button">
					<posx>1218</posx>
					<posy>788</posy>
					<width>24</width>
					<height>24</height>
					<onclick>PageDown(62)</onclick>
					<texturefocus>icons/settings_arrow_button_down.png</texturefocus>
					<texturenofocus>icons/scroll_down.png</texturenofocus>
				</control>
			</control>
		</control>
	</include>
</includes>