<window>
	<defaultcontrol>2</defaultcontrol>
	<allowoverlay>no</allowoverlay>
	<controls>
		<control type="group">
			<include>Window_Fade_Animation</include>
			<posx>83</posx>
			<posy>10</posy>
			<width>557</width>
			<height>414</height>
			<control type="image">
				<posx>0</posx>
				<posy>0</posy>
				<width>574</width>
				<height>414</height>
				<texture>backgrounds/vis_background.png</texture>
			</control>
			<control type="group">
				<control type="label" id="3">
					<posx>25</posx>
					<posy>10</posy>
					<width>507</width>
					<height>40</height>
					<label>5</label>
					<align>left</align>
					<aligny>top</aligny>
					<font>light28</font>
					<textcolor>green</textcolor>
				</control>
				<control type="label" id="4">
					<description>No Presets Label</description>
					<posx>25</posx>
					<posy>70</posy>
					<width>507</width>
					<height>20</height>
					<font>font23</font>
					<aligny>center</aligny>
					<align>left</align>
					<label>13390</label>
					<textcolor>white</textcolor>
				</control>
				<control type="label">
					<description>Exit label</description>
					<posx>25</posx>
					<posy>365</posy>
					<width>507</width>
					<height>44</height>
					<font>font21</font>
					<label>31062</label>
					<align>left</align>
					<aligny>center</aligny>
					<textcolor>yellow</textcolor>
					<visible>Skin.HasSetting(RemoteCloseMessage)</visible>
				</control>
				<control type="button">
					<posx>25</posx>
					<posy>365</posy>
					<width>507</width>
					<height>44</height>
					<font>font21</font>
					<label>31060</label>
					<textcolor>yellow</textcolor>
					<focusedcolor>red</focusedcolor>
					<texturefocus>-</texturefocus>
					<texturenofocus>-</texturenofocus>
					<onclick>Close</onclick>
					<visible>Skin.HasSetting(MouseCloseMessage)</visible>
				</control>
				<control type="list" id="2">
					<posx>25</posx>
					<posy>60</posy>
					<width>507</width>
					<height>308</height>
					<onleft>Close</onleft>
					<onright>61</onright>
					<onup>2</onup>
					<ondown>2</ondown>
					<pagecontrol>61</pagecontrol>
					<scrolltime>200</scrolltime>
					<itemlayout height="44">
						<control type="image">
							<posx>0</posx>
							<posy>0</posy>
							<height>44</height>
							<width>507</width>
							<texture>views/line_frame_device_black.png</texture>
						</control>
						<control type="label">
							<posx>20</posx>
							<posy>0</posy>
							<width>467</width>
							<height>44</height>
							<font>font21</font>
							<align>left</align>
							<aligny>center</aligny>
							<textcolor>white</textcolor>
							<selectedcolor>blue</selectedcolor>
							<info>ListItem.Label</info>
						</control>
					</itemlayout>
					<focusedlayout height="44">
						<control type="image">
							<posx>0</posx>
							<posy>0</posy>
							<height>44</height>
							<width>507</width>
							<texture>views/line_frame_device_white.png</texture>
						</control>
						<control type="label">
							<posx>20</posx>
							<posy>0</posy>
							<width>467</width>
							<height>44</height>
							<font>font21</font>
							<align>left</align>
							<aligny>center</aligny>
							<textcolor>black</textcolor>
							<selectedcolor>black</selectedcolor>
							<info>ListItem.Label</info>
						</control>
					</focusedlayout>
				</control>
				<control type="scrollbar" id="61">
					<description>scroll bar indicator for lists</description>
					<visible>Control.IsVisible(2)</visible>
					<posx>538</posx>
					<posy>60</posy>
					<width>12</width>
					<height>308</height>
					<onleft>2</onleft>
					<onright>noop</onright>
					<texturesliderbackground border="0,8,0,8">icons/scrollbar_vertical_bg.png</texturesliderbackground>
					<texturesliderbar border="4,8,4,8">icons/scrollbar_vertical_nib.png</texturesliderbar>
					<texturesliderbarfocus border="4,8,4,8">icons/scrollbar_vertical_nib_on.png</texturesliderbarfocus>
					<textureslidernib>-</textureslidernib>
					<textureslidernibfocus>-</textureslidernibfocus>
					<orientation>vertical</orientation>
					<showonepage>false</showonepage>
				</control>
			</control>
		</control>
	</controls>
</window>
