<?xml version="1.0" encoding="UTF-8" standalone="yes"?>
<addon id="plugin.video.mrknow"
       name="Filmy Online - mrknow.pl"
       version="1.7.07"
       provider-name="mrknow">
  <requires>
    <import addon="xbmc.python" version="2.1.0"/>
 

  </requires>
  <extension point="xbmc.python.pluginsource"
            library="default.py">
        <provides>video</provides>
  </extension>
  <extension point="xbmc.addon.metadata">
    <summary>Wtyczka MRKNOW</summary>
    <description>Plugin pozwala nam ogladac filmy, telewizje, sport z polskich stron internetowych</description>
    <platform>all</platform>
  </extension>
</addon>
