﻿<?xml version="1.0" encoding="UTF-8" standalone="yes"?>
<addon id="plugin.video.jtv.archives"
       name="Jtv"
       version="0.4.1"
       provider-name="divingmule">
  <requires>
    <import addon="xbmc.python" version="2.1.0"/>
    <import addon="script.common.plugin.cache" version="2.5.2"/>
    <import addon="script.ircchat" version="1.0.0"  optional="true" />
  </requires>
  <extension point="xbmc.python.pluginsource" library="default.py">
    <provides>video</provides>
  </extension>
  <extension point="xbmc.addon.metadata">
    <summary>Justin.tv</summary>
    <description>Watch live and archived videos from justin.tv</description>
    <platform>all</platform>
    <language></language>
    <license>GNU GENERAL PUBLIC LICENSE. Version 2, June 1991</license>
    <source></source>
    <forum>http://forum.xbmc.org/showthread.php?tid=51981</forum>
    <website>http://justin.tv</website>
  </extension>
</addon>