<?xml version="1.0" encoding="UTF-8" standalone="yes"?>
<addon id="plugin.video.dmd-czech.voyo"
       name="Voyo TV Archiv"
       version="2.0.4"
       provider-name="Jiri Vyhnalek">
  <requires>
    <import addon="xbmc.python" version="2.1.0"/>
    <import addon="script.module.dmd-czech.common" version="1.5.0"/>
  </requires>
  <extension point="xbmc.python.pluginsource" library="default.py">
    <provides>video</provides>
  </extension>
  <extension point="xbmc.addon.metadata">
    <platform>all</platform>
    <summary>Nova TV video-archive plugin</summary>
    <summary lang="cs">Nova TV - archiv</summary>
    <description>
        Plugin to play TV video archive Voyo.cz
    </description>
    <description lang="cs">
        Plugin pro přehrávání videí z archivu Voyo.cz
    </description>
  </extension>
</addon>