<?xml version="1.0" encoding="UTF-8" standalone="yes"?>
<addon id="plugin.video.watch.do"
       name="[COLOR ffFFFFFF]Watch[/COLOR][COLOR ffFF4040].[/COLOR][COLOR ffFF7F24]i[/COLOR][COLOR ff7CCD7C]s[/COLOR]"
       version="0.2.1"
       provider-name="tolin">
  <requires>
    <import addon="xbmc.python" version="1.0"/>
</requires>
  <extension point="xbmc.python.pluginsource"
            library="default.py">
        <provides>video</provides>
  </extension>
  <extension point="xbmc.addon.metadata">
    <summary>Watch.is - Фильмы онлайн, в хорошем качестве.</summary>
    <description>Watch.is - Фильмы онлайн, в хорошем качестве.</description>
    <platform>all</platform>
  </extension>
</addon>
