<ULTIMATV_HISTORY><ch_47fde7e9060de37e871d2465f1a795fd><ID>03</ID><Channel>Cartoon Network</Channel><URL>http://ultimatv.net/index.php?id=cartoonnetwork</URL><Image>http://ultimatv.net/images/logo/carton-network.jpg</Image><Date>2012-11-07</Date></ch_47fde7e9060de37e871d2465f1a795fd><ch_56a64aec76fd9019cdef7b6f4680c8c9><ID>02</ID><Channel>РБК</Channel><URL>http://ultimatv.net/index.php?id=rbk</URL><Image>http://ultimatv.net/images/logo/rbk.jpg</Image><Date>2012-11-07</Date></ch_56a64aec76fd9019cdef7b6f4680c8c9><ch_f1e5214bdbe8ed575d2423a81c28f7a3><ID>01</ID><Channel>Travel</Channel><URL>http://ultimatv.net/index.php?id=travel</URL><Image>http://ultimatv.net/images/logo/travel.jpg</Image><Date>2012-11-07</Date></ch_f1e5214bdbe8ed575d2423a81c28f7a3><ch_d3a807856ca8ed35618f6466a7c8d916><ID>00</ID><Channel>Совершенно Секретно</Channel><URL>http://ultimatv.net/index.php?id=soversennosekretno</URL><Image>http://ultimatv.net/images/logo/sovershenno-sekretno.jpg</Image><Date>2012-11-07</Date></ch_d3a807856ca8ed35618f6466a7c8d916></ULTIMATV_HISTORY>