<?xml version="1.0" encoding="UTF-8" standalone="yes"?>
<addon id="repository.urlXL" name="urlXL XBMC Addon Repo for Gotham" version="2.0.0" provider-name="YoshioftheWire">
	<extension point="xbmc.addon.repository" name="urlXL Add-on Repository">
		<info compressed="false">http://urlxl-repo.googlecode.com/git/gotham/addons.xml</info>
		<checksum>http://urlxl-repo.googlecode.com/git/gotham/addons.xml.md5</checksum>
		<datadir zip="false">http://urlxl-repo.googlecode.com/git/gotham/</datadir>
	</extension>
	<extension point="xbmc.addon.metadata">
		<summary>Install Add-ons from urlXL Add-on Repository</summary>
		<description>urlXL plug-ins for XBMC 13.x; including Crunchyroll;xbmc</description>
		<disclaimer></disclaimer>
		<platform>all</platform>
	</extension>
</addon>
