<?xml version="1.0" encoding="UTF-8" standalone="yes"?>
<addon id="plugin.video.tv-here.ru"
       name="TV-HERE.RU"
       version="1.0.5"
       provider-name="HD-Lab Team">
  <requires>
    <import addon="xbmc.python" version="2.1.0"/>
  </requires>
  <extension point="xbmc.python.pluginsource"
             provides="video"
             library="default.py">
    <provides>video</provides>
  </extension>
  <extension point="xbmc.addon.metadata">
    <summary>Смотрите телеканалы с сайта http://tv-here.ru</summary>
    <description>Смотрите телеканалы с сайта http://tv-here.ru</description>
    <platform>all</platform>
  </extension>
</addon>
