<?xml version="1.0" encoding="UTF-8"?>
<addon id="plugin.video.dbtg_tv" name="BundestagsTV" version="0.2.1" provider-name="membrane">
    <requires>
        <import addon="xbmc.python" version="2.1.0"/>
    </requires>
    <extension point="xbmc.python.pluginsource" library="default.py">
        <provides>video</provides>
    </extension>
    <extension point="xbmc.addon.metadata">
        <platform>all</platform>
        <summary lang="de">BundestagsTV</summary>
        <summary lang="en">BundestagsTV</summary>
        <description lang="de">Die kostenlose Mediathek des Deutschen Bundestags hält Live-Streams und Videos zu aktuellen Themen der Politik bereit.</description>
        <description lang="en">Die kostenlose Mediathek des Deutschen Bundestags hält Live-Streams und Videos zu aktuellen Themen der Politik bereit.</description>
    </extension>
</addon>
