<?xml version="1.0" encoding="UTF-8" standalone="yes"?>
<addon id="plugin.video.testtube"
       name="TestTube"
       version="0.0.1" 
       provider-name="stacked">
  <requires>
    <import addon="xbmc.python" version="2.0"/>
	<import addon="script.module.parsedom" version="1.3.0"/>
	<import addon="script.module.simple.downloader" version="0.9.3"/>
	<import addon="script.module.buggalo" version="1.1.2"/>
	<import addon="script.module.simplejson" version="2.0.10"/>
  </requires>
  <extension point="xbmc.python.pluginsource"
            library="default.py">
        <provides>video</provides>
  </extension>
  <extension point="xbmc.addon.metadata">
    <summary lang="en">TestTube: Believe in a more brilliant world</summary>
    <description lang="en">The brand new digital network from Discovery and Revision3 exploring science, curiosity, and all things that inspire us.</description>
    <platform>all</platform>
	<language>en</language>
	<website>https://code.google.com/p/plugin</website>
	<source>https://github.com/stacked/plugin.video.testtube</source>
	<forum>http://forum.xbmc.org/showthread.php?tid=42458</forum>
	<email>stacked.xbmc@gmail.com</email>
  </extension>
</addon>
