<?xml version="1.0" encoding="UTF-8" standalone="yes"?>
<addon id="repository.macedoniaondemand" name="MacedoniaOnDemand Add-ons" version="1.0.0" provider-name="Viktor Mladenovski">
  <extension point="xbmc.addon.repository" name="MacedoniaOnDemand Add-ons">
    <info compressed="true">http://macedoniaondemand.googlecode.com/git/addons.xml</info>
    <checksum>http://macedoniaondemand.googlecode.com/git/addons.xml.md5</checksum>
    <datadir zip="false">http://macedoniaondemand.googlecode.com/git/</datadir>
  </extension>
  <extension point="xbmc.addon.metadata">
    <summary lang="en">Install Add-ons from MacedoniaOnDemand Add-on Repository</summary>
    <description lang="en">Plug-ins for XBMC</description>
    <platform>all</platform>
  </extension>
</addon>