<?xml version="1.0" encoding="UTF-8"?>
<addon id="plugin.video.dorkly" name="Dorkly" version="0.1" provider-name="membrane">
    <requires>
        <import addon="xbmc.python" version="1.0"/>
    </requires>
    <extension point="xbmc.python.pluginsource" library="default.py">
        <provides>video</provides>
    </extension>
    <extension point="xbmc.addon.metadata">
        <platform>all</platform>
        <summary lang="de">dorkly</summary>
        <summary lang="en">dorkly</summary>
        <description lang="de">dorkly</description>
        <description lang="en">dorkly</description>
    </extension>
</addon>
