<?xml version="1.0" encoding="UTF-8" standalone="yes"?>
<addon id="plugin.video.reshet.video" name="Reshet" version="1.0.2" provider-name="shmulik">
    <requires>
        <import addon="xbmc.python" version="1.0"/>
    </requires>
    <extension point="xbmc.python.pluginsource" library="addon.py">
        <provides>video</provides>
    </extension>
    <extension point="xbmc.addon.metadata">
        <platform>all</platform>
        <minversion>31632</minversion>
        <summary>Wacth Reshet videos.</summary>
        <description>Wacth Reshet videos.</description>
        <disclaimer>This addon parse Reshet site, you should check Reshst's TOS before you using. It's as is</disclaimer>
        <supportedcontent>
          <content>tvshows</content>
          <content>episodes</content>
        </supportedcontent>	
    </extension>
</addon>
