<?xml version="1.0" encoding="UTF-8" standalone="yes"?>
<addon id="plugin.video.ratotv" name="RatoTv" version="1.0.21" provider-name="Pedrock e enen92">
  <requires>
    <import addon="xbmc.python" version="2.1.0"/>
    <import addon="script.module.t0mm0.common" version="1.1.0"/>
  </requires>
  <extension point="xbmc.python.pluginsource" library="addon.py">
    <provides>video</provides>
  </extension>
  <extension point="xbmc.addon.metadata">
    <language>pt</language>
    <platform>all</platform>
    <summary lang="en">Rato TV</summary>
    <description lang="en">Filmes e series no XBMC em HD. Visita o site oficial em http://www.ratotv.net. É necessária conta no site para aceder aos conteúdos do addon.</description>
    <platform>all</platform>
  </extension>
</addon>
