<?xml version="1.0" encoding="UTF-8"?>
<addon id="plugin.video.deluxemusic" name="Deluxemusic" version="0.4.1" provider-name="membrane">
    <requires>
        <import addon="xbmc.python" version="1.0"/>
    </requires>
    <extension point="xbmc.python.pluginsource" library="default.py">
        <provides>video</provides>
    </extension>
    <extension point="xbmc.addon.metadata">
	<broken>Broken</broken>
        <platform>all</platform>
        <summary lang="de">Deluxemusic - Music Television</summary>
        <summary lang="en">Deluxemusic - Music Television</summary>
        <description lang="de">Deluxemusic - Music Television</description>
        <description lang="en">Deluxemusic - Music Television</description>
    </extension>
</addon>
