<?xml version="1.0" encoding="UTF-8" standalone="yes"?>
<addon id="plugin.video.rentadrone"
       name="Rentadrone.tv"
       version="1.1.0"
       provider-name="Ztas">
  <requires>
    <import addon="xbmc.python" version="1.0"/>
  </requires>
  <extension point="xbmc.python.pluginsource" library="default.py">
        <provides>video</provides>
  </extension>
  <extension point="xbmc.addon.metadata">
    <summary>Rentadrone.tv: Live News Streams</summary>
    <description>Live News Streams from www.rentadrone.tv.</description>
    <disclaimer>This addon makes no warranties, expressed or implied, and hereby disclaims and negates all other warranties, including without limitation, implied warranties or conditions of merchantability, fitness for a particular purpose, or non-infringement of intellectual property or other violation of rights. Further,  this addon does not warrant or make any representations concerning the accuracy, likely results, or reliability of the use of the materials on the Internet web site where from data is retrieved or otherwise relating to such materials or on any sites linked to this addon. Videos are soruced from video-hosting websites that are having full rights to remove such access to video if required.</disclaimer>
    <platform>all</platform>
  </extension>
  <extension point="xbmc.addon.repository" name="Ztas add-on repository">
			<info compressed="false">http://ztas-xbmc-addons.googlecode.com/svn/trunk/addons/addons.xml</info>
			<checksum>http://ztas-xbmc-addons.googlecode.com/svn/trunk/addons/addons.xml.md5</checksum>
			<datadir zip="false">http://ztas-xbmc-addons.googlecode.com/svn/trunk/addons</datadir>
	</extension>
</addon>
