<?xml version="1.0" encoding="UTF-8"?>
<addon id="skin.xeebo.kgontv" version="5.1.0" name="XeeBo KG OnTV Mode" provider-name="Hitcher">
	<requires>
		<import addon="xbmc.gui" version="4.0.0"/>
		<import addon="script.playalbum" version="0.1.2"/>
		<import addon="script.favourites" version="4.0.7"/>
		<import addon="script.globalsearch" version="1.1.1"/>
		<import addon="service.skin.widgets" version="0.0.19"/>
		<import addon="script.tv.show.next.aired" version="5.0.4"/>
		<import addon="script.artwork.downloader" version="12.0.12"/>
	</requires>
	<extension point="xbmc.gui.skin" defaultthemename="Textures.xbt" effectslowdown="1.00" debugging="false">
		<res width="1280" height="720" aspect="16:9" default="true" folder="720p" />
	</extension>
	<extension point="xbmc.addon.metadata">
		<summary lang="en">Boxee style skin [Rus Keyboard]</summary>
		<description lang="en">Designed for ease of use with remote, mouse or touchscreen.[CR][CR]Supports -[CR][CR]Artwork Downloader / Cinema Experience / Global Search / PVR / Skin Widgets / TV Next Aired / TV Tunes</description>
		<disclaimer lang="en">Originally coded by Wir3d/Jezz_X</disclaimer>
		<summary lang="ru">Скин в стиле Boxee [Русская клавиатура]</summary>
		<description lang="ru">В скин добален слой с русской виртуальной клавиатурой. Подходит только для соответствующих сборок.</description>
		<disclaimer lang="ru">Автор оригинала: Wir3d/Jezz_X</disclaimer>
		<platform>all</platform>
	</extension>
</addon>