﻿<?xml version="1.0" encoding="UTF-8"?>
<addon id="addon.video.soeinding"
		version="0.0.2.2"
		name="SoEinDing"
		provider-name="THN [@KaptajnGuldkorn Twitter]">
	<requires>
		<import addon="xbmc.python" version="1.0"/>
	</requires>
	<extension point="xbmc.python.pluginsource" library="addon.py">
		<provides>video</provides>
	</extension>
	<extension point="xbmc.addon.metadata">
		<platform>all</platform>
		<summary lang="en">Series, videos and more from SoEinDing's YouTube Channel</summary>
		<summary lang="da">Udsendelser, video og mere fra SoEinDings's YouTube kanal</summary>
		<description lang="en">SoEinDing is a, mostly, a TV Program provided by the Danish Broadcast Corporation, DR . This addon provides a list of videos. Copyright 2012, YouTube and DR. In order to play the videos, you will be forced to download the youtube plugin. This plugin have been brought to you by the power of free will. If you want to help, making it better, feel free contacting me.</description>
		<description lang="da">SoEinDing er, for det meste, et tv-program på TV kanalen DR2, Danmarks Radio. Dette addon tilbyder alt deres materiale fra YouTube, som du kan afspille. Copyright 2012, Youtube og DR. Al video bliver hentet via youtube, du vil derfor også blive bedt om, at hente youtube's tilføjelse. Dette plugin er lavet af fri vilje, hvis du vil hjælpe, så skriv til mig på twitter.</description>
		<disclaimer lang="en">All content belongs to Danish Broadcast Corporation, DR, YouTube and the owner. Please notice, that all content can be removed at any given time.</disclaimer>
        <disclaimer lang="da">Alt indhold tilhører Danmarks Radio, DR, YouTube og Uploaderen. Alt indhold kan blive fjernet uden varsel. </disclaimer>
		<license>GPL 2.0</license>
	</extension>
</addon>
