<?xml version="1.0" encoding="UTF-8" standalone="yes"?>
<addon id="repository.ratotv.xbmc" name="RatoTV repositorio" version="1.0.0" provider-name="Pedrock e enen92">
	<extension point="xbmc.addon.repository" name="RTPplay Add-on Repository">
		<info compressed="false">http://ratotv-xmbc-video-addon.googlecode.com/svn/trunk/addons.xml</info>
		<checksum>http://ratotv-xmbc-video-addon.googlecode.com/svn/trunk/addons.xml.md5</checksum>
		<datadir zip="false">http://ratotv-xmbc-video-addon.googlecode.com/svn/trunk/</datadir>
	</extension>
	<extension point="xbmc.addon.metadata">
		<summary>Repositório RatoTV</summary>
		<description>Instale o addon de vídeo RatoTV e aceda a todos os conteúdos do site ratotv.net no XBMC. Filmes e séries em HD e...em Português</description>
		<disclaimer></disclaimer>
		<platform>all</platform>
	</extension>
</addon>
