<?xml version="1.0" encoding="UTF-8" standalone="yes"?>
<addon id="repository.sickbeard-xbmc" name="Sickbeard Add-ons" version="1.0.0" provider-name="enen92">
  <extension point="xbmc.addon.repository" name="Sickbeard Add-ons">
    <info compressed="true">http://sickbeard-xbmc.googlecode.com/svn/trunk/addons.xml</info>
    <checksum>http://sickbeard-xbmc.googlecode.com/svn/trunk/addons.xml.md5</checksum>
    <datadir zip="false">http://sickbeard-xbmc.googlecode.com/svn/trunk/</datadir>
  </extension>
  <extension point="xbmc.addon.metadata">
    <summary lang="en">Install Sickbeard Add-on Repository</summary>
    <description lang="en">Plug-ins for XBMC</description>
    <platform>all</platform>
  </extension>
</addon>