<window type="dialog" id="1119">
	<defaultcontrol always="true">99</defaultcontrol> 

	<include>dialogeffect</include>
	<visible>!Window.IsActive(Information)</visible>
	<coordinates>
		<system>1</system>
		<posx>390</posx>
		<posy>150</posy>
	</coordinates>
	<controls>
		<control type="button" id="99">
		  <posx>-20</posx> 
		  <posy>-20</posy> 
		  <width>1</width> 
		  <height>1</height> 
		  <label>-</label> 
		  <texturenofocus>-</texturenofocus> 
		  <texturefocus>-</texturefocus> 
		  <onfocus>XBMC.RunScript(script.skin.news,http://twitxbmc.googlecode.com/svn/addons/news-Big-cirrus-extended.txt)</onfocus> 
		  <!--onfocus>SetFocus(100)</onfocus--> 
		</control>


		
		<control type="image">
			<posx>0</posx>
			<posy>0</posy>
			<width>500</width>
			<height>500</height>
			<texture>videoinfoback.png</texture>
			<aspectratio>stretch</aspectratio>
		</control>
		
				
		<control type="label">
		  <description>Skin Revision Build Number</description> 
		  <posx>0</posx> 
		  <posy>20</posy> 
		  <width>500</width> 
		  <label>Skin Big-Cirrus.Extended</label> 
		  <textcolor>white</textcolor> 
		  <font>Default</font> 
		  <align>center</align> 
		</control>

		<control type="textbox">
		  <posx>50</posx> 
		  <posy>70</posy> 
		  <width>400</width> 
		  <height>400</height> 
		  <textcolor>white</textcolor> 
		  <font>Medium</font> 
		  <align>left</align> 
		  <label>$INFO[Window(10000).Property(News)]</label> 
		  <autoscroll delay="8000" time="2000" repeat="10000" /> 
		</control>

	</controls>
</window>