<window id="2008">
  <defaultcontrol>450</defaultcontrol>
  <include>dialogeffect</include>
  <coordinates>
    <system>1</system>
    <posx>315</posx>
    <posy>260</posy>
  </coordinates>
  <controls>
    <control type="image">
      <posx>0</posx>
      <posy>0</posy>
      <width>650</width>
      <height>200</height>
      <texture border="20">OverlayDialogBackground.png</texture>
    </control>
    <control type="label">
      <description>heading label</description>
      <posx>40</posx>
      <posy>18</posy>
      <width>570</width>
      <height>30</height>
      <align>center</align>
      <aligny>center</aligny>
      <font>font13</font>
      <label>$INFO[ListItem.Label]</label>
      <textcolor>white</textcolor>
    </control>
    <control type="label">
      <posx>40</posx>
      <posy>60</posy>
      <width>570</width>
      <height>30</height>
      <align>center</align>
      <aligny>center</aligny>
      <font>font12</font>
      <label>31060</label>
      <textcolor>grey2</textcolor>
    </control>
    <control type="image">
      <posx>50</posx>
      <posy>110</posy>
      <width>20</width>
      <height>25</height>
      <texture>scroll-left-focus.png</texture>
      <visible>Container(450).HasPrevious</visible>
    </control>
    <control type="image">
      <posx>575</posx>
      <posy>110</posy>
      <width>20</width>
      <height>25</height>
      <texture>scroll-right-focus.png</texture>
      <visible>Container(450).HasNext</visible>
    </control>
    <control type="list" id="450">
      <posx>85</posx>
      <posy>105</posy>
      <width>480</width>
      <height>100</height>
      <onleft>450</onleft>
      <onright>450</onright>
      <onup>450</onup>
      <ondown>450</ondown>
      <orientation>horizontal</orientation>
      <focusposition>2</focusposition>
      <viewtype label="535">list</viewtype>
      <scrolltime>200</scrolltime>
      <itemlayout width="40">
        <control type="image">
          <posx>0</posx>
          <posy>0</posy>
          <width>38</width>
          <height>32</height>
          <aspectratio>stretch</aspectratio>
          <texture>StackNF.png</texture>
        </control>
      </itemlayout>
      <focusedlayout width="40">
        <control type="image">
          <posx>0</posx>
          <posy>0</posy>
          <width>38</width>
          <height>32</height>
          <aspectratio>stretch</aspectratio>
          <texture>StackFO.png</texture>
        </control>
      </focusedlayout>
    </control>
    <control type="label">
      <posx>40</posx>
      <posy>155</posy>
      <width>570</width>
      <height>22</height>
      <font>font13_title</font>
      <align>center</align>
      <info>Container(450).ListItem.Label</info>
    </control>
  </controls>
</window>
