<window id="135">
  <defaultcontrol always="true">10</defaultcontrol>
  <coordinates>
    <system>1</system>
    <posx>185</posx>
    <posy>125</posy>
  </coordinates>
  <include>dialogeffect</include>
  <controls>
    <control type="group">
      <include>VisibleFadeEffect</include>
      <visible>!Window.IsVisible(MusicInformation)</visible>
      <control type="image">
        <description>background image</description>
        <posx>0</posx>
        <posy>0</posy>
        <width>910</width>
        <height>470</height>
        <texture border="40">dialogbackground.png</texture>
      </control>
      <control type="label">
        <description>header label</description>
        <posx>280</posx>
        <posy>20</posy>
        <width>580</width>
        <height>30</height>
        <font>cirrus_30</font>
        <label>$LOCALIZE[658]</label>
        <align>left</align>
        <aligny>center</aligny>
        <textcolor>white</textcolor>
        <shadowcolor>black</shadowcolor>
      </control>
      <control type="image">
        <posx>35</posx>
        <posy>40</posy>
        <width>200</width>
        <height>200</height>
        <aspectratio aligny="bottom">keep</aspectratio>
        <texture diffuse="masksquare.png">$INFO[ListItem.Icon]</texture>
      </control>
      <control type="image">
        <posx>38</posx>
        <posy>235</posy>
        <width>196</width>
        <height>200</height>
        <aspectratio aligny="top">keep</aspectratio>
        <texture flipy="true" diffuse="diffuse_mirror2.png">$INFO[ListItem.Icon]</texture>
      </control>
      <control type="label">
        <description>Song Title value</description>
        <posx>280</posx>
        <posy>80</posy>
        <width>580</width>
        <height>30</height>
        <align>left</align>
        <aligny>center</aligny>
        <font>cirrus_24</font>
        <label>$INFO[ListItem.Title]</label>
        <textcolor>white</textcolor>
        <scroll>true</scroll>
      </control>
      <control type="label">
        <description>Artist Title</description>
        <posx>400</posx>
        <posy>140</posy>
        <width>130</width>
        <height>25</height>
        <align>right</align>
        <aligny>center</aligny>
        <font>cirrus_20</font>
        <textcolor>orange</textcolor>
        <label>$LOCALIZE[557]:</label>
      </control>
      <control type="fadelabel">
        <description>Artist Value</description>
        <posx>410</posx>
        <posy>140</posy>
        <width>460</width>
        <height>25</height>
        <align>left</align>
        <aligny>center</aligny>
        <font>cirrus_20</font>
        <textcolor>white</textcolor>
        <label fallback="161">$INFO[ListItem.Artist]</label>
      </control>
      <control type="label">
        <description>Album Title</description>
        <posx>400</posx>
        <posy>175</posy>
        <width>130</width>
        <height>25</height>
        <align>right</align>
        <aligny>center</aligny>
        <font>cirrus_20</font>
        <textcolor>orange</textcolor>
        <label>$LOCALIZE[558]:</label>
      </control>
      <control type="fadelabel">
        <description>Album Value</description>
        <posx>410</posx>
        <posy>175</posy>
        <width>460</width>
        <height>25</height>
        <align>left</align>
        <aligny>center</aligny>
        <font>cirrus_20</font>
        <textcolor>white</textcolor>
        <label fallback="161">$INFO[ListItem.Album]$INFO[musicplayer.discnumber, - $LOCALIZE[427]:]</label>
      </control>
      <control type="label">
        <description>Genre Title</description>
        <posx>400</posx>
        <posy>210</posy>
        <width>130</width>
        <height>25</height>
        <align>right</align>
        <aligny>center</aligny>
        <font>cirrus_20</font>
        <textcolor>orange</textcolor>
        <label>$LOCALIZE[515]:</label>
      </control>
      <control type="fadelabel">
        <description>Genre Value</description>
        <posx>410</posx>
        <posy>210</posy>
        <width>460</width>
        <height>25</height>
        <align>left</align>
        <aligny>center</aligny>
        <font>cirrus_20</font>
        <textcolor>white</textcolor>
        <label fallback="161">$INFO[ListItem.Genre]</label>
      </control>
      <control type="label">
        <description>Year Title</description>
        <posx>400</posx>
        <posy>245</posy>
        <width>130</width>
        <height>25</height>
        <align>right</align>
        <aligny>center</aligny>
        <font>cirrus_20</font>
        <textcolor>orange</textcolor>
        <label>$LOCALIZE[562]:</label>
      </control>
      <control type="fadelabel">
        <description>Year Value</description>
        <posx>410</posx>
        <posy>245</posy>
        <width>460</width>
        <height>25</height>
        <align>left</align>
        <aligny>center</aligny>
        <font>cirrus_20</font>
        <textcolor>white</textcolor>
        <label fallback="161">$INFO[ListItem.Year]</label>
      </control>
      <control type="label">
        <description>Track Number Title</description>
        <posx>400</posx>
        <posy>280</posy>
        <width>130</width>
        <height>25</height>
        <align>right</align>
        <aligny>center</aligny>
        <font>cirrus_20</font>
        <textcolor>orange</textcolor>
        <label>$LOCALIZE[554]:</label>
      </control>
      <control type="fadelabel">
        <description>Track Number Value</description>
        <posx>410</posx>
        <posy>280</posy>
        <width>460</width>
        <height>25</height>
        <align>left</align>
        <aligny>center</aligny>
        <font>cirrus_20</font>
        <textcolor>white</textcolor>
        <label fallback="161">$INFO[ListItem.TrackNumber]</label>
      </control>
      <control type="label">
        <description>Rating Title</description>
        <posx>400</posx>
        <posy>315</posy>
        <width>130</width>
        <height>25</height>
        <align>right</align>
        <aligny>center</aligny>
        <font>cirrus_20</font>
        <textcolor>orange</textcolor>
        <label>$LOCALIZE[563]:</label>
      </control>
      <control type="group">
        <posx>410</posx>
        <posy>313</posy>
        <control type="image">
          <description>Rating value</description>
          <posx>0</posx>
          <posy>0</posy>
          <width>160</width>
          <height>32</height>
          <texture>$INFO[ListItem.StarRating]</texture>
        </control>
        <control type="button" id="14">
          <description>Decrease Rating</description>
          <posx>170</posx>
          <posy>5</posy>
          <width>33</width>
          <height>22</height>
          <onclick>DecreaseRating</onclick>
          <texturenofocus>scrolldownNF.png</texturenofocus>
          <texturefocus>scrolldown.png</texturefocus>
          <onleft>9000</onleft>
          <onright>15</onright>
          <ondown>14</ondown>
          <onup>14</onup>
        </control>
        <control type="button" id="15">
          <description>Increase Rating</description>
          <posx>203</posx>
          <posy>5</posy>
          <width>33</width>
          <height>22</height>
          <onclick>IncreaseRating</onclick>
          <texturenofocus>scrollupNF.png</texturenofocus>
          <texturefocus>scrollup.png</texturefocus>
          <onleft>14</onleft>
          <onright>15</onright>
          <ondown>15</ondown>
          <onup>15</onup>
        </control>
      </control>
      <control type="label">
        <description>Comment Title</description>
        <posx>400</posx>
        <posy>350</posy>
        <width>130</width>
        <height>25</height>
        <align>right</align>
        <aligny>center</aligny>
        <font>cirrus_20</font>
        <textcolor>orange</textcolor>
        <label>$LOCALIZE[569]:</label>
      </control>
      <control type="textbox">
        <description>Comment value</description>
        <posx>410</posx>
        <posy>350</posy>
        <width>460</width>
        <height>100</height>
        <font>cirrus_20</font>
        <pagecontrol>-</pagecontrol>
        <label fallback="161">$INFO[ListItem.Comment]</label>
      </control>
      <control type="group" id="9000">
        <posx>10</posx>
        <posy>280</posy>
        <control type="button" id ="10">
          <description>Ok button</description>
          <posx>0</posx>
          <posy>0</posy>
          <width>240</width>
          <height>41</height>
          <label>186</label>
          <font>cirrus_20</font>
          <align>right</align>
          <texturenofocus>menuitemNF.png</texturenofocus>
          <texturefocus>listfilemanagerFO.png</texturefocus>
          <onleft>10</onleft>
          <onright>14</onright>
          <onup>13</onup>
          <ondown>11</ondown>
        </control>
        <control type="button" id="11">
          <description>Cancel button</description>
          <posx>0</posx>
          <posy>40</posy>
          <width>240</width>
          <height>41</height>
          <label>222</label>
          <font>cirrus_20</font>
          <align>right</align>
          <texturenofocus>menuitemNF.png</texturenofocus>
          <texturefocus>listfilemanagerFO.png</texturefocus>
          <onleft>11</onleft>
          <onright>14</onright>
          <onup>10</onup>
          <ondown>12</ondown>
        </control>
        <control type="button" id="12">
          <description>Album Info button</description>
          <posx>0</posx>
          <posy>80</posy>
          <width>240</width>
          <height>41</height>
          <label>10523</label>
          <font>cirrus_20</font>
          <align>right</align>
          <texturenofocus>menuitemNF.png</texturenofocus>
          <texturefocus>listfilemanagerFO.png</texturefocus>
          <onleft>12</onleft>
          <onright>14</onright>
          <onup>11</onup>
          <ondown>13</ondown>
        </control>
        <control type="button" id ="13">
          <description>Get Thumb button</description>
          <posx>0</posx>
          <posy>120</posy>
          <width>240</width>
          <height>41</height>
          <label>13405</label>
          <font>cirrus_20</font>
          <align>right</align>
          <texturenofocus>menuitemNF.png</texturenofocus>
          <texturefocus>listfilemanagerFO.png</texturefocus>
          <onleft>13</onleft>
          <onright>14</onright>
          <onup>12</onup>
          <ondown>10</ondown>
        </control>
      </control>
    </control>
  </controls>
</window>
