<window id="107">
	<animation effect="slide" start="0,80" end="0,0" time="100">WindowOpen</animation>
	<animation effect="slide" start="0,0" end="0,80" time="100">WindowClose</animation>
	<coordinates>
		<system>1</system>
		<posx>720</posx>
		<posy>650</posy>
	</coordinates>
	<controls>
		<control type="group">
			<control type="image">
				<posx>0</posx>
				<posy>0</posy>
				<width>500</width>
				<height>80</height>
				<texture border="20,20,20,2">InfoMessagePanel.png</texture>
			</control>
			<control type="image" id="400">
				<description>avatar</description>
				<posx>20</posx>
				<posy>10</posy>
				<width>50</width>
				<height>50</height>
				<aspectratio>keep</aspectratio>
				<texture>DefaultFile.png</texture>
			</control>
			<control type="fadelabel" id="401">
				<description>Line 1 Label</description>
				<posx>75</posx>
				<posy>15</posy>
				<width>410</width>
				<height>18</height>
				<font>font12_title</font>
				<textcolor>white</textcolor>
				<align>left</align>
				<aligny>center</aligny>
				<scrollout>false</scrollout>
				<pauseatend>2000</pauseatend>
			</control>
			<control type="fadelabel" id="402">
				<description>Line 2 Label</description>
				<posx>75</posx>
				<posy>35</posy>
				<width>410</width>
				<height>20</height>
				<font>font12_title</font>
				<textcolor>grey2</textcolor>
				<align>left</align>
				<aligny>center</aligny>
				<scrollout>false</scrollout>
				<pauseatend>2000</pauseatend>
			</control>
		</control>
	</controls>
</window>