<window id="109">
  <defaultcontrol always="true">21</defaultcontrol>
  <include>dialogeffect</include>
  <coordinates>
    <system>2</system>
    <posx>480</posx>
    <posy>145</posy>
  </coordinates>
  <controls>
    <control type="image">
      <posx>0</posx>
      <posy>0</posy>
      <width>320</width>
      <height>430</height>
      <texture border="40">videoinfoback.png</texture>
    </control>
    <control type="image">
      <posx>30</posx>
      <posy>70</posy>
      <width>260</width>
      <height>50</height>
      <aspectratio>stretch</aspectratio>
      <texture border="20">KeyboardEditArea.png</texture>
    </control>
    <control type="label" id="4">
      <description>Edit Text</description>
      <posx>35</posx>
      <posy>70</posy>
      <width>250</width>
      <height>50</height>
      <font>font13</font>
      <textcolor>selected</textcolor>
      <disabledcolor>grey2</disabledcolor>
      <align>center</align>
      <aligny>center</aligny>
    </control>
    <control type="label" id="1">
      <description>dialog Heading</description>
      <posx>20</posx>
      <posy>20</posy>
      <width>280</width>
      <height>40</height>
      <font>font13_title</font>
      <textcolor>white</textcolor>
      <shadowcolor>black</shadowcolor>
      <align>center</align>
      <aligny>center</aligny>
      <wrapmultiline>true</wrapmultiline>
    </control>
    <control type="group">
      <posx>40</posx>
      <posy>150</posy>
      <control type="button" id="11">
        <description>1 button</description>
        <posx>0</posx>
        <posy>0</posy>
        <width>60</width>
        <height>60</height>
        <font>font13</font>
        <align>center</align>
        <aligny>center</aligny>
        <texturenofocus border="25,25,5,5">KeyboardCornerTopNF.png</texturenofocus>
        <texturefocus border="25,25,5,5">KeyboardCornerTop.png</texturefocus>
        <label>12311</label>
        <focusedcolor>black</focusedcolor>
        <onleft>23</onleft>
        <onright>12</onright>
        <onup>20</onup>
        <ondown>14</ondown>
      </control>
      <control type="button" id="12">
        <description>2 button</description>
        <posx>60</posx>
        <posy>0</posy>
        <width>60</width>
        <height>60</height>
        <font>font13</font>
        <align>center</align>
        <aligny>center</aligny>
        <texturenofocus border="3">KeyboardKeyNF.png</texturenofocus>
        <texturefocus border="5">KeyboardKey.png</texturefocus>
        <label>12312</label>
        <focusedcolor>black</focusedcolor>
        <onleft>11</onleft>
        <onright>13</onright>
        <onup>10</onup>
        <ondown>15</ondown>
      </control>
      <control type="button" id="13">
        <description>3 button</description>
        <posx>120</posx>
        <posy>0</posy>
        <width>60</width>
        <height>60</height>
        <font>font13</font>
        <align>center</align>
        <aligny>center</aligny>
        <texturenofocus border="3">KeyboardKeyNF.png</texturenofocus>
        <texturefocus border="5">KeyboardKey.png</texturefocus>
        <label>12313</label>
        <focusedcolor>black</focusedcolor>
        <onleft>12</onleft>
        <onright>23</onright>
        <onup>22</onup>
        <ondown>16</ondown>
      </control>
      <control type="button" id="23">
        <description>Backspace button</description>
        <posx>180</posx>
        <posy>0</posy>
        <width>60</width>
        <height>120</height>
        <font>font12</font>
        <align>center</align>
        <aligny>center</aligny>
        <texturenofocus flipx="true" border="5,25,25,5">KeyboardCornerTopNF.png</texturenofocus>
        <texturefocus flipx="true" border="5,35,25,5">KeyboardCornerTop.png</texturefocus>
        <textwidth>120</textwidth>
        <label>20181</label>
        <focusedcolor>black</focusedcolor>
        <angle>270</angle>
        <onleft>13</onleft>
        <onright>11</onright>
        <onup>21</onup>
        <ondown>21</ondown>
      </control>
      <control type="button" id="14">
        <description>4 button</description>
        <posx>0</posx>
        <posy>60</posy>
        <width>60</width>
        <height>60</height>
        <font>font13</font>
        <align>center</align>
        <aligny>center</aligny>
        <texturenofocus border="3">KeyboardKeyNF.png</texturenofocus>
        <texturefocus border="5">KeyboardKey.png</texturefocus>
        <label>12314</label>
        <focusedcolor>black</focusedcolor>
        <onleft>23</onleft>
        <onright>15</onright>
        <onup>11</onup>
        <ondown>17</ondown>
      </control>
      <control type="button" id="15">
        <description>5 button</description>
        <posx>60</posx>
        <posy>60</posy>
        <width>60</width>
        <height>60</height>
        <font>font13</font>
        <align>center</align>
        <aligny>center</aligny>
        <texturenofocus border="3">KeyboardKeyNF.png</texturenofocus>
        <texturefocus border="5">KeyboardKey.png</texturefocus>
        <label>12315</label>
        <focusedcolor>black</focusedcolor>
        <onleft>14</onleft>
        <onright>16</onright>
        <onup>12</onup>
        <ondown>18</ondown>
      </control>
      <control type="button" id="16">
        <description>6 button</description>
        <posx>120</posx>
        <posy>60</posy>
        <width>60</width>
        <height>60</height>
        <font>font13</font>
        <align>center</align>
        <aligny>center</aligny>
        <texturenofocus border="3">KeyboardKeyNF.png</texturenofocus>
        <texturefocus border="5">KeyboardKey.png</texturefocus>
        <label>12316</label>
        <focusedcolor>black</focusedcolor>
        <onleft>15</onleft>
        <onright>23</onright>
        <onup>13</onup>
        <ondown>19</ondown>
      </control>
      <control type="button" id="17">
        <description>7 button</description>
        <posx>0</posx>
        <posy>120</posy>
        <width>60</width>
        <height>60</height>
        <font>font13</font>
        <align>center</align>
        <aligny>center</aligny>
        <texturenofocus border="3">KeyboardKeyNF.png</texturenofocus>
        <texturefocus border="5">KeyboardKey.png</texturefocus>
        <label>12317</label>
        <focusedcolor>black</focusedcolor>
        <onleft>21</onleft>
        <onright>18</onright>
        <onup>14</onup>
        <ondown>20</ondown>
      </control>
      <control type="button" id="18">
        <description>8 button</description>
        <posx>60</posx>
        <posy>120</posy>
        <width>60</width>
        <height>60</height>
        <font>font13</font>
        <align>center</align>
        <aligny>center</aligny>
        <texturenofocus border="3">KeyboardKeyNF.png</texturenofocus>
        <texturefocus border="5">KeyboardKey.png</texturefocus>
        <label>12318</label>
        <focusedcolor>black</focusedcolor>
        <onleft>17</onleft>
        <onright>19</onright>
        <onup>15</onup>
        <ondown>10</ondown>
      </control>
      <control type="button" id="19">
        <description>9 button</description>
        <posx>120</posx>
        <posy>120</posy>
        <width>60</width>
        <height>60</height>
        <font>font13</font>
        <align>center</align>
        <aligny>center</aligny>
        <texturenofocus border="3">KeyboardKeyNF.png</texturenofocus>
        <texturefocus border="5">KeyboardKey.png</texturefocus>
        <label>12319</label>
        <focusedcolor>black</focusedcolor>
        <onleft>18</onleft>
        <onright>21</onright>
        <onup>16</onup>
        <ondown>22</ondown>
      </control>
      <control type="button" id="21">
        <description>Done button</description>
        <posx>180</posx>
        <posy>120</posy>
        <width>60</width>
        <height>120</height>
        <font>font12</font>
        <align>center</align>
        <aligny>center</aligny>
        <texturenofocus flipx="true" border="5,5,25,25">KeyboardCornerBottomNF.png</texturenofocus>
        <texturefocus flipx="true" border="5,30,25,25">KeyboardCornerBottom.png</texturefocus>
        <textwidth>120</textwidth>
        <label>20177</label>
        <focusedcolor>black</focusedcolor>
        <angle>270</angle>
        <onleft>19</onleft>
        <onright>17</onright>
        <onup>23</onup>
        <ondown>23</ondown>
      </control>
      <control type="button" id="20">
        <description>prev button</description>
        <posx>0</posx>
        <posy>180</posy>
        <width>60</width>
        <height>60</height>
        <font>font30</font>
        <label>&lt;</label>
        <focusedcolor>black</focusedcolor>
        <align>center</align>
        <aligny>center</aligny>
        <texturenofocus border="25,5,25,5">KeyboardCornerBottomNF.png</texturenofocus>
        <texturefocus border="25,5,25,5">KeyboardCornerBottom.png</texturefocus>
        <onleft>21</onleft>
        <onright>10</onright>
        <onup>17</onup>
        <ondown>11</ondown>
      </control>
      <control type="button" id="10">
        <description>0 button</description>
        <posx>60</posx>
        <posy>180</posy>
        <width>60</width>
        <height>60</height>
        <font>font13</font>
        <align>center</align>
        <aligny>center</aligny>
        <texturenofocus border="3">KeyboardKeyNF.png</texturenofocus>
        <texturefocus border="5">KeyboardKey.png</texturefocus>
        <label>12310</label>
        <focusedcolor>black</focusedcolor>
        <onleft>20</onleft>
        <onright>22</onright>
        <onup>18</onup>
        <ondown>12</ondown>
      </control>
      <control type="button" id="22">
        <description>next button</description>
        <posx>120</posx>
        <posy>180</posy>
        <width>60</width>
        <height>60</height>
        <font>font30</font>
        <label>&gt;</label>
        <focusedcolor>black</focusedcolor>
        <align>center</align>
        <aligny>center</aligny>
        <texturenofocus border="3">KeyboardKeyNF.png</texturenofocus>
        <texturefocus border="5">KeyboardKey.png</texturefocus>
        <onleft>10</onleft>
        <onright>21</onright>
        <onup>19</onup>
        <ondown>13</ondown>
      </control>
    </control>
  </controls>
</window>
