<window id="3">
  <defaultcontrol>20</defaultcontrol>
  <allowoverlay>no</allowoverlay>
  <controls>
    <include>CommonSettingsBackground</include>
	<control type="image">
       <posx>0</posx>
       <posy>0</posy>
       <width>1280</width>
       <height>720</height>
       <texture>black-back.png</texture>
    </control>
    <control type="group">
      <animation effect="slide" start="-620,0" end="0,0" time="400" tween="quadratic" easing="out">WindowOpen</animation>
      <animation effect="slide" start="0,0" end="-620,0" time="400" tween="quadratic" easing="out">WindowClose</animation>
      <control type="image">
        <posx>0</posx>
        <posy>0</posy>
        <width>620</width>
        <height>720</height>
        <texture flipx="true" border="0,0,15,0">homesubbackground.png</texture>
      </control>
      <control type="image">
        <posx>480</posx>
        <posy>10</posy>
        <width>120</width>
        <height>120</height>
        <aspectratio>keep</aspectratio>
        <info>Container(20).ListItem.Icon</info>
      </control>
      <control type="label">
        <description>header label</description>
        <posx>20</posx>
        <posy>90</posy>
        <width>570</width>
        <height>30</height>
        <font>cirrus_30</font>
        <label>A : </label>
        <align>left</align>
        <aligny>center</aligny>
        <textcolor>orange</textcolor>
        <shadowcolor>black</shadowcolor>
      </control>
      <control type="label" id="101">
        <description>current directory text label</description>
        <posx>65</posx>
        <posy>90</posy>
        <width>400</width>
        <height>30</height>
        <font>cirrus_30</font>
        <textcolor>white</textcolor>
        <shadowcolor>black</shadowcolor>
        <scroll>true</scroll>
        <align>left</align>
        <aligny>center</aligny>
      </control>
      <control type="label">
        <description>number of files/pages in left list text label</description>
        <posx>20</posx>
        <posy>680</posy>
        <width>570</width>
        <font>font12</font>
        <align>left</align>
        <scroll>true</scroll>
        <textcolor>grey</textcolor>
        <shadowcolor>black</shadowcolor>
        <label>([COLOR=orange]$INFO[Container(20).NumItems][/COLOR]) $LOCALIZE[31025] - $LOCALIZE[31024] ([COLOR=orange]$INFO[Container(20).CurrentPage]/$INFO[Container(20).NumPages][/COLOR])</label>
      </control>
      <control type="scrollbar" id="30">
        <posx>580</posx>
        <posy>140</posy>
        <width>25</width>
        <height>550</height>
        <texturesliderbackground border="0,14,0,14">ScrollBarV.png</texturesliderbackground>
        <texturesliderbar border="2,16,2,16">ScrollBarV_bar.png</texturesliderbar>
        <texturesliderbarfocus border="2,16,2,16">ScrollBarV_bar_focus.png</texturesliderbarfocus>
        <textureslidernib>-</textureslidernib>
        <textureslidernibfocus>-</textureslidernibfocus>
        <onleft>31</onleft>
        <onright>20</onright>
        <ondown>20</ondown>
        <onup>20</onup>
        <showonepage>false</showonepage>
        <orientation>vertical</orientation>
      </control>
      <control type="list" id="20">
        <posx>0</posx>
        <posy>140</posy>
        <width>560</width>
        <height>520</height>
        <onleft>30</onleft>
        <onright>21</onright>
        <onup>20</onup>
        <ondown>20</ondown>
        <pagecontrol>30</pagecontrol>
        <scrolltime>200</scrolltime>
        <itemlayout height="35">
          <control type="image">
            <posx>20</posx>
            <posy>0</posy>
            <width>540</width>
            <height>36</height>
            <texture border="0,2,0,2">menuitemNF.png</texture>
          </control>
          <control type="label">
            <posx>20</posx>
            <posy>0</posy>
            <width>500</width>
            <height>36</height>
            <font>cirrus_20</font>
            <aligny>center</aligny>
            <selectedcolor>selected</selectedcolor>
            <textcolor>grey2</textcolor>
            <align>left</align>
            <info>ListItem.Label</info>
          </control>
          <control type="label">
            <posx>530</posx>
            <posy>5</posy>
            <width>200</width>
            <height>24</height>
            <font>cirrus_20</font>
            <aligny>center</aligny>
            <selectedcolor>selected</selectedcolor>
            <textcolor>grey</textcolor>
            <align>right</align>
            <info>ListItem.Label2</info>
          </control>
        </itemlayout>
        <focusedlayout height="35">
          <control type="image">
            <posx>20</posx>
            <posy>0</posy>
            <width>560</width>
            <height>36</height>
            <visible>!Control.HasFocus(20)</visible>
            <texture border="0,2,0,2">menuitemNF.png</texture>
          </control>
          <control type="image">
            <posx>0</posx>
            <posy>0</posy>
            <width>560</width>
            <height>36</height>
            <visible>Control.HasFocus(20)</visible>
            <texture border="0,2,0,2" flipx="true">listfilemanagerFO.png</texture>
          </control>
          <control type="label">
            <posx>20</posx>
            <posy>0</posy>
            <width>500</width>
            <height>36</height>
            <font>cirrus_20</font>
            <aligny>center</aligny>
            <selectedcolor>selected</selectedcolor>
            <textcolor>white</textcolor>
            <align>left</align>
            <info>ListItem.Label</info>
          </control>
          <control type="label">
            <posx>530</posx>
            <posy>5</posy>
            <width>200</width>
            <height>24</height>
            <font>cirrus_20</font>
            <aligny>center</aligny>
            <selectedcolor>selected</selectedcolor>
            <textcolor>grey</textcolor>
            <align>right</align>
            <info>ListItem.Label2</info>
          </control>
        </focusedlayout>
      </control>
    </control>
    <control type="group">
      <animation effect="slide" start="620,0" end="0,0" time="400" tween="quadratic" easing="out">WindowOpen</animation>
      <animation effect="slide" start="0,0" end="620,0" time="400" tween="quadratic" easing="out">WindowClose</animation>
      <control type="image">
        <posx>620r</posx>
        <posy>0</posy>
        <width>620</width>
        <height>720</height>
        <texture border="15,0,0,0">homesubbackground.png</texture>
      </control>
      <control type="image">
        <posx>120r</posx>
        <posy>10</posy>
        <width>120</width>
        <height>120</height>
        <aspectratio>keep</aspectratio>
        <info>Container(21).ListItem.Icon</info>
      </control>
      <control type="label">
        <description>header label</description>
        <posx>590r</posx>
        <posy>90</posy>
        <width>570</width>
        <height>30</height>
        <font>cirrus_30</font>
        <label>B : </label>
        <align>left</align>
        <aligny>center</aligny>
        <textcolor>orange</textcolor>
        <shadowcolor>black</shadowcolor>
      </control>
      <control type="label" id="102">
        <description>current directory text label right</description>
        <posx>545r</posx>
        <posy>90</posy>
        <width>400</width>
        <height>30</height>
        <font>cirrus_30</font>
        <textcolor>white</textcolor>
        <scroll>true</scroll>
        <align>left</align>
        <aligny>center</aligny>
      </control>
      <control type="label">
        <description>number of files/pages in left list text label</description>
        <posx>340r</posx>
        <posy>680</posy>
        <width>570</width>
        <font>font12</font>
        <align>right</align>
        <scroll>true</scroll>
        <textcolor>grey</textcolor>
        <shadowcolor>black</shadowcolor>
        <label>([COLOR=orange]$INFO[Container(21).NumItems][/COLOR]) $LOCALIZE[31025] - $LOCALIZE[31024] ([COLOR=orange]$INFO[Container(21).CurrentPage]/$INFO[Container(21).NumPages][/COLOR])</label>
      </control>
      <control type="scrollbar" id="31">
        <posx>40r</posx>
        <posy>140</posy>
        <width>25</width>
        <height>550</height>
        <texturesliderbackground border="0,14,0,14">ScrollBarV.png</texturesliderbackground>
        <texturesliderbar border="2,16,2,16">ScrollBarV_bar.png</texturesliderbar>
        <texturesliderbarfocus border="2,16,2,16">ScrollBarV_bar_focus.png</texturesliderbarfocus>
        <textureslidernib>-</textureslidernib>
        <textureslidernibfocus>-</textureslidernibfocus>
        <onleft>21</onleft>
        <onright>30</onright>
        <ondown>21</ondown>
        <onup>21</onup>
        <showonepage>false</showonepage>
        <orientation>vertical</orientation>
      </control>
      <control type="list" id="21">
        <posx>610r</posx>
        <posy>140</posy>
        <width>540</width>
        <height>491</height>
        <onleft>20</onleft>
        <onright>31</onright>
        <onup>21</onup>
        <ondown>21</ondown>
        <pagecontrol>31</pagecontrol>
        <scrolltime>200</scrolltime>
        <itemlayout height="35">
          <control type="image">
            <posx>20</posx>
            <posy>0</posy>
            <width>540</width>
            <height>36</height>
            <texture border="0,2,0,2">menuitemNF.png</texture>
          </control>
          <control type="label">
            <posx>20</posx>
            <posy>0</posy>
            <width>500</width>
            <height>36</height>
            <font>cirrus_20</font>
            <aligny>center</aligny>
            <selectedcolor>selected</selectedcolor>
            <textcolor>grey2</textcolor>
            <align>left</align>
            <info>ListItem.Label</info>
          </control>
          <control type="label">
            <posx>530</posx>
            <posy>5</posy>
            <width>200</width>
            <height>24</height>
            <font>cirrus_20</font>
            <aligny>center</aligny>
            <selectedcolor>selected</selectedcolor>
            <textcolor>grey</textcolor>
            <align>right</align>
            <info>ListItem.Label2</info>
          </control>
        </itemlayout>
        <focusedlayout height="35">
          <control type="image">
            <posx>20</posx>
            <posy>0</posy>
            <width>540</width>
            <height>36</height>
            <visible>!Control.HasFocus(21)</visible>
            <texture border="0,2,0,2">menuitemNF.png</texture>
          </control>
          <control type="image">
            <posx>0</posx>
            <posy>0</posy>
            <width>540</width>
            <height>36</height>
            <visible>Control.HasFocus(21)</visible>
            <texture border="0,2,0,2" flipx="true">listfilemanagerFO.png</texture>
          </control>
          <control type="label">
            <posx>20</posx>
            <posy>0</posy>
            <width>500</width>
            <height>36</height>
            <font>cirrus_20</font>
            <aligny>center</aligny>
            <selectedcolor>selected</selectedcolor>
            <textcolor>white</textcolor>
            <align>left</align>
            <info>ListItem.Label</info>
          </control>
          <control type="label">
            <posx>530</posx>
            <posy>5</posy>
            <width>200</width>
            <height>24</height>
            <font>cirrus_20</font>
            <aligny>center</aligny>
            <selectedcolor>selected</selectedcolor>
            <textcolor>grey</textcolor>
            <align>right</align>
            <info>ListItem.Label2</info>
          </control>
        </focusedlayout>
      </control>
    </control>
    <control type="group">
      <posx>20</posx>
      <posy>0</posy>
      <animation effect="slide" end="-310,0" time="400" tween="quadratic" easing="out">WindowClose</animation>
      <animation effect="slide" start="-310,0" time="400" tween="quadratic" easing="out">WindowOpen</animation>
      <control type="label">
        <include>WindowTitleCommons</include>
        <posx>0</posx>
        <label>$LOCALIZE[7]</label>
      </control>
    </control>
  </controls>
</window>
