<includes>
	<include name="HomeMenuHoriz">
		 <control type="image">
			<posx>-5</posx>
			<posy>120r</posy>
			<width>290</width>
			<height>220</height>
			<texture>homesubbackground.png</texture>
		  </control>
		<!-- HOME MENU SUBMENUS HORIZONTAL -->
		<control type="group" id="9001">
			<posx>-250</posx>
			<posy>325r</posy>
			
			<control type="image"> <!-- background bar for horizontal submenus -->
				<posx>0</posx>
				<posy>85</posy>
				<width>1350</width>
				<height>40</height>
				<texture>horzmenuback.png</texture>
				<aspectratio>stretch</aspectratio>
			</control>
			
			<animation effect="fade" start="100" end="0" time="0" condition="!ControlGroup(9001).HasFocus">conditional</animation>
			<animation effect="fade" start="0" end="100" delay="300" time="200" condition="ControlGroup(9001).HasFocus">conditional</animation>
			<animation effect="fade" start="100" end="0" time="0" condition="ControlGroup(9001).HasFocus">WindowClose</animation>
			<animation effect="slide" end="210,0" time="300" tween="quadratic" easing="out" condition="ControlGroup(9001).HasFocus">conditional</animation>
			<animation effect="slide" end="0,-204" time="300" condition="Container(9000).Row(1)">conditional</animation>
			<animation effect="slide" end="0,-102" time="300" condition="Container(9000).Row(2)">conditional</animation>
			<animation effect="slide" end="0,102" time="300" condition="Container(9000).Row(4)">conditional</animation>
			<animation effect="slide" end="0,204" time="300" condition="Container(9000).Row(5)">conditional</animation>

			<!-- VIDEOS SUBMENU -->
			<control type="wraplist" id="9010">
				<posx>40</posx>
				<posy>30</posy>
				<width>1280</width>
				<height>240</height>
				<align>center</align>
				<onleft>9010</onleft>
				<onright>9010</onright>
				<orientation>horizontal</orientation>
				<focusposition>2</focusposition>
				<scrolltime>200</scrolltime>
				<onup>8000</onup>
				<ondown>9000</ondown>
				<itemgap>0</itemgap>
				<visible>Container(9000).HasFocus(2)</visible>
				<itemlayout width="270" height="245">
					<control type="group">	
						<posx>20</posx>
						<posy>-3</posy>
						<control type="label"><!--Movie title-->
							<width>270</width>
							<height>56</height>
							<label>$INFO[ListItem.Label]</label>
							<align>center</align>
							<font>cirrus_30</font>
							<textcolor>grey3</textcolor>
						</control>
					</control>
				</itemlayout>
				<focusedlayout width="270" height="515">
					<control type="group">	
						<posx>20</posx>
						<posy>-3</posy>
						<control type="label"><!--Movie title-->
							<width>270</width>
							<height>56</height>
							<label>$INFO[ListItem.Label]</label>
							<align>center</align>
							<font>cirrus_30</font>
							<textcolor>white</textcolor>
						</control>
					</control>
				</focusedlayout>
				<content>
					<item id="90101">
						<label>342</label>
						<onclick>ActivateWindow(VideoLibrary,MovieTitles,return)</onclick>
					</item>
					<item id="90102">
						<label>20343</label>
						<onclick>ActivateWindow(VideoLibrary,TvShowTitles,return)</onclick>
					</item>
					<item id="90103">
						<label>20389</label>
						<onclick>ActivateWindow(VideoLibrary,MusicVideoTitles,return)</onclick>
					</item>
					<item id="90104">
						<label>744</label>
						<onclick>ActivateWindow(VideoFiles)</onclick>
					</item>
					<item id="90105">
						<label>14022</label>
						<onclick>ActivateWindow(VideoLibrary)</onclick>
					</item>
					<item id="90106">
						<label>31007</label>
						<onclick>ActivateWindow(VideoLibrary,Plugins)</onclick>
					</item>
				</content>
			</control>

			<!-- MUSIC SUBMENU -->
			<control type="wraplist" id="9011">
				<posx>40</posx>
				<posy>30</posy>
				<width>1280</width>
				<height>240</height>
				<align>center</align>
				<onleft>9011</onleft>
				<onright>9011</onright>
				<orientation>horizontal</orientation>
				<focusposition>2</focusposition>
				<scrolltime>200</scrolltime>
				<onup>8004</onup>
				<ondown>9000</ondown>
				<itemgap>0</itemgap>
				<visible>Container(9000).HasFocus(3)</visible>
				<itemlayout width="270" height="245">
					<control type="group">	
						<posx>20</posx>
						<posy>-3</posy>
						<control type="label"><!--Movie title-->
							<width>270</width>
							<height>56</height>
							<label>$INFO[ListItem.Label]</label>
							<align>center</align>
							<font>cirrus_30</font>
							<textcolor>grey3</textcolor>
						</control>
					</control>
				</itemlayout>
				<focusedlayout width="270" height="515">
					<control type="group">	
						<posx>20</posx>
						<posy>-3</posy>
						<control type="label"><!--Movie title-->
							<width>270</width>
							<height>56</height>
							<label>$INFO[ListItem.Label]</label>
							<align>center</align>
							<font>cirrus_30</font>
							<textcolor>white</textcolor>
						</control>
					</control>
				</focusedlayout>
				<content>
					<item id="90111">
						<label>133</label>
						<onclick>ActivateWindow(MusicLibrary,Artists,return)</onclick>
					</item>
					<item id="90112">
						<label>132</label>
						<onclick>ActivateWindow(MusicLibrary,Albums,return)</onclick>
					</item>
					<item id="90113">
						<label>134</label>
						<onclick>ActivateWindow(MusicLibrary,Songs,return)</onclick>
					</item>
					<item id="90114">
						<label>744</label>
						<onclick>ActivateWindow(MusicFiles)</onclick>
					</item>
					<item id="90115">
						<label>14022</label>
						<onclick>ActivateWindow(MusicLibrary)</onclick>
					</item>
					<item id="90116">
						<label>653</label>
						<onclick>UpdateLibrary(Music)</onclick>
					</item>
					<item id="90117">
						<label>31007</label>
						<onclick>ActivateWindow(MusicFiles,$LOCALIZE[1038])</onclick>
					</item>
				</content>
			</control>

			<!-- SETTINGS SUBMENU -->
			<control type="wraplist" id="9014">
				<posx>40</posx>
				<posy>30</posy>
				<width>1280</width>
				<height>240</height>
				<align>center</align>
				<onleft>9014</onleft>
				<onright>9014</onright>
				<orientation>horizontal</orientation>
				<focusposition>2</focusposition>
				<scrolltime>200</scrolltime>
				<onup>9000</onup>
				<ondown>9000</ondown>
				<itemgap>0</itemgap>
				<visible>Container(9000).HasFocus(5)</visible>
 				<itemlayout width="270" height="245">
					<control type="group">	
						<posx>20</posx>
						<posy>-3</posy>
						<control type="label"><!--Movie title-->
							<width>270</width>
							<height>56</height>
							<label>$INFO[ListItem.Label]</label>
							<align>center</align>
							<font>cirrus_30</font>
							<textcolor>grey3</textcolor>
						</control>
					</control>
				</itemlayout>
				<focusedlayout width="270" height="515">
					<control type="group">	
						<posx>20</posx>
						<posy>-3</posy>
						<control type="label"><!--Movie title-->
							<width>270</width>
							<height>56</height>
							<label>$INFO[ListItem.Label]</label>
							<align>center</align>
							<font>cirrus_30</font>
							<textcolor>white</textcolor>
						</control>
					</control>
				</focusedlayout>
				<content>
				<item id="90141">
					<label>5</label>
					<onclick>ActivateWindow(Settings)</onclick>
				</item>
				<item id="90142">
					<label>7</label>
					<onclick>ActivateWindow(FileManager)</onclick>
				</item>
				<item id="90143">
					<label>13200</label>
					<onclick>ActivateWindow(Profiles)</onclick>
				</item>
				<item id="90144">
					<label>130</label>
					<onclick>ActivateWindow(SystemInfo)</onclick>
				</item>
				<item id="90145">
					<label>470</label>
					<onclick>ActivateWindow(Credits)</onclick>
				</item>
				<!-- WHEN CLEAN HOME SELECTED (shutdown, play dvd etc added to settings submenu -->
				<item type="button" id="90146">
					<label>13005</label>
					<onclick>ActivateWindow(ShutdownMenu)</onclick>
					<visible>Skin.HasSetting(cleanHome)</visible>
				</item>
				<item type="button" id="90147">
					<label>1036</label>
					<onclick>ActivateWindow(Favourites)</onclick>
					<visible>Skin.HasSetting(cleanHome)</visible>
				</item>
				<item type="button" id="90148">
					<label>446</label>
					<onclick>XBMC.PlayDVD()</onclick>
					<visible>Skin.HasSetting(cleanHome)</visible>
				</item>
				</content>
			</control>

			<!-- CUSTOM HOME BUTTON SCRIPTS -->
			<control type="wraplist" id="9015">
				<posx>40</posx>
				<posy>30</posy>
				<width>1280</width>
				<height>240</height>
				<align>center</align>
				<onleft>9015</onleft>
				<onright>9015</onright>
				<orientation>horizontal</orientation>
				<focusposition>2</focusposition>
				<scrolltime>200</scrolltime>
				<onup>9000</onup>
				<ondown>9000</ondown>
				<itemgap>0</itemgap>
				<visible>Container(9000).HasFocus(8) + [[Skin.HasSetting(HomeScriptButton1) + !IsEmpty(Skin.String(HomeScriptButton1_label))] | [Skin.HasSetting(HomeScriptButton2) + !IsEmpty(Skin.String(HomeScriptButton2_label))] | [Skin.HasSetting(HomeScriptButton3) + !IsEmpty(Skin.String(HomeScriptButton3_label))] | [Skin.HasSetting(HomeScriptButton4) + !IsEmpty(Skin.String(HomeScriptButton4_label))] | [Skin.HasSetting(HomeScriptButton5) + !IsEmpty(Skin.String(HomeScriptButton5_label))] | [Skin.HasSetting(HomeScriptButton6) + !IsEmpty(Skin.String(HomeScriptButton6_label))]]</visible>
				<itemlayout width="270" height="245">
					<control type="group">	
						<posx>20</posx>
						<posy>-3</posy>
						<control type="label"><!--Movie title-->
							<width>270</width>
							<height>56</height>
							<label>$INFO[ListItem.Label]</label>
							<align>center</align>
							<font>cirrus_30</font>
							<textcolor>grey3</textcolor>
						</control>
					</control>
				</itemlayout>
				<focusedlayout width="270" height="515">
					<control type="group">	
						<posx>20</posx>
						<posy>-3</posy>
						<control type="label"><!--Movie title-->
							<width>270</width>
							<height>56</height>
							<label>$INFO[ListItem.Label]</label>
							<align>center</align>
							<font>cirrus_30</font>
							<textcolor>white</textcolor>
						</control>
					</control>
				</focusedlayout>
				<content>
					<item id="90151">
						<description>Button1</description>
						<label>$INFO[Skin.String(HomeScriptButton1_label)]</label>
						<onclick>Setfocus(9000)</onclick>
						<onclick>XBMC.RunScript($INFO[Skin.String(HomeScriptButton1_Path)])</onclick>
						<visible>Skin.HasSetting(HomeScriptButton1) + !IsEmpty(Skin.String(HomeScriptButton1_label))</visible>
					</item>
					<item id="90152">
						<description>Button2</description>
						<label>$INFO[Skin.String(HomeScriptButton2_label)]</label>
						<onclick>Setfocus(9000)</onclick>
						<onclick>XBMC.RunScript($INFO[Skin.String(HomeScriptButton2_Path)])</onclick>
						<visible>Skin.HasSetting(HomeScriptButton2) + !IsEmpty(Skin.String(HomeScriptButton2_label))</visible>
					</item>
					<item id="90153">
						<description>Button3</description>
						<label>$INFO[Skin.String(HomeScriptButton3_label)]</label>
						<onclick>Setfocus(9000)</onclick>
						<onclick>XBMC.RunScript($INFO[Skin.String(HomeScriptButton3_Path)])</onclick>
						<visible>Skin.HasSetting(HomeScriptButton3) + !IsEmpty(Skin.String(HomeScriptButton3_label))</visible>
					</item>
					<item id="90154">
						<description>Button4</description>
						<label>$INFO[Skin.String(HomeScriptButton4_label)]</label>
						<onclick>Setfocus(9000)</onclick>
						<onclick>XBMC.RunScript($INFO[Skin.String(HomeScriptButton4_Path)])</onclick>
						<visible>Skin.HasSetting(HomeScriptButton4) + !IsEmpty(Skin.String(HomeScriptButton4_label))</visible>
					</item>
					<item id="90155">
						<description>Button5</description>
						<label>$INFO[Skin.String(HomeScriptButton5_label)]</label>
						<onclick>Setfocus(9000)</onclick>
						<onclick>XBMC.RunScript($INFO[Skin.String(HomeScriptButton5_Path)])</onclick>
						<visible>Skin.HasSetting(HomeScriptButton5) + !IsEmpty(Skin.String(HomeScriptButton5_label))</visible>
					</item>
					<item id="90156">
						<description>Button6</description>
						<label>$INFO[Skin.String(HomeScriptButton6_label)]</label>
						<onclick>Setfocus(9000)</onclick>
						<onclick>XBMC.RunScript($INFO[Skin.String(HomeScriptButton6_Path)])</onclick>
						<visible>Skin.HasSetting(HomeScriptButton6) + !IsEmpty(Skin.String(HomeScriptButton6_label))</visible>
					</item>
				</content>
				
			</control>

			<!-- MOVIES SUBMENU -->
			<control type="wraplist" id="9016">
				<posx>40</posx>
				<posy>30</posy>
				<width>1280</width>
				<height>240</height>
				<align>center</align>
				<onleft>9010</onleft>
				<onright>9010</onright>
				<orientation>horizontal</orientation>
				<focusposition>2</focusposition>
				<scrolltime>200</scrolltime>
				<onup>8002</onup>
				<ondown>9000</ondown>
				<itemgap>0</itemgap>
				<visible>Container(9000).HasFocus(10)</visible>
				<itemlayout width="270" height="245">
					<control type="group">	
						<posx>20</posx>
						<posy>-3</posy>
						<control type="label"><!--Movie title-->
							<width>270</width>
							<height>56</height>
							<label>$INFO[ListItem.Label]</label>
							<align>center</align>
							<font>cirrus_30</font>
							<textcolor>grey3</textcolor>
						</control>
					</control>
				</itemlayout>
				<focusedlayout width="270" height="515">
					<control type="group">	
						<posx>20</posx>
						<posy>-3</posy>
						<control type="label"><!--Movie title-->
							<width>270</width>
							<height>56</height>
							<label>$INFO[ListItem.Label]</label>
							<align>center</align>
							<font>cirrus_30</font>
							<textcolor>white</textcolor>
						</control>
					</control>
				</focusedlayout>
				<content>
					<item id="90161">
						<label>1219</label>
						<onclick>ActivateWindow(VideoFiles)</onclick>
					</item>
					<item id="90162">
						<label>369</label>
						<onclick>ActivateWindow(VideoLibrary,MovieTitles,return)</onclick>
					</item>
					<item id="90163">
						<label>135</label>
						<onclick>ActivateWindow(VideoLibrary,MovieGenres,return)</onclick>
					</item>
					<item id="90164">
						<label>652</label>
						<onclick>ActivateWindow(VideoLibrary,MovieYears,return)</onclick>
					</item>
					<item id="90165">
						<label>31328</label>
						<onclick>ActivateWindow(VideoLibrary,RecentlyAddedMovies,return)</onclick>
					</item>
					<item id="90166">
						<label>344</label>
						<onclick>ActivateWindow(VideoLibrary,MovieActors,return)</onclick>
					</item>
					<item id="90167">
						<label>20348</label>
						<onclick>ActivateWindow(VideoLibrary,MovieDirectors,return)</onclick>
					</item>
					<item id="90168">
						<label>653</label>
						<onclick>UpdateLibrary(Video)</onclick>
					</item>
				</content>
			</control>
 
			<!-- TV SHOWS SUBMENU -->
			<control type="wraplist" id="9017">
				<posx>40</posx>
				<posy>30</posy>
				<width>1280</width>
				<height>240</height>
				<align>center</align>
				<onleft>9010</onleft>
				<onright>9010</onright>
				<orientation>horizontal</orientation>
				<focusposition>2</focusposition>
				<scrolltime>200</scrolltime>
				<onup>8003</onup>
				<ondown>9000</ondown>
				<itemgap>0</itemgap>
				<visible>Container(9000).HasFocus(11)</visible>
				<itemlayout width="270" height="245">
					<control type="group">	
						<posx>20</posx>
						<posy>-3</posy>
						<control type="label"><!--Movie title-->
							<width>270</width>
							<height>56</height>
							<label>$INFO[ListItem.Label]</label>
							<align>center</align>
							<font>cirrus_30</font>
							<textcolor>grey3</textcolor>
						</control>
					</control>
				</itemlayout>
				<focusedlayout width="270" height="515">
					<control type="group">	
						<posx>20</posx>
						<posy>-3</posy>
						<control type="label"><!--Movie title-->
							<width>270</width>
							<height>56</height>
							<label>$INFO[ListItem.Label]</label>
							<align>center</align>
							<font>cirrus_30</font>
							<textcolor>white</textcolor>
						</control>
					</control>
				</focusedlayout>
				<content>
					<item id="90171">
						<label>369</label>
						<onclick>ActivateWindow(VideoLibrary,TVShowTitles,return)</onclick>
					</item>
					<item id="90172">
						<label>135</label>
						<onclick>ActivateWindow(VideoLibrary,TVShowGenres,return)</onclick>
					</item>
					<item id="90173">
						<label>652</label>
						<onclick>ActivateWindow(VideoLibrary,TVShowYears,return)</onclick>
					</item>
					<item id="90174">
						<label>344</label>
						<onclick>ActivateWindow(VideoLibrary,TVShowActors,return)</onclick>
					</item>
					<item id="90175">
						<label>31328</label>
						<onclick>ActivateWindow(VideoLibrary,RecentlyAddedEpisodes,return)</onclick>
					</item>
					<item id="90176134">
						<label>653</label>
						<onclick>UpdateLibrary(Video)</onclick>
					</item>
				</content>
			</control>
		</control>	
	
		<!-- Background for hoizontal menu -->
		<control type="image">
			<posx>0</posx>
			<posy>200r</posy>
			<width>1280</width>
			<height>80</height>
			<texture>horzmenuback.png</texture>
		</control>

		<!-- HORIZONTAL MAIN MENU -->
		<control type="wraplist" id="9000">
            <posx>-175</posx>
            <posy>200r</posy>
            <width>1515</width>
            <height>100</height>
            <onleft>9000</onleft>
            <onright>9000</onright>
            <onup>9001</onup>
            <ondown>10</ondown>
            <pagecontrol>-</pagecontrol>
            <scrolltime>300</scrolltime>
            <focusposition>1</focusposition>
            <orientation>horizontal</orientation>
            <animation effect="fade" start="0" end="100" time="200">Visible</animation>
            <animation effect="fade" start="100" end="30" time="200" condition="Window.IsVisible(1113) | ControlGroup(9001).HasFocus | ControlGroup(10).HasFocus | Control.HasFocus(8000) | Control.HasFocus(8001)">conditional</animation>

			<!-- ITEM LAYOUT NOT LOWERED -->
            <itemlayout height="100" width="405">
                <control type="label">
                    <posx>460</posx>
                    <posy>21</posy>
                    <width>360</width><!-- width left and right of center word space -->
                    <height>40</height><!-- height left and right of center word space -->
                    <font>cirrus_50</font>
                    <textcolor>grey3</textcolor>
                    <align>center</align>
                    <aligny>center</aligny>
                    <label>$INFO[ListItem.Label]</label>
                </control>
                <control type="label">
                    <posx>460</posx>
                    <posy>21</posy>
                    <width>360</width>
                    <height>40</height>
                    <font>cirrus_50</font>
                    <textcolor>grey3</textcolor>
                    <align>center</align>
                    <aligny>center</aligny>
                    <label>$INFO[ListItem.Label]</label>
                    <animation effect="fade" start="10" end="10" time="0" condition="true">Conditional</animation>
                </control>
            </itemlayout>

			<!-- FOCUSED LAYOUT NOT LOWERED -->
            <focusedlayout height="100" width="350">
                <control type="label">
                    <posx>405</posx>
                    <posy>21</posy>
                    <width>360</width><!-- width of word space -->
                    <height>40</height><!-- height of word space-->
                    <font>cirrus_50</font>
                    <textcolor>white</textcolor>
                    <align>center</align>
                    <aligny>center</aligny>
                    <label>$INFO[ListItem.Label]</label>
                </control>
                <control type="label">
                    <posx>405</posx>
                    <posy>21</posy>
                    <width>360</width><!-- width of word space -->
                    <height>40</height><!-- height of word space-->
                    <font>cirrus_50</font>
                    <textcolor>grey3</textcolor>
                    <align>center</align>
                    <aligny>center</aligny>
                    <label>$INFO[ListItem.Label]</label>
                    <animation effect="fade" start="10" end="10" time="0" condition="true">Conditional</animation>
                </control>
   			</focusedlayout>

			<content>
				<item id="6">
					<label>8</label>
					<onclick>ActivateWindow(Weather)</onclick>
					<icon>special://skin/backgrounds/weather.jpg</icon>
					<thumb>$INFO[Skin.String(Home_Custom_Back_Weather_Folder)]</thumb>
					<visible>!Skin.HasSetting(HomeMenuNoWeatherButton)</visible>
					<visible>!Skin.HasSetting(ShowWeatherFanart) | IsEmpty(Skin.String(WeatherFanartDir))</visible>
				</item>
				<item id="6">
					<label>8</label>
					<onclick>ActivateWindow(Weather)</onclick>
					<icon>special://skin/backgrounds/weather.jpg</icon>
					<thumb>$INFO[Skin.String(WeatherFanartDir)]$INFO[Weather.FanartCode]</thumb>
					<visible>!Skin.HasSetting(HomeMenuNoWeatherButton)</visible>
					<visible>Skin.HasSetting(ShowWeatherFanart) + !IsEmpty(Skin.String(WeatherFanartDir))</visible>
				</item>
				<item id="4">
					<label>1</label>
					<onclick>ActivateWindow(Pictures)</onclick>
					<icon>special://skin/backgrounds/pictures.jpg</icon>
					<thumb>$INFO[Skin.String(Home_Custom_Back_Pictures_Folder)]</thumb>
					<visible>!Skin.HasSetting(HomeMenuNoPicturesButton)</visible>
				</item>
				<item id="2">
					<label>3</label>
					<onclick>ActivateWindow(Videos)</onclick>
					<icon>special://skin/backgrounds/videos.jpg</icon>
					<thumb>$INFO[Skin.String(Home_Custom_Back_Video_Folder)]</thumb>
					<visible>!Skin.HasSetting(HomeMenuNoVideosButton) + ![Skin.HasSetting(HomeMenuNoMoviesButton) + Skin.HasSetting(HomeMenuNoTVShowsButton)]</visible>
				</item>
				<item id="2">
					<label>3</label>
					<onclick>ActivateWindow(VideoFiles)</onclick>
					<icon>special://skin/backgrounds/videos.jpg</icon>
					<thumb>$INFO[Skin.String(Home_Custom_Back_Video_Folder)]</thumb>
					<visible>!Skin.HasSetting(HomeMenuNoVideosButton) + [Skin.HasSetting(HomeMenuNoMoviesButton) + Skin.HasSetting(HomeMenuNoTVShowsButton)]</visible>
				</item>
				<item id="10">
					<label>20342</label>
					<onclick>ActivateWindow(VideoLibrary,MovieTitles,return)</onclick>
					<icon>special://skin/backgrounds/movies.jpg</icon>
					<thumb>$INFO[Skin.String(Home_Custom_Back_Movies_Folder)]</thumb>
					<visible>!Skin.HasSetting(HomeMenuNoMoviesButton) + Library.HasContent(Movies)</visible>
				</item>
				<item id="11">
					<label>20343</label>
					<onclick>ActivateWindow(VideoLibrary,TVShowTitles,return)</onclick>
					<icon>special://skin/backgrounds/tv_shows.jpg</icon>
					<thumb>$INFO[Skin.String(Home_Custom_Back_TVShow_Folder)]</thumb>
					<visible>!Skin.HasSetting(HomeMenuNoTVShowsButton) + Library.HasContent(TVShows)</visible>
				</item>
				<item id="3">
					<label>2</label>
					<onclick>ActivateWindow(Music)</onclick>
					<icon>special://skin/backgrounds/music.jpg</icon>
					<thumb>$INFO[Skin.String(Home_Custom_Back_Music_Folder)]</thumb>
					<visible>!Skin.HasSetting(HomeMenuNoMusicButton)</visible>
				</item>
				<item id="1">
					<label>0</label>
					<onclick>ActivateWindow(Programs,Addons,return)</onclick>
					<icon>special://skin/backgrounds/programs.jpg</icon>
					<thumb>$INFO[Skin.String(Home_Custom_Back_Programs_Folder)]</thumb>
					<visible>!Skin.HasSetting(HomeMenuNoProgramsButton)</visible>
				</item>
				<item id="5">
					<label>13000</label>
					<onclick>ActivateWindow(Settings)</onclick>
					<icon>special://skin/backgrounds/settings.jpg</icon>
					<thumb>$INFO[Skin.String(Home_Custom_Back_Settings_Folder)]</thumb>
				</item>
				<!-- CUSTOM HOME MENU ITEMS -->
				<item id="15">
					<description>Custom Movie One</description>
					<label>$INFO[Skin.String(Menu_Custom1_Label)]</label>
					<icon>special://skin/media/backgrounds/custom.jpg</icon>
					<thumb>$INFO[Skin.String(Menu_Custom1_Folder)]</thumb>
					<onclick>$INFO[Skin.String(Menu_Custom1_Path)]</onclick>
					<visible>Skin.HasSetting(Menu_Custom1)</visible>
				</item>
				<item id="16">
					<description>Custom Movie Two</description>
					<label>$INFO[Skin.String(Menu_Custom2_Label)]</label>
					<icon>special://skin/media/backgrounds/custom.jpg</icon>
					<thumb>$INFO[Skin.String(Menu_Custom2_Folder)]</thumb>
					<onclick>$INFO[Skin.String(Menu_Custom2_Path)]</onclick>
					<visible>Skin.HasSetting(Menu_Custom2)</visible>
				</item>
				<item id="17">
					<description>Custom Movie Three</description>
					<label>$INFO[Skin.String(Menu_Custom3_Label)]</label>
					<icon>special://skin/media/backgrounds/custom.jpg</icon>
					<thumb>$INFO[Skin.String(Menu_Custom3_Folder)]</thumb>
					<onclick>$INFO[Skin.String(Menu_Custom3_Path)]</onclick>
					<visible>Skin.HasSetting(Menu_Custom3)</visible>
				</item>
				<item id="22">
					<description>Custom Movie Seven</description>
					<label>$INFO[Skin.String(Menu_Custom7_Label)]</label>
					<icon>special://skin/media/backgrounds/custom.jpg</icon>
					<thumb>$INFO[Skin.String(Menu_Custom7_Folder)]</thumb>
					<onclick>$INFO[Skin.String(Menu_Custom7_Path)]</onclick>
					<visible>Skin.HasSetting(Menu_Custom7)</visible>
				</item>
				<item id="23">
					<description>Custom Movie Eight</description>
					<label>$INFO[Skin.String(Menu_Custom8_Label)]</label>
					<icon>special://skin/media/backgrounds/custom.jpg</icon>
					<thumb>$INFO[Skin.String(Menu_Custom8_Folder)]</thumb>
					<onclick>$INFO[Skin.String(Menu_Custom8_Path)]</onclick>
					<visible>Skin.HasSetting(Menu_Custom8)</visible>
				</item>
				<item id="19">
					<description>Custom Movie Four</description>
					<label>$INFO[Skin.String(Menu_Custom4_Label)]</label>
					<icon>special://skin/media/backgrounds/custom.jpg</icon>
					<thumb>$INFO[Skin.String(Menu_Custom4_Folder)]</thumb>
					<onclick>XBMC.ActivateWindow(10025,$INFO[Skin.String(Menu_Custom4_Path)],return)</onclick>
					<visible>Skin.HasSetting(Menu_Custom4)</visible>
				</item>
				<item id="20">
					<description>Custom Movie Five</description>
					<label>$INFO[Skin.String(Menu_Custom5_Label)]</label>
					<icon>special://skin/media/backgrounds/custom.jpg</icon>
					<thumb>$INFO[Skin.String(Menu_Custom5_Folder)]</thumb>
					<onclick>XBMC.ActivateWindow(10025,$INFO[Skin.String(Menu_Custom5_Path)],return)</onclick>
					<visible>Skin.HasSetting(Menu_Custom5)</visible>
				</item>
				<item id="21">
					<description>Custom Movie Six</description>
					<label>$INFO[Skin.String(Menu_Custom6_Label)]</label>
					<icon>special://skin/media/backgrounds/custom.jpg</icon>
					<thumb>$INFO[Skin.String(Menu_Custom6_Folder)]</thumb>
					<onclick>XBMC.ActivateWindow(10025,$INFO[Skin.String(Menu_Custom6_Path)],return)</onclick>
					<visible>Skin.HasSetting(Menu_Custom6)</visible>
				</item>
				<item id="24">
					<description>Custom Movie Nine</description>
					<label>$INFO[Skin.String(Menu_Custom9_Label)]</label>
					<icon>special://skin/media/backgrounds/custom.jpg</icon>
					<thumb>$INFO[Skin.String(Menu_Custom9_Folder)]</thumb>
					<onclick>XBMC.ActivateWindow(10025,$INFO[Skin.String(Menu_Custom9_Path)],return)</onclick>
					<visible>Skin.HasSetting(Menu_Custom9)</visible>
				</item>
				<item id="25">
					<description>Custom Movie TEn</description>
					<label>$INFO[Skin.String(Menu_Custom10_Label)]</label>
					<icon>special://skin/media/backgrounds/custom.jpg</icon>
					<thumb>$INFO[Skin.String(Menu_Custom10_Folder)]</thumb>
					<onclick>XBMC.ActivateWindow(10025,$INFO[Skin.String(Menu_Custom10_Path)],return)</onclick>
					<visible>Skin.HasSetting(Menu_Custom10)</visible>
				</item>
			</content>
		</control>
		 <control type="label">
		<animation effect="slide" end="1280,0" time="500" tween="quadratic" easing="out">WindowClose</animation>
		<animation effect="slide" start="1280,0" time="500" tween="quadratic" easing="out">WindowOpen</animation>
        <description>Date label</description>
        <posx>290</posx>
        <posy>100r</posy>
        <width>550</width>
        <height>28</height>
        <aligny>center</aligny>
        <font>cirrus_24</font>
        <textcolor>grey</textcolor>
        <shadowcolor>black</shadowcolor>
        <label>$INFO[System.Date]</label>
      </control>      
	</include>
</includes>