<window id="29">
  <defaultcontrol always="true">52</defaultcontrol>
  <allowoverlay>no</allowoverlay>
  <coordinates>
    <system>1</system>
    <posx>0</posx>
    <posy>0</posy>
  </coordinates>
  <controls>
    <control type="multiimage">
      <posx>0</posx>
      <posy>0</posy>
      <width>1280</width>
      <height>720</height>
      <imagepath fallback="special://skin/backgrounds/videos.jpg" background="true">$INFO[Skin.String(Home_Custom_Back_Video_Folder)]</imagepath>
      <timeperimage>10000</timeperimage>
      <randomize>true</randomize>
      <fadetime>1000</fadetime>
      <animation effect="fade" time="400">WindowClose</animation>
    </control>
    <control type="group">
      <include>Window_OpenClose_Animation</include>    
      <control type="image">
        <posx>0</posx>
        <posy>0</posy>
        <width>1280</width>
        <height>720</height>
        <texture border="20">black-back.png</texture>
      </control>
		  <control type="image">
			<posx>0</posx>
			<posy>120</posy>
			<width>1280</width>
			<height>480</height>
			<texture border="20">videoinfoback.png</texture>
			<aspectratio>stretch</aspectratio>
		  </control>
      <control type="image">
        <description>LOGO</description>
        <posx>50</posx>
        <posy>60r</posy>
        <width>140</width>
        <height>40</height>
        <texture>xbmc_logo_white.png</texture>
      </control>
      <control type="label">
        <posx>295</posx>
        <posy>100</posy>
        <width>690</width>
        <height>40</height>
        <font>font13caps</font>
        <textcolor>grey2</textcolor>
        <align>center</align>
        <aligny>center</aligny>
        <label>$LOCALIZE[31421]</label>
      </control>
      <control type="list" id="52">
        <posx>295</posx>
        <posy>170</posy>
        <width>690</width>
        <height>401</height>
        <onleft>20</onleft>
        <onright>20</onright>
        <onup>52</onup>
        <ondown>52</ondown>
        <viewtype label="535">list</viewtype>
        <pagecontrol>60</pagecontrol>
        <scrolltime>200</scrolltime>
        <itemlayout height="100" width="690">
          <control type="image">
            <posx>0</posx>
            <posy>0</posy>
            <width>690</width>
            <height>101</height>
            <texture border="0,5,0,5">menuitemNF.png</texture>
          </control>
          <control type="image">
            <posx>10</posx>
            <posy>10</posy>
            <width>80</width>
            <height>80</height>
            <texture>$INFO[ListItem.Icon]</texture>
          </control>
          <control type="label">
            <posx>110</posx>
            <posy>10</posy>
            <width>580</width>
            <height>40</height>
            <font>font24_title</font>
            <textcolor>grey2</textcolor>
            <selectedcolor>selected</selectedcolor>
            <align>left</align>
            <aligny>center</aligny>
            <label>$INFO[ListItem.Label]</label>
          </control>
          <control type="label">
            <posx>110</posx>
            <posy>50</posy>
            <width>580</width>
            <height>40</height>
            <font>font13</font>
            <textcolor>grey2</textcolor>
            <selectedcolor>selected</selectedcolor>
            <align>left</align>
            <aligny>center</aligny>
            <label>$INFO[ListItem.Label2]</label>
          </control>
        </itemlayout>
        <focusedlayout height="100" width="580">
          <control type="image">
            <posx>0</posx>
            <posy>0</posy>
            <width>690</width>
            <height>101</height>
            <texture border="0,5,0,5">menuitemNF.png</texture>
            <visible>!Control.HasFocus(52)</visible>
            <include>VisibleFadeEffect</include>
          </control>
          <control type="image">
            <posx>0</posx>
            <posy>0</posy>
            <width>690</width>
            <height>101</height>
            <texture border="0,5,0,5">menuitemFO.png</texture>
            <visible>Control.HasFocus(52)</visible>
            <include>VisibleFadeEffect</include>
          </control>
          <control type="image">
            <posx>10</posx>
            <posy>10</posy>
            <width>80</width>
            <height>80</height>
            <texture>$INFO[ListItem.Icon]</texture>
          </control>
          <control type="label">
            <posx>110</posx>
            <posy>10</posy>
            <width>580</width>
            <height>40</height>
            <font>font24_title</font>
            <textcolor>white</textcolor>
            <selectedcolor>selected</selectedcolor>
            <align>left</align>
            <aligny>center</aligny>
            <label>$INFO[ListItem.Label]</label>
          </control>
          <control type="label">
            <posx>110</posx>
            <posy>50</posy>
            <width>580</width>
            <height>40</height>
            <font>font13</font>
            <textcolor>grey2</textcolor>
            <selectedcolor>selected</selectedcolor>
            <align>left</align>
            <aligny>center</aligny>
            <label>$INFO[ListItem.Label2]</label>
          </control>
        </focusedlayout>
      </control>
      <control type="group">
        <posx>940</posx>
        <posy>600</posy>
        <control type="label">
          <posx>0</posx>
          <posy>0</posy>
          <width>580</width>
          <height>35</height>
          <font>font12caps</font>
          <textcolor>grey2</textcolor>
          <align>right</align>
          <aligny>center</aligny>
          <label>$LOCALIZE[31003]</label>
        </control>
        <control type="button" id="20">
          <description>Power push button</description>
          <posx>10</posx>
          <posy>0</posy>
          <width>40</width>
          <height>40</height>
          <label>-</label>
          <font>-</font>
          <aligny>-</aligny>
          <onclick>ActivateWindow(ShutdownMenu)</onclick>
          <texturefocus>home-power-FO.png</texturefocus>
          <texturenofocus>home-power.png</texturenofocus>
          <onleft>52</onleft>
          <onright>52</onright>
          <onup>52</onup>
          <ondown>52</ondown>
          <colordiffuse>CCFFFFFF</colordiffuse>
        </control>
        <control type="image">
          <posx>13</posx>
          <posy>3</posy>
          <width>30</width>
          <height>29</height>
          <texture>home-power-focus.gif</texture>
          <visible>Control.HasFocus(20)</visible>
        </control>
      </control>
    </control>
    <control type="group">
      <posx>400r</posx>
      <posy>0</posy>
      <animation effect="slide" start="0,0" end="400,0" delay="0" time="300">WindowClose</animation>
      <animation effect="slide" start="400,0" end="0,0" delay="0" time="300">WindowOpen</animation>
      <control type="label">
        <description>time label</description>
        <posx>30</posx>
        <posy>0</posy>
        <width>400</width>
        <height>28</height>
        <align>left</align>
        <aligny>center</aligny>
        <font>font12</font>
        <textcolor>white</textcolor>
        <shadowcolor>black</shadowcolor>
        <label>[COLOR=grey]$INFO[System.Date][/COLOR] | $INFO[System.Time]</label>
      </control>
    </control>
    <control type="group">
      <posx>0</posx>
      <posy>0</posy>
      <animation effect="slide" end="-270,0" time="400" tween="quadratic" easing="out">WindowClose</animation>
      <animation effect="slide" start="-270,0" time="400" tween="quadratic" easing="out">WindowOpen</animation>
      <control type="label">
        <include>WindowTitleCommons</include>
        <posx>180</posx>
        <label>$LOCALIZE[20096]</label>
      </control>
    </control>
  </controls>
</window>
