<window id="502">
	<defaultcontrol always="true">50</defaultcontrol>
	<allowoverlay>no</allowoverlay>
	<views>50,511,566,525</views>
	<controls>
		<include>CommonMusicBackground</include>
		<control type="group">
			<include>Window_OpenClose_Animation</include>		
			<control type="image">
				<posx>0</posx>
				<posy>0</posy>
				<width>1280</width>
				<height>720</height>
				<texture background="true">$INFO[ListItem.Property(Fanart_Image)]</texture>
				<include>backgroundfade</include>
				<fadetime>FanartCrossfadeTime</fadetime>
				<visible>!Skin.HasSetting(MusicLibraryFanart) + !IsEmpty(ListItem.Property(Fanart_Image))</visible>
			</control>
			<control type="image">
				<posx>0</posx>
				<posy>0</posy>
				<width>1280</width>
				<height>720</height>
				<texture background="true">$INFO[Fanart.Image]</texture>
				<include>backgroundfade</include>
				<fadetime>FanartCrossfadeTime</fadetime>
				<visible>!Skin.HasSetting(MusicLibraryFanart) + !IsEmpty(Fanart.Image)</visible>
			</control>
		</control>
		<include>CommonMediaPlayingBackground</include>
		<control type="group">
			<include>Window_OpenClose_Animation</include>		
			<control type="group">
				<include>VisibleFadeEffect</include>
				<visible>Control.IsVisible(50)</visible>
				<control type="image">
					<posx>0</posx>
					<posy>120</posy>
					<width>1280</width>
					<height>480</height>
					<texture border="20">videoinfoback.png</texture> <!-- background bar -->
				</control>
			</control>
		</control>
		<control type="group">
			<include>Window_OpenClose_Animation</include>		
			<include>CommonRootView</include> <!-- view id = 50 -->
			<include>MusicVideoInfoListView</include> <!-- view id = 511 -->
			<include>RightMusicView</include> <!-- view id = 566 -->
			<include>MusicWallView</include> <!-- view id = 525 -->
		</control>
		<include>CommonPageCount</include>
		<include>BehindDialogFadeOut</include>
		<include>ScrollOffsetLabel</include>
		<control type="group">
			<animation effect="slide" start="0,0" end="250,0" time="400" tween="quadratic" easing="out" condition="ControlGroup(9000).HasFocus | ControlGroup(9001).HasFocus | Control.HasFocus(8999)">Conditional</animation>
			<animation effect="slide" start="0,0" end="-250,0" time="400" tween="quadratic" easing="out" condition="ControlGroup(9000).HasFocus | ControlGroup(9001).HasFocus">WindowClose</animation>
			  <control type="group">
				<animation effect="slide" end="-228,0" time="300" tween="quadratic" easing="out">WindowClose</animation>
				<control type="image">
				  <posx>0</posx>
				  <posy>0</posy>
				  <width>1</width>
				  <height>720</height>
				   <texture>blackgradient.png</texture>
				  <animation effect="zoom" start="0,0,1,720" end="0,0,229,720" time="300" tween="quadratic" easing="out" condition="Control.HasFocus(98) | ControlGroup(9001).HasFocus">Conditional</animation>
				</control>
			<!-- below is edge of flyout menu -->
				<control type="image">
				  <posx>1</posx>
				  <posy>0</posy>
				  <width>12</width>
				  <height>720</height>
				  <texture>blackgradient.png</texture> 
				  <animation effect="slide" end="228,0" time="300" tween="quadratic" easing="out" condition="Control.HasFocus(98) | ControlGroup(9001).HasFocus">Conditional</animation>
				</control>
			  </control>
			<control type="button" id="8999">
				<description>Fake button for mouse control</description>
				<posx>-250</posx>
				<posy>0</posy>
				<width>265</width>
				<height>720</height>
				<label>-</label>
				<font>-</font>
				<texturenofocus>-</texturenofocus>
				<texturefocus>-</texturefocus>
				<visible>true</visible>
			</control>
			<!-- ======================================== -->
			<!-- ANDREW HERE IS THE SUBMENU BACKGROUND !! -->
			<!-- ======================================== -->
			<control type="image">
				<posx>-820</posx>
				<posy>0</posy>
				<width>820</width>
				<height>720</height>
				<texture>submenuback.png</texture>
			</control>
			<control type="image">
				<description>VIEW OPTIONS TEXT</description>
				<posx>-230</posx>
				<posy>100</posy>
				<width>220</width>
				<height>80</height>
				<aspectratio>keep</aspectratio>
				<texture>viewoptions.png</texture>
			</control>
			<!-- MENU ITEMS BELOW -->
			<control type="group" id="9000">
				<posx>-250</posx>
				<posy>180</posy>
				<!-- <include>CommonNowPlaying</include> -->
				<control type="button" id="2">
					<description>View As button</description>
					<posx>0</posx>
					<posy>0</posy>
					<include>ButtonCommonValues</include>
					<label>-</label>
					<onleft>50</onleft>
					<onright>50</onright>
					<onup>8</onup>
					<ondown>3</ondown>
				</control>
				<control type="button" id="3">
					<description>Sort by button</description>
					<posx>0</posx>
					<posy>40</posy>
					<include>ButtonCommonValues</include>
					<label>103</label>
					<onleft>50</onleft>
					<onright>4</onright>
					<onup>2</onup>
					<ondown>99</ondown>
				</control>
				<control type="togglebutton" id="4">
					<description>Sort asc</description>
					<posx>220</posx>
					<posy>53</posy>
					<label>-</label>
					<onleft>3</onleft>
					<onright>50</onright>
					<onup>2</onup>
					<ondown>99</ondown>
				</control>
				<control type="radiobutton" id="99">
					<description>Library button</description>
					<posx>0</posx>
					<posy>80</posy>
					<label>$LOCALIZE[29800]</label>
					<onclick>ReplaceWindow(MusicFiles)</onclick>
					<selected>Window.IsVisible(MusicLibrary)</selected>
					<include>ButtonCommonValues</include>
					<onleft>50</onleft>
					<onright>50</onright>
					<onup>3</onup>
					<ondown>16</ondown>
				</control>
				<control type="radiobutton" id="16">
					<description>PartyMode</description>
					<posx>0</posx>
					<posy>120</posy>
					<label>589</label>
					<include>ButtonCommonValues</include>
					<onleft>50</onleft>
					<onright>50</onright>
					<onup>99</onup>
					<ondown>19</ondown>
				</control>
				<control type="radiobutton" id="19">
					<description>Filter</description>
					<posx>0</posx>
					<posy>160</posy>
					<include>ButtonCommonValues</include>
					<label>587</label>
					<onleft>50</onleft>
					<onright>50</onright>
					<onup>16</onup>
					<ondown>201</ondown>
				</control>
				<control type="radiobutton" id="201">
					<description>Toggle Fanart</description>
					<posx>0</posx>
					<posy>200</posy>
					<include>ButtonCommonValues</include>
					<label>31307</label>
					<onclick>Skin.ToggleSetting(MusicLibraryFanart)</onclick>
					<selected>Skin.HasSetting(MusicLibraryFanart)</selected>
					<onleft>50</onleft>
					<onright>50</onright>
					<onup>19</onup>
					<ondown>8</ondown>
				</control>
				<control type="button" id="8">
					<description>Search</description>
					<posx>0</posx>
					<posy>240</posy>
					<include>ButtonCommonValues</include>
					<label>137</label>
					<onleft>50</onleft>
					<onright>50</onright>
					<onup>201</onup>
					<ondown>2</ondown>
				</control>
			</control>
		</control>
<!-- END OF SUBMENU (I THINK) -->
		<control type="group">
			  <posx>20</posx>
			  <posy>100</posy>
			<visible>Container.Content(MusicVideos)</visible>
			<include>VisibleFadeEffect</include>
			<animation effect="slide" end="-510,0" time="400" tween="quadratic" easing="out">WindowClose</animation>
			<animation effect="slide" start="-510,0" time="400" tween="quadratic" easing="out">WindowOpen</animation>
			<control type="label">
				<include>WindowTVShowTitleCommons</include>
				<posx>0</posx>
				<label>$LOCALIZE[20389]</label>
			</control>
		</control>
		<control type="group">
			  <posx>20</posx>
			  <posy>100</posy>
			<visible>Container.Content(Artists)</visible>
			<include>VisibleFadeEffect</include>
			<animation effect="slide" end="-510,0" time="400" tween="quadratic" easing="out">WindowClose</animation>
			<animation effect="slide" start="-510,0" time="400" tween="quadratic" easing="out">WindowOpen</animation>
			<control type="label">
				<include>WindowTVShowTitleCommons</include>
				<posx>0</posx>
				<label>$LOCALIZE[133]</label>
			</control>
		</control>
		<control type="group">
			  <posx>20</posx>
			  <posy>100</posy>
			<visible>Container.Content(Songs)</visible>
			<include>VisibleFadeEffect</include>
			<animation effect="slide" end="-510,0" time="400" tween="quadratic" easing="out">WindowClose</animation>
			<animation effect="slide" start="-510,0" time="400" tween="quadratic" easing="out">WindowOpen</animation>
			<control type="label">
				<include>WindowTVShowTitleCommons</include>
				<posx>0</posx>
				<label>$LOCALIZE[134]</label>
			</control>
		</control>
		<control type="group">
			  <posx>20</posx>
			  <posy>100</posy>
			<visible>Container.Content(Albums)</visible>
			<include>VisibleFadeEffect</include>
			<animation effect="slide" end="-510,0" time="400" tween="quadratic" easing="out">WindowClose</animation>
			<animation effect="slide" start="-510,0" time="400" tween="quadratic" easing="out">WindowOpen</animation>
			<control type="label">
				<include>WindowTVShowTitleCommons</include>
				<posx>0</posx>
				<label>$LOCALIZE[132]</label>
			</control>
		</control>
		<control type="group">
			<posx>20</posx>
			<posy>50</posy>
			<animation effect="slide" end="-310,0" time="400" tween="quadratic" easing="out">WindowClose</animation>
			<animation effect="slide" start="-310,0" time="400" tween="quadratic" easing="out">WindowOpen</animation>
			<control type="label">
				<include>WindowTitleCommons</include>
				<posx>0</posx>
				<label>$LOCALIZE[10516]</label>
			</control>
		</control>
		<include>Clock</include>
	</controls>
</window>
