<window id="503">
  <defaultcontrol allways="true">6</defaultcontrol>
  <allowoverlay>no</allowoverlay>
  <controls>
    <include>CommonMusicBackground</include>
    <include>CommonMediaPlayingBackground</include>
    <control type="group">
      <posy>25</posy>
      <include>Window_OpenClose_Animation</include>
      <control type="image">
        <posx>480</posx>
        <posy>0</posy>
        <width>320</width>
        <height>720</height>
        <texture>black-back.png</texture>
      </control>
      <control type="label"> <!-- CURRENT SELECTED -->
        <posx>475</posx>
        <posy>45</posy>
        <width>330</width>
        <height>30</height>
        <font>cirrus_30</font>
        <textcolor>orange</textcolor>
        <scroll>true</scroll>
        <align>center</align>
        <aligny>center</aligny>
        <label>$LOCALIZE[31061]</label>
      </control>
      <control type="group" id="9000">
        <posx>475</posx>
        <posy>550</posy>
        <control type="button" id="6">
          <description>Open Button</description>
          <posx>0</posx>
          <posy>0</posy>
          <width>330</width>
          <label>31055</label>
          <align>center</align>
          <include>ButtonHomeSubCommonValues</include>
          <onleft>50</onleft>
          <onright>100</onright>
          <onup>8</onup>
          <ondown>7</ondown>
        </control>
        <control type="button" id="7">
          <description>Save Button</description>
          <posx>0</posx>
          <posy>40</posy>
          <width>330</width>
          <label>31056</label>
          <align>center</align>
          <include>ButtonHomeSubCommonValues</include>
          <onleft>50</onleft>
          <onright>100</onright>
          <onup>6</onup>
          <ondown>8</ondown>
        </control>
        <control type="button" id="8">
          <description>Clear button</description>
          <posx>0</posx>
          <posy>80</posy>
          <width>330</width>
          <label>31057</label>
          <align>center</align>
          <include>ButtonHomeSubCommonValues</include>
          <onleft>50</onleft>
          <onright>100</onright>
          <onup>7</onup>
          <ondown>6</ondown>
        </control>
      </control>
      <control type="group">
        <visible>Control.HasFocus(50)</visible>
        <include>VisibleFadeEffect</include>
        <control type="image">
          <posx>480</posx>
          <posy>90</posy>
          <width>320</width>
          <height>200</height>
          <aspectratio>keep</aspectratio>
          <texture>$INFO[Container(50).ListItem.Icon]</texture>
        </control>
        <control type="textbox">
          <posx>480</posx>
          <posy>300</posy>
          <width>320</width>
          <height>220</height>
          <font>cirrus_20</font>
          <align>center</align>
          <textcolor>white</textcolor>
          <shadowcolor>black</shadowcolor>
          <pagecontrol>-</pagecontrol>
          <label>$INFO[Container(50).ListItem.Title,[COLOR=orange]$LOCALIZE[556]:[/COLOR] ,[CR]]$INFO[Container(50).ListItem.Artist,[COLOR=orange]$LOCALIZE[557]:[/COLOR] ,[CR]]$INFO[Container(50).ListItem.Album,[COLOR=orange]$LOCALIZE[558]:[/COLOR] ,[CR]]$INFO[Container(50).ListItem.Duration,[COLOR=orange]$LOCALIZE[555]:[/COLOR] ,[CR]]$INFO[Container(50).ListItem.TrackNumber,[COLOR=orange]$LOCALIZE[554]:[/COLOR] ,[CR]]$INFO[Container(50).ListItem.Genre,[COLOR=orange]$LOCALIZE[515]:[/COLOR] ,[CR]]</label>
        </control>
      </control>
      <control type="group">
        <visible>Control.HasFocus(100)</visible>
        <include>VisibleFadeEffect</include>
        <control type="image">
          <posx>465</posx>
          <posy>90</posy>
          <width>350</width>
          <height>200</height>
          <aspectratio>keep</aspectratio>
          <texture>$INFO[Container(100).ListItem.Icon]</texture>
        </control>
        <control type="textbox">
          <posx>465</posx>
          <posy>300</posy>
          <width>350</width>
          <height>220</height>
          <font>cirrus_20</font>
          <align>center</align>
          <textcolor>white</textcolor>
          <shadowcolor>black</shadowcolor>
          <pagecontrol>-</pagecontrol>
          <label>$INFO[Container(100).ListItem.Title,[COLOR=orange]$LOCALIZE[556]:[/COLOR] ,[CR]]$INFO[Container(100).ListItem.Artist,[COLOR=orange]$LOCALIZE[557]:[/COLOR] ,[CR]]$INFO[Container(100).ListItem.Album,[COLOR=orange]$LOCALIZE[558]:[/COLOR] ,[CR]]$INFO[Container(100).ListItem.Duration,[COLOR=orange]$LOCALIZE[555]:[/COLOR] ,[CR]]$INFO[Container(100).ListItem.TrackNumber,[COLOR=orange]$LOCALIZE[554]:[/COLOR] ,[CR]]$INFO[Container(100).ListItem.Genre,[COLOR=orange]$LOCALIZE[515]:[/COLOR] ,[CR]]</label>
        </control>
      </control>
    </control>
    <control type="group">
      <animation effect="slide" start="-480,0" end="0,0" time="500" tween="quadratic" easing="out">WindowOpen</animation>
      <animation effect="slide" end="-480,0" start="0,0" time="500" tween="quadratic" easing="out">WindowClose</animation>
      <control type="image">
        <posx>0</posx>
        <posy>0</posy>
        <width>480</width>
        <height>720</height>
        <texture flipx="true">homesubbackground.png</texture>
      </control>
      <control type="label">
        <posx>30</posx>
        <posy>70</posy>
        <width>410</width>
        <height>30</height>
        <font>cirrus_30</font>
        <textcolor>white</textcolor>
        <scroll>true</scroll>
        <align>left</align>
        <aligny>center</aligny>
        <label>31058</label>
      </control>
      <control type="label">
        <description>number of files/pages in left list text label</description>
        <posx>30</posx>
        <posy>38r</posy>
        <width>410</width>
        <font>font12</font>
        <align>left</align>
        <scroll>true</scroll>
        <textcolor>orange</textcolor>
        <shadowcolor>black</shadowcolor>
        <label>($INFO[Container(50).NumItems]) $LOCALIZE[31025] - $LOCALIZE[31024] ($INFO[Container(50).CurrentPage]/$INFO[Container(50).NumPages])</label>
      </control>
      <control type="scrollbar" id="30">
        <posx>20</posx>
        <posy>100</posy>
        <width>25</width>
        <height>540</height>
        <texturesliderbackground border="0,14,0,14">ScrollBarV.png</texturesliderbackground>
        <texturesliderbar border="0,14,0,14">ScrollBarV_bar.png</texturesliderbar>
        <texturesliderbarfocus border="0,14,0,14">ScrollBarV_bar_focus.png</texturesliderbarfocus>
        <textureslidernib>ScrollBarNib.png</textureslidernib>
        <textureslidernibfocus>ScrollBarNib.png</textureslidernibfocus>
        <onleft>31</onleft>
        <onright>50</onright>
        <showonepage>false</showonepage>
        <orientation>vertical</orientation>
      </control>
      <control type="list" id="50">
        <posx>30</posx>
        <posy>110</posy>
        <width>400</width>
        <height>540</height>
        <onleft>30</onleft>
        <onright>9000</onright>
        <onup>50</onup>
        <ondown>50</ondown>
        <viewtype label="">list</viewtype>
        <pagecontrol>30</pagecontrol>
        <scrolltime>200</scrolltime>
        <itemlayout height="30" width="400">
          <control type="label">
            <posx>5</posx>
            <posy>0</posy>
            <width>380</width>
            <height>30</height>
            <font>cirrus_16</font>
            <textcolor>grey2</textcolor>
            <selectedcolor>selected</selectedcolor>
            <align>left</align>
            <aligny>center</aligny>
            <info>ListItem.Label</info>
          </control>
          <control type="label">
            <posx>395</posx>
            <posy>0</posy>
            <width>360</width>
            <height>30</height>
            <font>cirrus_16</font>
            <textcolor>grey2</textcolor>
            <selectedcolor>selected</selectedcolor>
            <align>right</align>
            <aligny>center</aligny>
            <info>ListItem.Label2</info>
          </control>
        </itemlayout>
        <focusedlayout height="30" width="400">
          <control type="image">
            <posx>0</posx>
            <posy>0</posy>
            <width>400</width>
            <height>30</height>
            <texture border="7" flipx="true">listfilemanagerFO.png</texture>
            <visible>Control.HasFocus(50)</visible>
            <include>VisibleFadeEffect</include>
          </control>
          <control type="label">
            <posx>5</posx>
            <posy>0</posy>
            <width>380</width>
            <height>30</height>
            <font>cirrus_16</font>
            <textcolor>white</textcolor>
            <selectedcolor>selected</selectedcolor>
            <align>left</align>
            <aligny>center</aligny>
            <info>ListItem.Label</info>
          </control>
          <control type="label">
            <posx>395</posx>
            <posy>0</posy>
            <width>360</width>
            <height>30</height>
            <font>cirrus_16</font>
            <textcolor>white</textcolor>
            <selectedcolor>selected</selectedcolor>
            <align>right</align>
            <aligny>center</aligny>
            <info>ListItem.Label2</info>
          </control>
        </focusedlayout>
      </control>
    </control>
    <control type="group">
      <animation effect="slide" start="480,0" end="0,0" time="500" tween="quadratic" easing="out">WindowOpen</animation>
      <animation effect="slide" end="480,0" start="0,0" time="500" tween="quadratic" easing="out">WindowClose</animation>
      <posx>800</posx>
      <control type="image">
        <posx>0</posx>
        <posy>0</posy>
        <width>480</width>
        <height>720</height>
        <texture flipx="true">homesubbackground.png</texture>
      </control>
      <control type="label">
        <posx>440</posx>
        <posy>70</posy>
        <width>410</width>
        <height>30</height>
        <font>cirrus_30</font>
        <textcolor>white</textcolor>
        <scroll>true</scroll>
        <align>right</align>
        <aligny>center</aligny>
        <label>31059</label>
      </control>
      <control type="label">
        <description>Page Count Label</description>
        <posx>440</posx>
        <posy>38r</posy>
        <width>300</width>
        <height>20</height>
        <font>font12</font>
        <textcolor>orange</textcolor>
        <scroll>false</scroll>
        <align>right</align>
        <aligny>center</aligny>
        <label>($INFO[Container(100).NumItems]) $LOCALIZE[31025] - $LOCALIZE[31024] ($INFO[Container(100).CurrentPage]/$INFO[Container(100).NumPages])</label>
      </control>
      <control type="scrollbar" id="31">
        <posx>430</posx>
        <posy>100</posy>
        <width>25</width>
        <height>550</height>
        <texturesliderbackground border="0,14,0,14">ScrollBarV.png</texturesliderbackground>
        <texturesliderbar border="0,14,0,14">ScrollBarV_bar.png</texturesliderbar>
        <texturesliderbarfocus border="0,14,0,14">ScrollBarV_bar_focus.png</texturesliderbarfocus>
        <textureslidernib>ScrollBarNib.png</textureslidernib>
        <textureslidernibfocus>ScrollBarNib.png</textureslidernibfocus>
        <onleft>100</onleft>
        <onright>30</onright>
        <showonepage>false</showonepage>
        <orientation>vertical</orientation>
      </control>
      <control type="list" id="100">
        <posx>20</posx>
        <posy>100</posy>
        <width>400</width>
        <height>550</height>
        <onleft>9000</onleft>
        <onright>31</onright>
        <onup>100</onup>
        <ondown>100</ondown>
        <viewtype label="">list</viewtype>
        <pagecontrol>31</pagecontrol>
        <scrolltime>200</scrolltime>
        <itemlayout height="30" width="400">
          <control type="label">
            <posx>5</posx>
            <posy>0</posy>
            <width>380</width>
            <height>30</height>
            <font>cirrus_16</font>
            <textcolor>grey2</textcolor>
            <selectedcolor>selected</selectedcolor>
            <align>left</align>
            <aligny>center</aligny>
            <info>ListItem.Label</info>
          </control>
          <control type="label">
            <posx>395</posx>
            <posy>0</posy>
            <width>360</width>
            <height>30</height>
            <font>cirrus_16</font>
            <textcolor>grey2</textcolor>
            <selectedcolor>selected</selectedcolor>
            <align>right</align>
            <aligny>center</aligny>
            <info>ListItem.Label2</info>
          </control>
        </itemlayout>
        <focusedlayout height="30" width="400">
          <control type="image">
            <posx>0</posx>
            <posy>0</posy>
            <width>400</width>
            <height>30</height>
            <texture border="7">listfilemanagerFO.png</texture>
            <visible>Control.HasFocus(100)</visible>
            <include>VisibleFadeEffect</include>
          </control>
          <control type="label">
            <posx>5</posx>
            <posy>0</posy>
            <width>380</width>
            <height>30</height>
            <font>cirrus_16</font>
            <textcolor>white</textcolor>
            <selectedcolor>selected</selectedcolor>
            <align>left</align>
            <aligny>center</aligny>
            <info>ListItem.Label</info>
          </control>
          <control type="label">
            <posx>395</posx>
            <posy>0</posy>
            <width>360</width>
            <height>30</height>
            <font>cirrus_16</font>
            <textcolor>white</textcolor>
            <selectedcolor>selected</selectedcolor>
            <align>right</align>
            <aligny>center</aligny>
            <info>ListItem.Label2</info>
          </control>
        </focusedlayout>
      </control>
    </control>
    <control type="group">
      <posx>60</posx>
      <posy>0</posy>
      <animation effect="slide" end="-310,0" time="400" tween="quadratic" easing="out">WindowClose</animation>
      <animation effect="slide" start="-310,0" time="400" tween="quadratic" easing="out">WindowOpen</animation>
      <control type="label">
        <include>WindowTitleCommons</include>
        <posx>220</posx>
        <label>$LOCALIZE[10503]</label>
      </control>
    </control>
    <include>Clock</include>
  </controls>
</window>
