<window id="501">
  <defaultcontrol always="true">50</defaultcontrol>
  <allowoverlay>no</allowoverlay>
  <views>50,566</views>
  <controls>
    <include>CommonMusicBackground</include>
    <include>CommonMediaPlayingBackground</include>
    <control type="group">
      <include>Window_OpenClose_Animation</include>    
      <control type="image">
        <posx>0</posx>
        <posy>0</posy>
        <width>1280</width>
        <height>720</height>
        <texture border="20">black-back.png</texture>
        <include>VisibleFadeEffect</include>
        <visible>Control.IsVisible(50)</visible>
      </control>
      <control type="group">
        <include>VisibleFadeEffect</include>
        <visible>Control.IsVisible(50)</visible>
		<control type="image">
			<posx>0</posx>
			<posy>120</posy>
			<width>1280</width>
			<height>480</height>
			<texture border="20">videoinfoback.png</texture> <!-- background bar -->
		</control>
      </control>
    </control>
    <control type="group">
      <include>Window_OpenClose_Animation</include>    
      <include>CommonRootView</include> <!-- view id = 50 -->
	  <include>RightMusicView</include>
    </control>
    <include>CommonPageCount</include>
    <include>BehindDialogFadeOut</include>
    <include>ScrollOffsetLabel</include>
    <control type="group">
      <animation effect="slide" start="0,0" end="250,0" time="400" tween="quadratic" easing="out" condition="ControlGroup(9000).HasFocus | Control.HasFocus(8999)">Conditional</animation>
      <animation effect="slide" start="0,0" end="-250,0" time="400" tween="quadratic" easing="out" condition="ControlGroup(9000).HasFocus | Control.HasFocus(8999)">WindowClose</animation>
      <control type="button" id="8999">
        <description>Fake button for mouse control</description>
        <posx>-250</posx>
        <posy>0</posy>
        <width>265</width>
        <height>720</height>
        <label>-</label>
        <font>-</font>
        <texturenofocus>-</texturenofocus>
        <texturefocus>-</texturefocus>
        <visible>true</visible>
      </control>
      <include>SideBladeLeft</include>
      <control type="image">
        <description>LOGO</description>
        <posx>-230</posx>
        <posy>50</posy>
        <width>220</width>
        <height>80</height>
        <aspectratio>keep</aspectratio>
        <texture>viewoptions.png</texture>
      </control>
      <control type="group" id="9000">
        <posx>-250</posx>
        <posy>130</posy>
        <control type="button" id="2">
          <description>View As button</description>
          <posx>0</posx>
          <posy>0</posy>
          <include>ButtonCommonValues</include>
          <label>-</label>
          <onleft>50</onleft>
          <onright>50</onright>
          <onup>611</onup>
          <ondown>3</ondown>
        </control>
        <control type="button" id="3">
          <description>Sort by button</description>
          <posx>0</posx>
          <posy>40</posy>
          <include>ButtonCommonValues</include>
          <label>103</label>
          <onleft>50</onleft>
          <onright>4</onright>
          <onup>2</onup>
          <ondown>99</ondown>
        </control>
        <control type="togglebutton" id="4">
          <description>Sort asc</description>
          <posx>220</posx>
          <posy>53</posy>
          <label>-</label>
          <onleft>3</onleft>
          <onright>50</onright>
          <onup>2</onup>
          <ondown>99</ondown>
        </control>
        <control type="radiobutton" id="99">
          <description>Library button</description>
          <posx>0</posx>
          <posy>80</posy>
          <label>$LOCALIZE[29800]</label>
          <onclick>ReplaceWindow(MusicLibrary)</onclick>
          <selected>Window.IsVisible(MusicLibrary)</selected>
          <include>ButtonCommonValues</include>
          <onleft>50</onleft>
          <onright>50</onright>
          <onup>3</onup>
          <ondown>610</ondown>
          <enable>Library.HasContent(Music)</enable>
        </control>
      </control>
    </control>
    <control type="group">
      <posx>20</posx>
      <posy>50</posy>
      <animation effect="slide" end="-310,0" time="400" tween="quadratic" easing="out">WindowClose</animation>
      <animation effect="slide" start="-310,0" time="400" tween="quadratic" easing="out">WindowOpen</animation>
      <control type="label">
        <include>WindowTitleCommons</include>
        <posx>0</posx>
        <label>$LOCALIZE[31022]</label>
      </control>
    </control>
    <include>Clock</include>
  </controls>
</window>
