<window id="2">
  <defaultcontrol always="true">50</defaultcontrol>
  <allowoverlay>no</allowoverlay>
  <views>50,500,511,510</views>
  <controls>
    <include>CommonPictureBackground</include>
    <include>CommonMediaPlayingBackground</include>
    <control type="group">
      <include>Window_OpenClose_Animation</include>    
      <control type="image">
        <posx>0</posx>
        <posy>-5</posy>
        <width>1280</width>
        <height>725</height>
        <texture border="0.5.0.0">videoinfoback.png</texture>
        <include>VisibleFadeEffect</include>
        <visible>Control.IsVisible(511)</visible>
      </control>
      <control type="image">
        <posx>0</posx>
        <posy>0</posy>
        <width>1280</width>
        <height>600</height>
        <texture background="true">$INFO[ListItem.FilenameAndPath]</texture>
        <fadetime>1000</fadetime>
        <aspectratio>keep</aspectratio>
        <include>VisibleFadeEffect</include>
        <visible>Control.IsVisible(510)</visible>
      </control>
      <control type="image">
        <posx>0</posx>
        <posy>0</posy>
        <width>1280</width>
        <height>720</height>
        <texture border="20">black-back.png</texture>
        <include>VisibleFadeEffect</include>
        <visible>Control.IsVisible(50)</visible>
      </control>
	  <control type="image">
        <posx>0</posx>
        <posy>0</posy>
        <width>1280</width>
        <height>720</height>
        <texture border="20">black-back.png</texture>
        <include>VisibleFadeEffect</include>
        <visible>Control.IsVisible(500)</visible>
      </control>
      <control type="group">
        <include>VisibleFadeEffect</include>
        <visible>Control.IsVisible(50)</visible>
      <control type="image">
      <posx>0</posx>
      <posy>120</posy>
      <width>1280</width>
      <height>480</height>
      <texture border="20">videoinfoback.png</texture>
      </control>
      </control>
    </control>
    <control type="group">
      <include>Window_OpenClose_Animation</include>    
      <include>CommonRootView</include> <!-- view id = 50 -->
      <include>PictureThumbView</include> <!-- view id = 511 -->
	  <include>PictureWrapView</include>  <!-- view id = 510 -->
	  <include>ThumbnailView</include> 

    </control>
    <include>CommonPageCount</include>
    <include>BehindDialogFadeOut</include>
    <include>ScrollOffsetLabel</include>
    <control type="group">
      <animation effect="slide" start="0,0" end="250,0" time="400" tween="quadratic" easing="out" condition="ControlGroup(9000).HasFocus | Control.HasFocus(8999)">Conditional</animation>
      <animation effect="slide" start="0,0" end="-250,0" time="400" tween="quadratic" easing="out" condition="ControlGroup(9000).HasFocus | Control.HasFocus(8999)">WindowClose</animation>
    <control type="image">
      <posx>0</posx>
      <posy>0</posy>
      <width>1</width>
      <height>720</height>
      <texture>blackgradient.png</texture>
      <animation effect="zoom" start="0,0,1,720" end="0,0,229,720" time="300" tween="quadratic" easing="out" condition="Control.HasFocus(98) | ControlGroup(9001).HasFocus">Conditional</animation>
    </control>
    <include>SideBladeLeft</include>
    <control type="image">
      <description>VIEW OPTIONS TEXT</description>
      <posx>-230</posx>
      <posy>50</posy>
      <width>220</width>
    <height>80</height>
    <aspectratio>keep</aspectratio>
    <texture>viewoptions.png</texture>
    </control>
      <control type="group" id="9000">
        <posx>-250</posx>
        <posy>130</posy>
        <include>CommonNowPlaying</include>
        <control type="button" id="2">
          <description>View As button</description>
          <posx>0</posx>
          <posy>0</posy>
          <include>ButtonCommonValues</include>
          <label>-</label>
          <onleft>50</onleft>
          <onright>50</onright>
          <onup>611</onup>
          <ondown>3</ondown>
        </control>
        <control type="button" id="3">
          <description>Sort by button</description>
          <posx>0</posx>
          <posy>40</posy>
          <include>ButtonCommonValues</include>
          <label>103</label>
          <onleft>50</onleft>
          <onright>4</onright>
          <onup>2</onup>
          <ondown>6</ondown>
        </control>
        <control type="togglebutton" id="4">
          <description>Sort asc</description>
          <posx>220</posx>
          <posy>53</posy>
          <label>-</label>
          <onleft>3</onleft>
          <onright>50</onright>
          <onup>2</onup>
          <ondown>6</ondown>
        </control>
        <control type="button" id="6">
          <description>Slideshow</description>
          <posx>0</posx>
          <posy>80</posy>
          <include>ButtonCommonValues</include>
          <label>108</label>
          <onleft>50</onleft>
          <onright>50</onright>
          <onup>3</onup>
          <ondown>7</ondown>
        </control>
        <control type="button" id="7">
          <description>Recersive Slideshow</description>
          <posx>0</posx>
          <posy>120</posy>
          <include>ButtonCommonValues</include>
          <label>361</label>
          <onleft>50</onleft>
          <onright>50</onright>
          <onup>6</onup>
          <ondown>9</ondown>
        </control>
        <control type="radiobutton" id="9">
          <description>Randomize Toggle</description>
          <posx>0</posx>
          <posy>160</posy>
          <include>ButtonCommonValues</include>
          <label>13319</label>
          <onleft>50</onleft>
          <onright>50</onright>
          <onup>7</onup>
          <ondown>610</ondown>
        </control>
      </control>
    </control>
    <control type="group">
      <posx>20</posx>
      <posy>50</posy>
      <animation effect="slide" end="-310,0" time="400" tween="quadratic" easing="out">WindowClose</animation>
      <animation effect="slide" start="-310,0" time="400" tween="quadratic" easing="out">WindowOpen</animation>
      <control type="label">
        <include>WindowTitleCommons</include>
        <posx>0</posx>
        <label>$LOCALIZE[1]</label>
      </control>
    </control>
    <include>Clock</include>
  </controls>
</window>
