<window id="20">
  <defaultcontrol always="true">50</defaultcontrol>
  <allowoverlay>no</allowoverlay>
  <views>50</views>
  <controls>
    <include>CommonScriptBackground</include>
    <include>CommonMediaPlayingBackground</include>
    <control type="group">
      <include>Window_OpenClose_Animation</include>    
      <control type="image">
        <posx>0</posx>
        <posy>0</posy>
        <width>1280</width>
        <height>720</height>
        <texture border="20">black-back.png</texture>
        <include>VisibleFadeEffect</include>
      </control>
      <control type="group">
        <include>VisibleFadeEffect</include>
        <visible>Control.IsVisible(50)</visible>
		  <control type="image">
			<posx>0</posx>
			<posy>120</posy>
			<width>1280</width>
			<height>480</height>
			<texture border="20">videoinfoback.png</texture>
			<aspectratio>stretch</aspectratio>
		  </control>
      </control>
    </control>
    <control type="group">
      <include>Window_OpenClose_Animation</include>    
      <include>CommonRootView</include> <!-- view id = 50 -->
    </control>
    <include>CommonPageCount</include>
    <include>BehindDialogFadeOut</include>
    <include>ScrollOffsetLabel</include>
    <control type="group">
      <animation effect="slide" start="0,0" end="250,0" time="400" tween="quadratic" easing="out" condition="ControlGroup(9000).HasFocus | Control.HasFocus(8999)">Conditional</animation>
      <animation effect="slide" start="0,0" end="-250,0" time="400" tween="quadratic" easing="out" condition="ControlGroup(9000).HasFocus | Control.HasFocus(8999)">WindowClose</animation>
      <control type="button" id="8999">
        <description>Fake button for mouse control</description>
        <posx>-250</posx>
        <posy>0</posy>
        <width>265</width>
        <height>720</height>
        <label>-</label>
        <font>-</font>
        <texturenofocus>-</texturenofocus>
        <texturefocus>-</texturefocus>
        <visible>true</visible>
      </control>
      <include>SideBladeLeft</include>
      <control type="group" id="9000">
        <posx>-250</posx>
        <posy>130</posy>
        <include>CommonNowPlaying</include>
        <control type="button" id="2">
          <description>View As button</description>
          <posx>0</posx>
          <posy>0</posy>
          <include>ButtonCommonValues</include>
          <label>-</label>
          <onleft>50</onleft>
          <onright>50</onright>
          <onup>611</onup>
          <ondown>3</ondown>
        </control>
        <control type="button" id="3">
          <description>Sort by button</description>
          <posx>0</posx>
          <posy>40</posy>
          <include>ButtonCommonValues</include>
          <label>103</label>
          <onleft>50</onleft>
          <onright>4</onright>
          <onup>2</onup>
          <ondown>610</ondown>
        </control>
        <control type="togglebutton" id="4">
          <description>Sort asc</description>
          <posx>220</posx>
          <posy>53</posy>
          <label>-</label>
          <onleft>3</onleft>
          <onright>50</onright>
          <onup>2</onup>
          <ondown>610</ondown>
        </control>
        <control type="button" id="610">
          <description>Fake Button to fix Player Controls Navigation</description>
          <onup>3</onup>
          <ondown>603</ondown>
          <visible>false</visible>
        </control>
        <control type="group">
          <posx>0</posx>
          <posy>260</posy>
          <include>CommonNowPlaying_Controls</include>
        </control>
        <control type="button" id="611">
          <description>Fake Button to fix Player Controls Navigation</description>
          <onup>608</onup>
          <ondown>2</ondown>
          <visible>false</visible>
        </control>
      </control>
    </control>
    <control type="group">
      <posx>20</posx>
      <posy>50</posy>
      <animation effect="slide" end="-310,0" time="400" tween="quadratic" easing="out">WindowClose</animation>
      <animation effect="slide" start="-310,0" time="400" tween="quadratic" easing="out">WindowOpen</animation>
      <control type="label">
        <include>WindowTitleCommons</include>
        <posx>0</posx>
        <label>$LOCALIZE[10020]</label>
      </control>
    </control>
    <include>Clock</include>
  </controls>
</window>
