<window id="129">
  <defaultcontrol always="true">9001</defaultcontrol>
  <allowoverlay>no</allowoverlay>
  <coordinates>
    <system>1</system>
    <posx>240</posx>
    <posy>220</posy>
  </coordinates>
  <include>dialogeffect</include>
  <controls>
    <control type="image">
      <description>background image</description>
      <posx>0</posx>
      <posy>0</posy>
      <width>800</width>
      <height>280</height>
      <texture border="40">dialogbackground.png</texture>
    </control>
    <control type="label">
      <description>header label</description>
      <posx>20</posx>
      <posy>18</posy>
      <width>760</width>
      <height>30</height>
      <font>font13_title</font>
      <label>$LOCALIZE[21421]</label>
      <align>center</align>
      <aligny>center</aligny>
      <textcolor>white</textcolor>
      <shadowcolor>black</shadowcolor>
    </control>
    <control type="label">
      <description>Rule match label</description>
      <posx>40</posx>
      <posy>60</posy>
      <width>720</width>
      <height>35</height>
      <align>center</align>
      <aligny>center</aligny>
      <font>font12caps</font>
      <textcolor>blue</textcolor>
      <shadowcolor>black</shadowcolor>
      <label>21422</label>
    </control>
    <control type="group" id="9001">
      <control type="spincontrolex" id="15">
        <description>Rule Field</description>
        <posx>20</posx>
        <posy>100</posy>
        <width>375</width>
        <height>40</height>
        <font>-</font>
        <texturefocus border="3">button-focus.png</texturefocus>
        <texturenofocus border="3">button-nofocus.png</texturenofocus>
        <onright>16</onright>
        <onleft>16</onleft>
        <onup>9000</onup>
        <ondown>17</ondown>
      </control>
      <control type="label">
        <description>Rule Field label</description>
        <posx>25</posx>
        <posy>100</posy>
        <width>300</width>
        <height>40</height>
        <font>font13caps</font>
        <label>$INFO[Control.GetLabel(15)]</label>
        <align>left</align>
        <aligny>center</aligny>
        <textcolor>white</textcolor>
        <shadowcolor>black</shadowcolor>
      </control>
      <control type="spincontrolex" id="16">
        <description>Rule operator</description>
        <posx>405</posx>
        <posy>100</posy>
        <width>375</width>
        <height>40</height>
        <font>-</font>
        <texturefocus border="3">button-focus.png</texturefocus>
        <texturenofocus border="3">button-nofocus.png</texturenofocus>
        <onright>15</onright>
        <onleft>15</onleft>
        <onup>9000</onup>
        <ondown>17</ondown>
      </control>
      <control type="label">
        <description>Rule Field label</description>
        <posx>410</posx>
        <posy>100</posy>
        <width>300</width>
        <height>40</height>
        <font>font13caps</font>
        <label>$INFO[Control.GetLabel(16)]</label>
        <align>left</align>
        <aligny>center</aligny>
        <textcolor>white</textcolor>
        <shadowcolor>black</shadowcolor>
      </control>
    </control>
    <control type="button" id="17">
      <description>Value Button</description>
      <posx>20</posx>
      <posy>145</posy>
      <width>585</width>
      <height>40</height>
      <font>font13</font>
      <aligny>center</aligny>
      <texturefocus border="3">button-focus.png</texturefocus>
      <texturenofocus border="3">button-nofocus.png</texturenofocus>
      <label>-</label>
      <onup>9001</onup>
      <onleft>20</onleft>
      <onright>20</onright>
      <ondown>9000</ondown>
    </control>
    <control type="button" id="20">
      <description>Browse Button</description>
      <posx>610</posx>
      <posy>145</posy>
      <width>170</width>
      <height>40</height>
      <align>center</align>
      <aligny>center</aligny>
      <texturefocus border="3">button-focus.png</texturefocus>
      <texturenofocus border="3">button-nofocus.png</texturenofocus>
      <label>1024</label>
      <font>font12_title</font>
      <onup>9001</onup>
      <onleft>17</onleft>
      <onright>17</onright>
      <ondown>9000</ondown>
    </control>
    <control type="group" id="9000">
      <control type="button" id="18">
        <description>Ok Button</description>
        <posx>195</posx>
        <posy>210</posy>
        <width>200</width>
        <height>40</height>
        <align>center</align>
        <aligny>center</aligny>
        <font>font12_title</font>
        <texturefocus border="3">button-focus.png</texturefocus>
        <texturenofocus border="3">menuitemNF.png</texturenofocus>
        <label>186</label>
        <onup>17</onup>
        <onleft>19</onleft>
        <onright>19</onright>
        <ondown>9001</ondown>
      </control>
      <control type="button" id="19">
        <description>Cancel Button</description>
        <posx>405</posx>
        <posy>210</posy>
        <width>200</width>
        <height>40</height>
        <align>center</align>
        <aligny>center</aligny>
        <font>font12_title</font>
        <texturefocus border="3">button-focus.png</texturefocus>
        <texturenofocus border="3">menuitemNF.png</texturenofocus>
        <label>222</label>
        <onup>17</onup>
        <onleft>18</onleft>
        <onright>19</onright>
        <ondown>9001</ondown>
      </control>
    </control>
  </controls>
</window>
