<includes>
	<include name="RightMusicView">
		<control type="group">
			<visible>Control.IsVisible(566)</visible>
			<include>VisibleFadeEffect</include>
			<control type="image"> <!-- Black gradient down the bottom -->
				<posx>0</posx>
				<posy>300r</posy>
				<width>1280</width>
				<height>500</height>
				<texture>homenowplayingback.png</texture>
				<aspectratio>stretch</aspectratio>
			</control>
			<control type="image"><!-- Black gradient up the top -->
				<posx>0</posx>
				<posy>0</posy>
				<width>1280</width>
				<height>300</height>
				<texture>blackgradientvert.png</texture>
				<aspectratio>stretch</aspectratio>
			</control>
			<control type="image">
				<posx>700r</posx>
				<posy>0</posy>
				<width>700</width>
				<height>720</height>
				<texture flipx="true">blackgradient.png</texture>
			</control>
			<control type="image">
				<posx>70r</posx>
				<posy>45r</posy>
				<width>40</width>
				<height>30</height>
				<texture>downArrowNF.png</texture>
			</control>
			<!-- RIGHT LIST -->
			<control type="list" id="566">
				<posx>600r</posx>
				<posy>40</posy>
				<width>600</width>
				<height>630</height>
				<onleft>2</onleft>
				<onup>566</onup>
				<ondown>566</ondown>
				<viewtype label="RightMusicView">list</viewtype>
				<focusposition>1</focusposition>
				<pagecontrol>60</pagecontrol>
				<scrolltime>200</scrolltime>
				<visible>Window.IsVisible(MusicFiles) | Window.IsVisible(MusicPlaylist) |  Container.Content(Songs) | Container.Content(Albums)</visible>
				<itemlayout height="70" width="580">
					<control type="image">
						<posx>0</posx>
						<posy>0</posy>
						<width>700</width>
						<height>70</height>
						<aligny>bottom</aligny>
						<texture border="2,2,2,2" diffuse="rowdiffuse.png">rowblank2.png</texture>
					</control>
					<control type="label">
						<description>Title</description>
						<posx>10r</posx>
						<posy>5</posy>
						<width>445</width>
						<height>35</height>
						<label>$INFO[listitem.Label]</label>
						<selectedcolor>orange</selectedcolor>
						<align>right</align>
						<aligny>top</aligny>
						<font>cirrus_24</font>
						<textcolor>white</textcolor>
						<scroll>false</scroll>
					</control>
					<control type="label">
						<description>Artist</description>
						<posx>10r</posx>
						<posy>35</posy>
						<width>445</width>
						<height>35</height>
						<label>$INFO[listitem.Label2]</label>
						<selectedcolor>orange</selectedcolor>
						<align>right</align>
						<aligny>bottom</aligny>
						<font>cirrus_20</font>
						<textcolor>grey2</textcolor>
						<scroll>false</scroll>
					</control>
				</itemlayout>
				<focusedlayout height="70" width="580">
					<control type="image">
						<posx>0</posx>
						<posy>0</posy>
						<width>700</width>
						<height>70</height>
						<texture border="2,2,2,2">rowfocusback.png</texture>
					</control>
					<control type="label">
						<description>Title</description>
						<posx>10r</posx>
						<posy>5</posy>
						<width>445</width>
						<height>35</height>
						<label>$INFO[listitem.Label]</label>
						<selectedcolor>black</selectedcolor>
						<align>right</align>
						<aligny>top</aligny>
						<font>cirrus_24</font>
						<textcolor>black</textcolor>
						<scroll>false</scroll>
					</control>
					<control type="label">
						<description>Artist</description>
						<posx>10r</posx>
						<posy>35</posy>
						<width>445</width>
						<height>35</height>
						<label>$INFO[listitem.Label2]</label>
						<selectedcolor>black</selectedcolor>
						<align>right</align>
						<aligny>bottom</aligny>
						<font>cirrus_20</font>
						<textcolor>black</textcolor>
						<scroll>false</scroll>
					</control>				
				</focusedlayout>
			</control>
			<!-- END OF LIST BIT -->
			<control type="group">
				<visible>Control.IsVisible(566)</visible>
				<control type="group">
					<posx>20</posx>
					<posy>330</posy>
					<control type="image">
						<posx>0</posx>
						<posy>0</posy>
						<width>350</width>
						<height>350</height>
						<aspectratio aligny="bottom">stretch</aspectratio>
						<fadetime>IconCrossfadeTime</fadetime>
						<texture background="true" diffuse="masksquare.png">$INFO[ListItem.Icon]</texture>
					</control>
					<control type="image">
						<posx>0</posx>
						<posy>0</posy>
						<width>350</width>
						<height>350</height>
						<aspectratio aligny="top">keep</aspectratio>
						<fadetime>IconCrossfadeTime</fadetime>
						<texture background="true" diffuse="masksquare.png">GlassOverlay2.png</texture>
					</control>
					<control type="image">
						<posx>0</posx>
						<posy>0</posy>
						<width>350</width>
						<height>350</height>
						<aspectratio aligny="bottom">stretch</aspectratio>
						<fadetime>IconCrossfadeTime</fadetime>
						<texture>border-square.png</texture>
					</control>				
				</control>
				<control type="group">
					<posx>380</posx>
					<posy>520</posy>
					<control type="label">
						<posx>0</posx>
						<posy>0</posy>
						<width>400</width>
						<height>25</height>
						<label>$INFO[ListItem.Artist]</label>
						<scroll>true</scroll>
						<align>left</align>
						<aligny>center</aligny>
						<font>cirrus_20</font>
						<textcolor>white</textcolor>
						<shadowcolor>black</shadowcolor>
					</control>
					<control type="label">
						<posx>0</posx>
						<posy>35</posy>
						<width>400</width>
						<height>25</height>
						<label>$INFO[ListItem.Album]</label>
						<wrapmultiline>false</wrapmultiline>
						<align>left</align>
						<aligny>center</aligny>
						<font>cirrus_30</font>
						<textcolor>grey2</textcolor>
						<shadowcolor>black</shadowcolor>
					</control>
					<control type="label">
						<posx>0</posx>
						<posy>-40</posy>
						<width>400</width>
						<height>25</height>
						<label>$INFO[ListItem.Title]</label>
						<scroll>true</scroll>
						<align>left</align>
						<aligny>top</aligny>
						<font>cirrus_24</font>
						<textcolor>white</textcolor>
						<shadowcolor>black</shadowcolor>
						<wrapmultiline>false</wrapmultiline>
						<visible>!Container.Content(Albums)</visible>
					</control>
					<control type="label">
						<posx>0</posx>
						<posy>120</posy>
						<width>400</width>
						<height>25</height>
						<label>$INFO[ListItem.Genre, Genre: ]</label>
						<scroll>true</scroll>
						<align>left</align>
						<aligny>top</aligny>
						<font>cirrus_24</font>
						<textcolor>white</textcolor>
						<shadowcolor>black</shadowcolor>
						<wrapmultiline>false</wrapmultiline>
						<visible>Container.Content(Albums)</visible>
					</control>
					<control type="label">
						<description>Trackno txt</description>
						<posx>0</posx>
						<posy>120</posy>
						<width>400</width>
						<height>25</height>
						<label>$INFO[listitem.TrackNumber,$LOCALIZE[31310]: ]</label>
						<align>left</align>
						<aligny>top</aligny>
						<font>cirrus_24</font>
						<textcolor>white</textcolor>
						<visible>!Container.Content(Albums)</visible>
					</control>
					<control type="label">
						<description>Year txt</description>
						<posx>0</posx>
						<posy>80</posy>
						<width>400</width>
						<height>25</height>
						<label>$INFO[listitem.Year]</label>
						<align>left</align>
						<aligny>center</aligny>
						<font>cirrus_30</font>
						<textcolor>white</textcolor>
					</control>
				</control>
			</control>
		</control>
	</include>
<!-- MUSIC VIDEO INFO LIST VIEW -->
	<include name="MusicVideoInfoListView">
		<control type="group">
			<visible>Control.IsVisible(511)</visible>
			<include>VisibleFadeEffect</include>
			<control type="list" id="511">
				<posx>460</posx>
				<posy>60</posy>
				<width>760</width>
				<height>601</height>
				<onleft>2</onleft>
				<onright>60</onright>
				<onup>511</onup>
				<ondown>511</ondown>
				<viewtype label="$LOCALIZE[544]">list</viewtype>
				<pagecontrol>60</pagecontrol>
				<scrolltime>200</scrolltime>
				<visible>Container.Content(MusicVideos)</visible>
				<itemlayout height="40" width="760">
					<control type="image">
						<posx>0</posx>
						<posy>0</posy>
						<width>760</width>
						<height>41</height>
						<texture border="0,2,0,2">menuitemNF.png</texture>
					</control>
					<control type="label">
						<posx>10</posx>
						<posy>0</posy>
						<width>720</width>
						<height>40</height>
						<font>font13</font>
						<textcolor>grey2</textcolor>
						<selectedcolor>selected</selectedcolor>
						<align>left</align>
						<aligny>center</aligny>
						<label>$INFO[ListItem.Label]</label>
					</control>
					<control type="label">
						<posx>730</posx>
						<posy>0</posy>
						<width>700</width>
						<height>40</height>
						<font>font12</font>
						<textcolor>grey2</textcolor>
						<selectedcolor>selected</selectedcolor>
						<align>right</align>
						<aligny>center</aligny>
						<label>$INFO[ListItem.Label2]</label>
					</control>
					<control type="image">
						<posx>735</posx>
						<posy>14</posy>
						<width>20</width>
						<height>16</height>
						<texture>$INFO[ListItem.Overlay]</texture>
					</control>
				</itemlayout>
				<focusedlayout height="40" width="760">
					<control type="image">
						<posx>0</posx>
						<posy>0</posy>
						<width>760</width>
						<height>41</height>
						<texture border="0,2,0,2">menuitemNF.png</texture>
						<visible>!Control.HasFocus(511)</visible>
						<include>VisibleFadeEffect</include>
					</control>
					<control type="image">
						<posx>0</posx>
						<posy>0</posy>
						<width>760</width>
						<height>41</height>
						<texture border="0,2,0,2">menuitemFO.png</texture>
						<visible>Control.HasFocus(511)</visible>
						<include>VisibleFadeEffect</include>
					</control>
					<control type="label">
						<posx>10</posx>
						<posy>0</posy>
						<width>720</width>
						<height>40</height>
						<font>font13</font>
						<textcolor>white</textcolor>
						<selectedcolor>selected</selectedcolor>
						<align>left</align>
						<aligny>center</aligny>
						<label>$INFO[ListItem.Label]</label>
					</control>
					<control type="label">
						<posx>730</posx>
						<posy>0</posy>
						<width>700</width>
						<height>40</height>
						<font>font12</font>
						<textcolor>grey2</textcolor>
						<selectedcolor>selected</selectedcolor>
						<align>right</align>
						<aligny>center</aligny>
						<label>$INFO[ListItem.Label2]</label>
					</control>
					<control type="image">
						<posx>735</posx>
						<posy>14</posy>
						<width>20</width>
						<height>16</height>
						<texture>$INFO[ListItem.Overlay]</texture>
					</control>
				</focusedlayout>
			</control>
			<control type="group">
				<control type="scrollbar" id="60">
					<posx>1220</posx>
					<posy>60</posy>
					<width>25</width>
					<height>600</height>
					<texturesliderbackground border="0,14,0,14">ScrollBarV.png</texturesliderbackground>
					<texturesliderbar border="2,16,2,16">ScrollBarV_bar.png</texturesliderbar>
					<texturesliderbarfocus border="2,16,2,16">ScrollBarV_bar_focus.png</texturesliderbarfocus>
					<textureslidernib>ScrollBarNib.png</textureslidernib>
					<textureslidernibfocus>ScrollBarNib.png</textureslidernibfocus>
					<onleft>511</onleft>
					<onright>2</onright>
					<showonepage>false</showonepage>
					<orientation>vertical</orientation>
					<visible>Control.IsVisible(511)</visible>
				</control>
				<control type="image">
					<posx>40</posx>
					<posy>60</posy>
					<width>400</width>
					<height>300</height>
					<aspectratio aligny="bottom">keep</aspectratio>
					<fadetime>IconCrossfadeTime</fadetime>
					<texture background="true">$INFO[ListItem.Icon]</texture>
					<bordertexture border="8">ThumbShadow.png</bordertexture>
					<bordersize>8</bordersize>
				</control>
				<control type="image">
					<posx>48</posx>
					<posy>352</posy>
					<width>384</width>
					<height>284</height>
					<aspectratio aligny="top">keep</aspectratio>
					<fadetime>IconCrossfadeTime</fadetime>
					<texture background="true" flipy="true" diffuse="diffuse_mirror2.png">$INFO[ListItem.Icon]</texture>
				</control>
				<control type="grouplist">
					<description>Media Codec Flagging Images</description>
					<posx>40</posx>
					<posy>360</posy>
					<width>400</width>
					<align>center</align>
					<itemgap>0</itemgap>
					<orientation>horizontal</orientation>
					<include>VideoCodecFlaggingConditions</include>
					<include>AudioCodecFlaggingConditions</include>
				</control>
				<control type="label">
					<posx>40</posx>
					<posy>410</posy>
					<width>400</width>
					<height>25</height>
					<label>$INFO[ListItem.Artist]</label>
					<scroll>true</scroll>
					<align>center</align>
					<aligny>center</aligny>
					<font>font24_title</font>
					<textcolor>white</textcolor>
					<shadowcolor>black</shadowcolor>
				</control>
				<control type="label">
					<posx>40</posx>
					<posy>470</posy>
					<width>400</width>
					<height>25</height>
					<label>$INFO[ListItem.Album]</label>
					<wrapmultiline>true</wrapmultiline>
					<align>center</align>
					<aligny>center</aligny>
					<font>font13caps</font>
					<textcolor>grey2</textcolor>
					<shadowcolor>black</shadowcolor>
				</control>
				<control type="label">
					<posx>40</posx>
					<posy>520</posy>
					<width>400</width>
					<height>25</height>
					<label>$INFO[ListItem.Title]</label>
					<scroll>true</scroll>
					<align>center</align>
					<aligny>top</aligny>
					<font>font13_title</font>
					<textcolor>white</textcolor>
					<shadowcolor>black</shadowcolor>
					<wrapmultiline>true</wrapmultiline>
					<visible>!Container.Content(Albums)</visible>
				</control>
				<control type="label">
					<posx>40</posx>
					<posy>580</posy>
					<width>400</width>
					<height>25</height>
					<label>$INFO[ListItem.Studio]</label>
					<scroll>true</scroll>
					<align>center</align>
					<aligny>top</aligny>
					<font>font13caps</font>
					<textcolor>grey2</textcolor>
					<shadowcolor>black</shadowcolor>
					<wrapmultiline>true</wrapmultiline>
				</control>
				<control type="label">
					<description>Year txt</description>
					<posx>40</posx>
					<posy>640</posy>
					<width>400</width>
					<height>25</height>
					<label>$INFO[listitem.Year,[COLOR=blue]$LOCALIZE[345]: [/COLOR]]</label>
					<align>center</align>
					<aligny>center</aligny>
					<font>font13_title</font>
					<textcolor>white</textcolor>
				</control>
				<control type="image">
					<posx>440</posx>
					<posy>60</posy>
					<width>5</width>
					<height>600</height>
					<aspectratio>stretch</aspectratio>
					<texture>separator_vertical.png</texture>
				</control>
			</control>
		</control>
	</include>
<!-- ============================= MusicWallView====================== -->
	<include name="MusicWallView">
		<control type="group">
		<visible>Control.IsVisible(525)</visible>
			<control type="image"> <!-- bottom bar background -->
				<posx>0</posx>
				<posy>100r</posy>
				<width>1280</width>
				<height>170</height>
				<aspectratio>stretch</aspectratio>
 				<texture>rightlistbackground.png</texture>
			</control>
			<control type="image"> <!-- darken the background a bit -->
				<posx>0</posx>
				<posy>0</posy>
				<width>1280</width>
				<height>620</height>
				<aspectratio>stretch</aspectratio>
 				<texture>black-back3.png</texture>
			</control>
			<control type="image">
				<posx>35r</posx>
				<posy>350</posy>
				<width>30</width>
				<height>40</height>
				<texture>rightarrow.png</texture>
			</control>
			<control type="image">
				<posx>5</posx>
				<posy>350</posy>
				<width>30</width>
				<height>40</height>
				<texture flipx="true">rightarrow.png</texture>
			</control>
			<!-- Music info down thebottom -->	
			<control type="group">
				<posy>640</posy>
				<visible>Container.Content(Albums)</visible>
				<control type="label">
					<posx>50</posx>
					<posy>40</posy>
					<width>400</width>
					<height>25</height>
					<label>$INFO[ListItem.Artist]</label>
					<scroll>true</scroll>
					<align>left</align>
					<aligny>center</aligny>
					<font>cirrus_24</font>
					<textcolor>orange</textcolor>
					<shadowcolor>black</shadowcolor>
				</control>
				<control type="label">
					<posx>50</posx>
					<posy>0</posy>
					<width>400</width>
					<height>25</height>
					<label>$INFO[ListItem.Album]</label>
					<wrapmultiline>false</wrapmultiline>
					<align>left</align>
					<aligny>center</aligny>
					<font>cirrus_30</font>
					<textcolor>white</textcolor>
					<shadowcolor>black</shadowcolor>
				</control>
				<control type="label">
					<posx>40r</posx>
					<posy>40</posy>
					<width>300</width>
					<height>25</height>
					<label>$INFO[ListItem.Genre, [COLOR=orange]$LOCALIZE[515]:[/COLOR] ]</label>
					<scroll>true</scroll>
					<align>right</align>
					<aligny>top</aligny>
					<font>cirrus_24</font>
					<textcolor>white</textcolor>
					<shadowcolor>black</shadowcolor>
					<wrapmultiline>false</wrapmultiline>
					<visible>Container.Content(Albums)</visible>
				</control>
				<control type="label">
					<description>Year txt</description>
					<posx>40r</posx>
					<posy>0</posy>
					<width>300</width>
					<height>25</height>
					<label>$INFO[listitem.Year]</label>
					<align>right</align>
					<aligny>center</aligny>
					<font>cirrus_30</font>
					<textcolor>white</textcolor>
				</control>
			</control>
			<!-- musicwall panel -->
			<control type="panel" id="525">
				<posx>40</posx>
				<posy>130</posy>
				<width>1200</width>
				<height>450</height>
				<onleft>513</onleft>
				<onright>513</onright>
				<onup>4</onup>
				<ondown>513</ondown>
				<viewtype label="MusicWallView">panel</viewtype>
				<orientation>horizontal</orientation>
				<pagecontrol>60</pagecontrol>
				<scrolltime>200</scrolltime>
				<preloaditems>2</preloaditems>
				<!-- CHAGE BELOW TO ADD TO MORE SECTIONS -->
				<visible>Container.Content(Albums)</visible>
				<itemlayout height="150" width="150">
					<control type="group">
						<posx>0</posx>
						<posy>0</posy>
						<control type="image">
							<posx>0</posx>
							<posy>0</posy>
							<width>150</width>
							<height>150</height>
							<bordersize>5</bordersize>
							<aspectratio>stretch</aspectratio>
							<fadetime>200</fadetime>
							<texture background="true" diffuse="masksquare.png">$INFO[Listitem.Icon]</texture>
						</control>
						<control type="image">
							<posx>0</posx>
							<posy>0</posy>
							<width>150</width>
							<height>150</height>
							<bordersize>5</bordersize>
							<aspectratio>stretch</aspectratio>
							<fadetime>200</fadetime>
							<texture diffuse="masksquare.png">GlassOverlay2.png</texture>
						</control>
						<control type="image">
							<posx>0</posx>
							<posy>0</posy>
							<width>150</width>
							<height>150</height>
							<bordersize>5</bordersize>
							<aspectratio>stretch</aspectratio>
							<fadetime>200</fadetime>
							<texture diffuse="masksquare.png">black-back3.png</texture>
						</control>
					</control>		
				</itemlayout>
				<focusedlayout height="150" width="150">
					<control type="group">	
						<posx>0</posx>
						<posy>0</posy>
						<control type="image">
							<posx>0</posx>
							<posy>0</posy>
							<width>150</width>
							<height>150</height>
							<aspectratio>stretch</aspectratio>
							<fadetime>200</fadetime>
							<bordersize>5</bordersize>
							<texture background="true">blank.png</texture>
							<bordertexture border="18">ThumbShadow2.png</bordertexture>
						</control>
						<control type="image">
							<posx>0</posx>
							<posy>0</posy>
							<width>150</width>
							<height>150</height>
							<aspectratio>stretch</aspectratio>
							<fadetime>200</fadetime>
							<bordersize>5</bordersize>
							<texture background="true" diffuse="maskposter.png">$INFO[Listitem.Icon]</texture>
							<bordertexture border="8">folder-focus.png</bordertexture>
						</control>
						<control type="image">
							<posx>0</posx>
							<posy>0</posy>
							<width>150</width>
							<height>150</height>
							<aspectratio>stretch</aspectratio>
							<fadetime>200</fadetime>
							<bordersize>5</bordersize>
							<texture diffuse="maskposter.png">GlassOverlay2.png</texture>
						</control>
					</control>
				</focusedlayout>
			</control>
		</control>
	</include>
</includes>
