<includes>
<!-- ===================================================================================== -->
<!-- ============================== RIGHTLIST VIEW ID 569 ================================ -->
<!-- ====================Movies, TV Shows, Seasons, Episodes, Music ====================== -->
	<include name="RightListView">
		<control type="group">
			<visible>Control.IsVisible(569)</visible>
			<include>VisibleFadeEffect</include>
			
			<control type="image"> <!-- bottom bar background -->
				<posx>0</posx>
				<posy>155r</posy>
				<width>1280</width>
				<height>700</height>
				<aspectratio>stretch</aspectratio>
 				<texture>rightlistbackground.png</texture>
			</control>
			<control type="image"> <!-- bottom bar background -->
				<posx>0</posx>
				<posy>50r</posy>
				<width>1280</width>
				<height>700</height>
				<aspectratio>stretch</aspectratio>
 				<texture>rightlistbackground.png</texture>
				<visible>Container.Content(Movies) | Container.Content(Episodes)</visible>
			</control>
			<control type="image"> <!-- Black gradient up the top -->
				<posx>0</posx>
				<posy>0</posy>
				<width>1280</width>
				<height>300</height>
				<texture>blackgradientvert.png</texture>
				<aspectratio>stretch</aspectratio>
			</control>
			<control type="image"> <!-- right gradient -->
				<posx>700r</posx>
				<posy>0</posy>
				<width>700</width>
				<height>720</height>
				<texture flipx="true">blackgradient.png</texture>
			</control>
			<!-- START OF ACTUAL LIST -->
			<control type="fixedlist" id="569"> <!-- CUSTOM Scroll + Trailer  Hack -->
				<posx>600r</posx>
				<posy>45</posy>
				<width>600</width>
				<height>507</height>
				<orientation>vertical</orientation>
			<focusposition>5</focusposition>
			<movement>9</movement>
				<onleft>2</onleft>
				<onup>569</onup>
				<ondown>569</ondown>
				<onright>XBMC.PlayMedia($INFO[ListItem.Trailer],0,noresume)</onright>
				<viewtype label="RightListView">list</viewtype>
				<pagecontrol>60</pagecontrol>
				<scrolltime>200</scrolltime>
				<visible>Container.Content(TVShows) | Container.Content(Seasons) | Container.Content(Episodes) | Container.Content(Movies)</visible>
				
				<!-- SLIM LAYOUT -->
				<itemlayout height="40" width="580">
					<control type="image">
						<posx>0</posx>
						<posy>0</posy>
						<width>700</width>
						<height>40</height>
						<aligny>bottom</aligny>
						<texture border="2,2,2,2" diffuse="rowdiffuse.png">rowblank2.png</texture>
					</control>
					<control type="label">
						<description>Title</description>
						<posx>30r</posx>
						<posy>8</posy>
						<width>445</width>
						<height>25</height>
						<label>$INFO[listitem.Label]</label>
						<align>right</align>
						<aligny>center</aligny>
						<font>cirrus_24</font>
						<textcolor>grey2</textcolor>
						<scroll>false</scroll>
					</control>
					<control type="image">
						<posx>20r</posx>
						<posy>2</posy>
						<width>30</width>
						<height>40</height>
						<texture>$INFO[ListItem.Overlay]</texture>
					</control>
				</itemlayout>
				<focusedlayout height="70" width="580">
					<control type="image">
						<posx>0</posx>
						<posy>0</posy>
						<width>700</width>
						<height>70</height>
						<texture border="2,2,2,2">rowfocusback.png</texture>
					</control>
					<control type="label">
						<description>Title</description>
						<posx>30r</posx>
						<posy>8</posy>
						<width>445</width>
						<height>25</height>
						<label>$INFO[listitem.Label]</label>
						<align>right</align>
						<aligny>center</aligny>
						<font>cirrus_24_Bold</font>
						<textcolor>black</textcolor>
						<scroll>false</scroll>
						<visible>Container.Content(TVShows) | Container.Content(Episodes)| Container.Content(Movies)</visible>
					</control>
					<control type="label">
						<description>Title</description>
						<posx>30r</posx>
						<posy>22</posy>
						<width>445</width>
						<height>25</height>
						<label>$INFO[listitem.Label]</label>
						<align>right</align>
						<aligny>center</aligny>
						<font>cirrus_24_Bold</font>
						<textcolor>black</textcolor>
						<scroll>false</scroll>
						<visible>Container.Content(Seasons)</visible>
					</control>
					<control type="image">
						<description>Rating value</description>
						<posx>180r</posx>
						<posy>40</posy>
						<width>183</width>
						<height>25</height>
						<color>orange</color>
						<texture>$INFO[Listitem.StarRating]</texture>
						<colordiffuse>black</colordiffuse>
						<visible>!Skin.HasSetting(imdbnr) + Container.Content(TVShows)|!Skin.HasSetting(imdbnr) + Container.Content(Episodes)|!Skin.HasSetting(imdbnr) + Container.Content(Movies)</visible>
					</control>
					<control type="label">
						<description>Rating value</description>
						<posx>113r</posx>
						<posy>40</posy>
						<width>183</width>
						<height>25</height>
						<textcolor>black</textcolor>
						<font>cirrus_18_Bold</font>
						<align>left</align>
						<label>Rating $INFO[Listitem.Rating]</label>
						<colordiffuse>black</colordiffuse>
						<visible>Skin.HasSetting(imdbnr) + Container.Content(TVShows)|Skin.HasSetting(imdbnr) + Container.Content(Episodes)|Skin.HasSetting(imdbnr) + Container.Content(Movies)</visible>
					</control>
					<control type="image">
						<posx>20r</posx>
						<posy>15</posy>
						<width>30</width>
						<height>40</height>
						<texture>$INFO[ListItem.Overlay]</texture>
					</control>					
				</focusedlayout>
			</control>
			<!-- RIGHTLIST BOTTOM INFO TV SHOWS LEVEL -->
			<control type="group"> <!-- poster + widethumb + banner update + next aired v1.1 -->
				<posx>30</posx>
				<posy>580</posy>
				<visible>Container.Content(TVShows)</visible>
				<control type="group">
					<description>Nextaired</description>
					<posx>-68</posx>
					<posy>-64</posy>
					<width>440</width>
					<height>25</height>
					<include>NextAired</include>
					<align>left</align>
					<aligny>center</aligny>
					<font>cirrus_21</font>
					<scroll>true</scroll>
					<visible>!Skin.HasSetting(poster) + !Skin.HasSetting(banner) + !Skin.HasSetting(widethumb)</visible>
				</control>	
				<control type="label">
					<description>Episodes</description>
					<posx>12</posx>
					<posy>105</posy>
					<width>600</width>
					<height>25</height>
					<label fallback="416">[COLOR=orange]$LOCALIZE[20360]: [/COLOR]$INFO[listitem.episode] [COLOR=grey] ($INFO[ListItem.Property(WatchedEpisodes),, $LOCALIZE[16102]] - $INFO[ListItem.Property(UnWatchedEpisodes), , $LOCALIZE[16101]])[/COLOR]</label>
					<align>left</align>
					<aligny>center</aligny>
					<font>cirrus_21</font>
					<scroll>true</scroll>
					<visible>!Skin.HasSetting(poster) + !Skin.HasSetting(banner) + !Skin.HasSetting(widethumb)</visible>
				</control>
				<control type="label">
					<description>First Aired</description>
					<posx>12</posx>
					<posy>35</posy>
					<width>440</width>
					<height>25</height>
					<label fallback="416">[COLOR=orange]$LOCALIZE[20416]: [/COLOR]$INFO[listitem.premiered]</label>
					<align>left</align>
					<aligny>center</aligny>
					<font>cirrus_21</font>
					<scroll>true</scroll>
					<visible>!Skin.HasSetting(poster) + !Skin.HasSetting(banner) + !Skin.HasSetting(widethumb)</visible>
				</control>
				<control type="label">
					<description>Genre</description>
					<posx>12</posx>
					<posy>70</posy>
					<width>740</width>
					<height>25</height>
					<label fallback="416">[COLOR=orange]$LOCALIZE[515]: [/COLOR]$INFO[listitem.genre]</label>
					<align>left</align>
					<aligny>center</aligny>
					<font>cirrus_21</font>
					<scroll>true</scroll>
					<visible>!Skin.HasSetting(poster) + !Skin.HasSetting(banner) + !Skin.HasSetting(widethumb)</visible>
				</control>
				
				
				<control type="group">
					<description>Nextaired</description>
					<posx>160</posx>
					<posy>-63</posy>
					<width>440</width>
					<height>25</height>
					<include>NextAired</include>
					<align>left</align>
					<aligny>center</aligny>
					<font>cirrus_21</font>
					<scroll>true</scroll>
					<visible>Skin.HasSetting(poster) + !Skin.HasSetting(banner)</visible>
				</control>	
				<control type="label">
					<description>First Aired</description>
					<posx>240</posx>
					<posy>35</posy>
					<width>440</width>
					<height>25</height>
					<label fallback="416">[COLOR=orange]$LOCALIZE[20416]: [/COLOR]$INFO[listitem.premiered]</label>
					<align>left</align>
					<aligny>center</aligny>
					<font>cirrus_21</font>
					<scroll>true</scroll>
					<visible>Skin.HasSetting(poster) + !Skin.HasSetting(banner)</visible>
				</control>
				<control type="label">
					<description>Genre</description>
					<posx>240</posx>
					<posy>70</posy>
					<width>740</width>
					<height>25</height>
					<label fallback="416">[COLOR=orange]$LOCALIZE[515]: [/COLOR]$INFO[listitem.genre]</label>
					<align>left</align>
					<aligny>center</aligny>
					<font>cirrus_21</font>
					<scroll>true</scroll>
					<visible>Skin.HasSetting(poster) + !Skin.HasSetting(banner)</visible>
				</control>
				<control type="label">
					<description>Episodes</description>
					<posx>240</posx>
					<posy>105</posy>
					<width>600</width>
					<height>25</height>
					<label fallback="416">[COLOR=orange]$LOCALIZE[20360]: [/COLOR]$INFO[listitem.episode] [COLOR=grey] ($INFO[ListItem.Property(WatchedEpisodes),, $LOCALIZE[16102]] - $INFO[ListItem.Property(UnWatchedEpisodes), , $LOCALIZE[16101]])[/COLOR]</label>
					<align>left</align>
					<aligny>center</aligny>
					<font>cirrus_21</font>
					<scroll>true</scroll>
					<visible>Skin.HasSetting(poster) + !Skin.HasSetting(banner)</visible>
				</control>
				
				<control type="group">
					<description>Nextaired</description>
					<posx>167</posx>
					<posy>-63</posy>
					<width>440</width>
					<height>25</height>
					<include>NextAired</include>
					<align>left</align>
					<aligny>center</aligny>
					<font>cirrus_21</font>
					<scroll>true</scroll>
					<visible>Skin.HasSetting(widethumb) + !Skin.HasSetting(banner) + !Skin.HasSetting(poster)</visible>
				</control>	
				<control type="label">
					<description>First Aired</description>
					<posx>247</posx>
					<posy>35</posy>
					<width>440</width>
					<height>25</height>
					<label fallback="416">[COLOR=orange]$LOCALIZE[20416]: [/COLOR]$INFO[listitem.premiered]</label>
					<align>left</align>
					<aligny>center</aligny>
					<font>cirrus_21</font>
					<scroll>true</scroll>
					<visible>Skin.HasSetting(widethumb) + !Skin.HasSetting(banner) + !Skin.HasSetting(poster)</visible>
				</control>
				<control type="label">
					<description>Genre</description>
					<posx>247</posx>
					<posy>70</posy>
					<width>740</width>
					<height>25</height>
					<label fallback="416">[COLOR=orange]$LOCALIZE[515]: [/COLOR]$INFO[listitem.genre]</label>
					<align>left</align>
					<aligny>center</aligny>
					<font>cirrus_21</font>
					<scroll>true</scroll>
					<visible>Skin.HasSetting(widethumb) + !Skin.HasSetting(banner) + !Skin.HasSetting(poster)</visible>
				</control>
				<control type="label">
					<description>Episodes</description>
					<posx>247</posx>
					<posy>105</posy>
					<width>600</width>
					<height>25</height>
					<label fallback="416">[COLOR=orange]$LOCALIZE[20360]: [/COLOR]$INFO[listitem.episode] [COLOR=grey] ($INFO[ListItem.Property(WatchedEpisodes),, $LOCALIZE[16102]] - $INFO[ListItem.Property(UnWatchedEpisodes), , $LOCALIZE[16101]])[/COLOR]</label>
					<align>left</align>
					<aligny>center</aligny>
					<font>cirrus_21</font>
					<scroll>true</scroll>
					<visible>Skin.HasSetting(widethumb) + !Skin.HasSetting(banner) + !Skin.HasSetting(poster)</visible>
				</control>
				<control type="image"> 
					<posx>-10</posx>
					<posy>-7</posy>
					<width>250</width>
					<height>141</height>
					<aspectratio aligny="bottom">stretch</aspectratio>
					<fadetime>IconCrossfadeTime</fadetime>
					<texture background="true" fallback="notvshowlogo.png" diffuse="maskfanart.png">$INFO[ListItem.Path]landscape.jpg</texture>
					<visible>Skin.HasSetting(widethumb) + !Skin.HasSetting(banner) + !Skin.HasSetting(poster)</visible>
				</control>
				
				<control type="image">
					<posx>-10</posx>
					<posy>-7</posy>
					<width>223</width>
					<height>141</height>
					<aspectratio aligny="top">stretch</aspectratio>
					<fadetime>IconCrossfadeTime</fadetime>
					<texture diffuse="maskfanart.png">GlassOverlay2.png</texture>
					<visible>Skin.HasSetting(widethumb) + !Skin.HasSetting(banner) + !Skin.HasSetting(poster)</visible>
				</control>
				
				<control type="image">
					<posx>-10</posx>
					<posy>-7</posy>
					<width>250</width>
					<height>141</height>
					<aspectratio aligny="bottom">stretch</aspectratio>
					<fadetime>IconCrossfadeTime</fadetime>
					<texture>border-fanart.png</texture>
					<visible>Skin.HasSetting(widethumb) + !Skin.HasSetting(banner) + !Skin.HasSetting(poster)</visible>
				</control>
				
				
				<control type="image">
					<width>161</width>
					<height>110</height>
					<posx>570r</posx>
					<posy>10</posy>
					<fadetime>100</fadetime>
					<aspectratio>keep</aspectratio>
					<texture>$INFO[listitem.Studio,flagging/studios/,.png]</texture>
					<visible>!Skin.HasSetting(poster) + !Skin.HasSetting(widethumb)</visible>
				</control>
				<!-- TV SHOW LOGO -->
				<control type="largeimage" id="7914"> 
					<posx>370r</posx> 
					<posy>0</posy> 
					<width>335</width> 
					<height>130</height> 
					<texture fallback="notvshowlogo.png">$INFO[ListItem.path]logo.png</texture> 
					<fadetime>100</fadetime> 
					<aspectratio scalediffuse="false">keep</aspectratio> 
					<visible></visible> 
				</control>
				<!-- Banner Mod -->				
				<control type="image">
					<posx>0</posx>
					<posy>14</posy>
					<width>514</width>
					<height>95</height>
					<aspectratio>stretch</aspectratio>
					<fadetime>200</fadetime>
					<bordersize>5</bordersize>
					<texture background="true" fallback="notvshowlogo.png" diffuse="maskbanner.png">$INFO[ListItem.Path]banner.jpg</texture>
					<visible>Skin.HasSetting(banner) + !Skin.HasSetting(poster)</visible>
					</control>
					
					<control type="image">
					<posx>0</posx>
					<posy>14</posy>
					<width>514</width>
					<height>95</height>
					<aspectratio>stretch</aspectratio>
					<fadetime>IconCrossfadeTime</fadetime>
					<bordersize>5</bordersize>
					<texture>border-banner.png</texture>
					<visible>Skin.HasSetting(banner) + !Skin.HasSetting(poster)</visible>
				</control>
				<control type="label">
					<description>Episodes</description>
					<posx>13</posx>
					<posy>108</posy>
					<width>600</width>
					<height>25</height>
					<label fallback="416">[COLOR=orange]$LOCALIZE[20360]: [/COLOR]$INFO[listitem.episode] [COLOR=grey] ($INFO[ListItem.Property(WatchedEpisodes),, $LOCALIZE[16102]] - $INFO[ListItem.Property(UnWatchedEpisodes), , $LOCALIZE[16101]])[/COLOR]</label>
					<align>left</align>
					<aligny>center</aligny>
					<font>cirrus_21</font>
					<scroll>true</scroll>
					<visible>Skin.HasSetting(banner) + !Skin.HasSetting(poster)</visible>
				</control>
				<control type="group">
					<description>Nextaired</description>
					<posx>-67</posx>
					<posy>-74</posy>
					<width>440</width>
					<height>25</height>
					<include>NextAired</include>
					<align>left</align>
					<aligny>center</aligny>
					<font>cirrus_21</font>
					<scroll>true</scroll>
					<visible>Skin.HasSetting(banner) + !Skin.HasSetting(poster)</visible>
				</control>	
				
				<!-- Poster update v1.1-->
				<control type="group">
					<visible>!Skin.HasSetting(banner)</visible>
					<control type="image">
						<posx>-10</posx>
						<posy>-230</posy>
						<width>240</width>
						<height>360</height>
						<aspectratio aligny="bottom">stretch</aspectratio>
						<fadetime>IconCrossfadeTime</fadetime>
						<texture background="true" diffuse="maskposter.png">$INFO[ListItem.Icon]</texture>
						<visible>!Skin.HasSetting(poster)</visible>
					</control>
					<control type="image">
						<posx>-10</posx>
						<posy>-230</posy>
						<width>240</width>
						<height>360</height>
						<aspectratio aligny="bottom">stretch</aspectratio>
						<fadetime>IconCrossfadeTime</fadetime>
						<texture background="true" diffuse="maskposter.png">$INFO[ListItem.Path]poster.jpg</texture>
						<visible>Skin.HasSetting(poster)</visible>
					</control>
					<control type="image">
						<posx>-10</posx>
						<posy>-230</posy>
						<width>220</width>
						<height>320</height>
						<aspectratio aligny="top">stretch</aspectratio>
						<fadetime>IconCrossfadeTime</fadetime>
						<texture background="true" diffuse="maskposter.png">GlassOverlay2.png</texture>
					</control>
					<control type="image">
						<posx>-10</posx>
						<posy>-230</posy>
						<width>240</width>
						<height>360</height>
						<aspectratio aligny="bottom">stretch</aspectratio>
						<fadetime>IconCrossfadeTime</fadetime>
						<texture>border-poster.png</texture>
					</control>					
				</control>
							
			</control>
			<!-- RIGHTLIST BOTTOM INFO SEASONS LEVEL -->
			<control type="group">
				<posx>20</posx>
				<posy>360</posy>
				<visible>Container.Content(Seasons)</visible>
				<control type="group">
					<visible>!Skin.HasSetting(posterlessRightList)</visible>
					<posx>0</posx>
					<posy>-40</posy>
					<control type="image">
						<posx>0</posx>
						<posy>20</posy>
						<width>240</width>
						<height>360</height>
						<aspectratio aligny="bottom">stretch</aspectratio>
						<fadetime>IconCrossfadeTime</fadetime>
						<texture background="true" diffuse="maskposter.png">$INFO[ListItem.Icon]</texture>
					</control>
					<control type="image">
						<posx>0</posx>
						<posy>20</posy>
						<width>220</width>
						<height>320</height>
						<aspectratio aligny="top">stretch</aspectratio>
						<fadetime>IconCrossfadeTime</fadetime>
						<texture background="true" diffuse="maskposter.png">GlassOverlay2.png</texture>
					</control>
					<control type="image">
						<posx>0</posx>
						<posy>20</posy>
						<width>240</width>
						<height>360</height>
						<aspectratio aligny="bottom">stretch</aspectratio>
						<fadetime>IconCrossfadeTime</fadetime>
						<texture>border-poster.png</texture>
					</control>						
				</control>
				<control type="group">
					<visible>Skin.HasSetting(posterlessRightList)</visible>
					<posx>-220</posx>
					<control type="label">
						<description>Main Label txt</description>
						<posx>250</posx>
						<posy>235</posy>
						<width>250</width>
						<height>25</height>
						<label>$INFO[ListItem.Label]</label>
						<align>left</align>
						<aligny>center</aligny>
						<font>cirrus_30</font>
						<textcolor>white</textcolor>
						<shadowcolor>black</shadowcolor>
					</control>
					<control type="label">
						<description>Episodes Values</description>
						<posx>250</posx>
						<posy>305</posy>
						<width>590</width>
						<height>25</height>
						<label fallback="416">[COLOR=orange]$LOCALIZE[20360]: [/COLOR]$INFO[listitem.episode] [COLOR=grey] ($INFO[ListItem.Property(WatchedEpisodes),, $LOCALIZE[16102]] - $INFO[ListItem.Property(UnWatchedEpisodes), , $LOCALIZE[16101]])[/COLOR]</label>
						<align>left</align>
						<aligny>center</aligny>
						<font>cirrus_24</font>
						<scroll>true</scroll>
					</control>
					<control type="image">
						<width>161</width>
						<height>110</height>
						<posx>570r</posx>
						<posy>230</posy>
						<fadetime>100</fadetime>
						<aspectratio>keep</aspectratio>
						<texture>$INFO[listitem.Studio,flagging/studios/,.png]</texture>
					</control>
				</control>
				
				<control type="group">
					<visible>!Skin.HasSetting(posterlessRightList)</visible>
					<posx>0</posx>
					<control type="label">
						<description>Main Label txt</description>
						<posx>250</posx>
						<posy>235</posy>
						<width>250</width>
						<height>25</height>
						<label>$INFO[ListItem.Label]</label>
						<align>left</align>
						<aligny>center</aligny>
						<font>cirrus_30</font>
						<textcolor>white</textcolor>
						<shadowcolor>black</shadowcolor>
					</control>
					<control type="label">
						<description>Episodes Values</description>
						<posx>250</posx>
						<posy>305</posy>
						<width>590</width>
						<height>25</height>
						<label fallback="416">[COLOR=orange]$LOCALIZE[20360]: [/COLOR]$INFO[listitem.episode] [COLOR=grey] ($INFO[ListItem.Property(WatchedEpisodes),, $LOCALIZE[16102]] - $INFO[ListItem.Property(UnWatchedEpisodes), , $LOCALIZE[16101]])[/COLOR]</label>
						<align>left</align>
						<aligny>center</aligny>
						<font>cirrus_24</font>
						<scroll>true</scroll>
					</control>
					<control type="image">
						<width>161</width>
						<height>110</height>
						<posx>570r</posx>
						<posy>230</posy>
						<fadetime>100</fadetime>
						<aspectratio>keep</aspectratio>
						<texture>$INFO[listitem.Studio,flagging/studios/,.png]</texture>
					</control>
				</control>
				
				<!-- TV SHOW LOGO -->
				<control type="largeimage" id="7915"> 
					<posx>370r</posx> 
					<posy>220</posy> 
					<width>335</width> 
					<height>130</height> 
					<texture fallback="notvshowlogo.png">$INFO[ListItem.path]logo.png</texture> 
					<fadetime>100</fadetime> 
					<aspectratio scalediffuse="false">keep</aspectratio> 
					<visible></visible> 
				</control>
			</control>
			<!-- RIGHTLIST BOTTOM INFO EPISODES LEVEL -->
			<control type="group">
				<posx>20</posx>
				<posy>540</posy>
				<visible>Container.Content(Episodes)</visible>
				<control type="image">
					<posx>0</posx>
					<posy>38</posy>
					<width>233</width>
					<height>128</height>
					<aspectratio aligny="bottom">stretch</aspectratio>
					<fadetime>IconCrossfadeTime</fadetime>
					<texture diffuse="maskthumbnail.png">$INFO[ListItem.Icon]</texture>
				</control>
				<control type="image">
					<posx>0</posx>
					<posy>38</posy>
					<width>233</width>
					<height>128</height>
					<aspectratio aligny="top">stretch</aspectratio>
					<fadetime>IconCrossfadeTime</fadetime>
					<texture background="true" diffuse="maskthumbnail.png">GlassOverlay2.png</texture>
				</control>
				<control type="image">
					<posx>0</posx>
					<posy>38</posy>
					<width>233</width>
					<height>128</height>
					<aspectratio aligny="bottom">stretch</aspectratio>
					<fadetime>IconCrossfadeTime</fadetime>
					<texture>border-thumbnail.png</texture>
				</control>
				<control type="label">
					<description>Season and episode txt</description>
					<posx>255</posx>
					<posy>145</posy>
					<width>360</width>
					<height>25</height>
					<label>$INFO[ListItem.Season,[COLOR=orange]$LOCALIZE[20373] :[/COLOR] ]  $INFO[ListItem.episode,[COLOR=orange]$LOCALIZE[20359] : [/COLOR]]</label>
					<align>left</align>
					<aligny>center</aligny>
					<font>cirrus_30</font>
					<textcolor>white</textcolor>
					<shadowcolor>black</shadowcolor>
				</control>
				<control type="textbox">
					<description>Plot for TVShows</description>
					<posx>255</posx>
					<posy>35</posy>
					<width>600</width>
					<height>90</height>
					<font>cirrus_20</font>
					<align>justify</align>
					<textcolor>white</textcolor>
					<label>$INFO[ListItem.Plot]</label>
					<autoscroll time="4000" delay="8000" repeat="5000">Skin.HasSetting(AutoScroll)</autoscroll>
				</control>
				<control type="grouplist">
					<description>Media Codec Flagging Images</description>
					<posx>580r</posx>
					<posy>142</posy>
					<width>550</width>
					<align>right</align>
					<itemgap>30</itemgap>
					<orientation>horizontal</orientation>
					<include>VideoCodecFlaggingConditions</include>
					<include>AudioCodecFlaggingConditions</include>
					<include>AspectCodecFlaggingConditions</include>
				</control>
				<!-- TV SHOW LOGO -->
				<control type="largeimage" id="7916"> 
					<posx>370r</posx> 
					<posy>30</posy> 
					<width>335</width> 
					<height>100</height> 
					<texture fallback="notvshowlogo.png">$INFO[ListItem.path]logo.png</texture> 
					<fadetime>100</fadetime> 
					<aspectratio scalediffuse="false">keep</aspectratio> 
					<visible>!substring(listitem.path,season)</visible>  
				</control>
                <control type="largeimage" id="7917"> 
                    <posx>370r</posx> 
                    <posy>30</posy> 
                    <width>335</width> 
                    <height>100</height> 
                    <texture>$INFO[ListItem.path]../logo.png</texture> 
                    <fadetime>100</fadetime> 
                    <aspectratio scalediffuse="false">keep</aspectratio> 
                    <visible></visible> 
                </control>
			</control>
			<!-- RIGHLIST BOTTOM INFO MOVIES -->
			<control type="group">
				<posx>20</posx>
				<posy>360</posy>
				<visible>Container.Content(Movies)</visible>
				<control type="group">
					<visible>!Skin.HasSetting(posterlessRightList) + !Skin.HasSetting(showCases)</visible>
					<posx>0</posx>
					<posy>-30</posy>
					<control type="image">
						<posx>0</posx>
						<posy>20</posy>
						<width>240</width>
						<height>360</height>
						<aspectratio aligny="bottom">stretch</aspectratio>
						<fadetime>IconCrossfadeTime</fadetime>
						<texture background="true" diffuse="maskposter.png">$INFO[ListItem.Icon]</texture>
					</control>
					<control type="image">
						<posx>0</posx>
						<posy>20</posy>
						<width>220</width>
						<height>320</height>
						<aspectratio aligny="top">stretch</aspectratio>
						<fadetime>IconCrossfadeTime</fadetime>
						<texture background="true" diffuse="maskposter.png">GlassOverlay2.png</texture>
					</control>
					<control type="image">
						<posx>0</posx>
						<posy>20</posy>
						<width>240</width>
						<height>360</height>
						<aspectratio aligny="bottom">stretch</aspectratio>
						<fadetime>IconCrossfadeTime</fadetime>
						<texture>border-poster.png</texture>
					</control>					
				</control>
				<!-- Blueray and DVD cover images if turned on -->
				<control type="group">
					<visible>!Skin.HasSetting(posterlessRightList) + [Skin.HasSetting(showCases) + !Skin.HasSetting(showClearCases)]</visible>
					<posx>0</posx>
					<posy>0</posy>
					<control type="image">
						<posx>3</posx>
						<posy>27</posy>
						<width>222</width>
						<height>310</height>
						<aspectratio aligny="bottom">stretch</aspectratio>
						<fadetime>IconCrossfadeTime</fadetime>
						<texture background="true">$INFO[ListItem.Icon]</texture>
					</control>
					<control type="image"> <!-- DVD Case -->
						<posx>0</posx>
						<posy>0</posy>
						<width>240</width>
						<height>360</height>
						<aspectratio aligny="bottom">stretch</aspectratio>
						<fadetime>IconCrossfadeTime</fadetime>
						<texture>flagging/cases/dvd.png</texture>
						<visible>![stringcompare(ListItem.VideoResolution,720) | stringcompare(ListItem.VideoResolution,1080) | stringcompare(ListItem.VideoResolution,540)]</visible>
					</control>
					<control type="image"> <!-- Bluray Case -->
						<posx>0</posx>
						<posy>0</posy>
						<width>240</width>
						<height>360</height>
						<aspectratio aligny="bottom">stretch</aspectratio>
						<fadetime>IconCrossfadeTime</fadetime>
						<texture>flagging/cases/bluray.png</texture>
						<visible>[stringcompare(ListItem.VideoResolution,720) | stringcompare(ListItem.VideoResolution,1080)] + !stringcompare(ListItem.VideoResolution,540)</visible>
					</control>
					<control type="image"> <!-- HDDVD Case -->
						<posx>0</posx>
						<posy>0</posy>
						<width>240</width>
						<height>360</height>
						<aspectratio aligny="bottom">stretch</aspectratio>
						<fadetime>IconCrossfadeTime</fadetime>
						<texture>flagging/cases/hddvd.png</texture>
						<visible>stringcompare(ListItem.VideoResolution,540)</visible>
					</control>
				</control>
				<!-- Blueray and DVD CLEAR cover images if turned on -->
				<control type="group">
					<visible>!Skin.HasSetting(posterlessRightList) + [Skin.HasSetting(showCases) + Skin.HasSetting(showClearCases)]</visible>
					<posx>0</posx>
					<posy>0</posy>
					<control type="image">
						<posx>33</posx>
						<posy>13</posy>
						<width>195</width>
						<height>330</height>
						<aspectratio aligny="bottom">stretch</aspectratio>
						<fadetime>IconCrossfadeTime</fadetime>
						<texture background="true">$INFO[ListItem.Icon]</texture>
					</control>
					<control type="image"> <!-- DVD Clear Case -->
						<posx>0</posx>
						<posy>0</posy>
						<width>240</width>
						<height>360</height>
						<aspectratio aligny="bottom">stretch</aspectratio>
						<fadetime>IconCrossfadeTime</fadetime>
						<texture>flagging/cases/dvd-clear.png</texture>
						<visible>![stringcompare(ListItem.VideoResolution,720) | stringcompare(ListItem.VideoResolution,1080) | stringcompare(ListItem.VideoResolution,540)]</visible>
					</control>
					<control type="image"> <!-- Bluray Clear Case -->
						<posx>0</posx>
						<posy>0</posy>
						<width>240</width>
						<height>360</height>
						<aspectratio aligny="bottom">stretch</aspectratio>
						<fadetime>IconCrossfadeTime</fadetime>
						<texture>flagging/cases/bluray-clear.png</texture>
						<visible>[stringcompare(ListItem.VideoResolution,720) | stringcompare(ListItem.VideoResolution,1080)] + !stringcompare(ListItem.VideoResolution,540)</visible>
					</control>
					<control type="image"> <!-- HDDVD Clear Case -->
						<posx>0</posx>
						<posy>0</posy>
						<width>240</width>
						<height>360</height>
						<aspectratio aligny="bottom">stretch</aspectratio>
						<fadetime>IconCrossfadeTime</fadetime>
						<texture>flagging/cases/hddvd-clear.png</texture>
						<visible>stringcompare(ListItem.VideoResolution,540)</visible>
					</control>
				</control>
				<control type="group">
					<posx>250</posx>
					<posy>210</posy>
					<visible>!Skin.HasSetting(posterlessRightList)</visible>
					<control type="label">
						<description>Genre label</description>
						<posx>0</posx>
						<posy>0</posy>
						<width>550</width>
						<height>25</height>
						<label>$INFO[ListItem.Genre,[COLOR=orange]$LOCALIZE[515]:[/COLOR] ]</label>
						<align>left</align>
						<aligny>center</aligny>
						<font>cirrus_24</font>
						<textcolor>white</textcolor>
						<shadowcolor>black</shadowcolor>
					</control>
					<control type="textbox"> <!-- CUSTOM mod plotoutline -->
						<description>plot</description>
						<posx>0</posx>
						<posy>25</posy>
						<width>700</width>
						<height>68</height>
						<label>$INFO[ListItem.Plot]</label>
						<align>justify</align>
						<aligny>top</aligny>
						<font>cirrus_20</font>
						<textcolor>white</textcolor>
						<shadowcolor>black</shadowcolor>
						<autoscroll time="3000" delay="4000" repeat="5000">Skin.HasSetting(AutoScroll)</autoscroll>
						<visible>!Skin.HasSetting(plotoutline)</visible>
					</control>
					<control type="textbox">
						<description>plotoutline</description>
						<posx>0</posx>
						<posy>25</posy>
						<width>700</width>
						<height>68</height>
						<label>$INFO[ListItem.PlotOutline]</label>
						<align>justify</align>
						<aligny>top</aligny>
						<font>cirrus_20</font>
						<textcolor>white</textcolor>
						<shadowcolor>black</shadowcolor>
						<autoscroll time="3000" delay="4000" repeat="5000">Skin.HasSetting(AutoScroll)</autoscroll>
						<visible>Skin.HasSetting(plotoutline)</visible>
					</control>
					<control type="label">
						<description>Year Label</description>
						<posx>0</posx>
						<posy>110</posy>
						<width>320</width>
						<height>30</height>
						<label>$INFO[ListItem.Year]</label>
						<align>left</align>
						<aligny>center</aligny>
						<font>cirrus_26</font>
						<textcolor>orange</textcolor>
						<shadowcolor>black</shadowcolor>
					</control>
					<control type="label">
						<description>Runtime label</description>
						<posx>70</posx>
						<posy>110</posy>
						<width>320</width>
						<height>30</height>
						<label>$INFO[ListItem.Duration] mins</label>
						<align>left</align>
						<aligny>center</aligny>
						<font>cirrus_26</font>
						<textcolor>white</textcolor>
						<shadowcolor>black</shadowcolor>
						<visible>!SubString(ListItem.Duration,mins)</visible>
					</control>
					<control type="label">
						<description>Runtime label</description>
						<posx>70</posx>
						<posy>110</posy>
						<width>320</width>
						<height>30</height>
						<label>$INFO[ListItem.Duration]</label>
						<align>left</align>
						<aligny>center</aligny>
						<font>cirrus_26</font>
						<textcolor>white</textcolor>
						<shadowcolor>black</shadowcolor>
						<visible>SubString(ListItem.Duration,mins)</visible>
					</control>
		
					<control type="image"> <!-- Top250IMDB Mod 1.2 -->
					<posx>190</posx>
					<posy>110</posy>
					<width>88</width>
					<height>30</height>
					<aspectratio aligny="bottom">stretch</aspectratio>
					<fadetime>IconCrossfadeTime</fadetime>
					<texture>IMDBFlag.png</texture>
					<visible>!IsEmpty(ListItem.Top250)</visible>
					<colordiffuse>orange</colordiffuse>
				</control>
					<control type="label"> <!-- Top250IMDB Mod 1.2 -->
						<description>top250</description>
						<posx>51</posx>
						<posy>108</posy>
						<width>400</width>
						<height>30</height>
						<label>$INFO[ListItem.Top250]</label>
						<align>center</align>
						<aligny>center</aligny>
						<font>cirrus_38_Bold</font>
						<textcolor>white</textcolor>
						<shadowcolor>black</shadowcolor>
						</control>
				</control>
				<control type="group">
					<posx>20</posx>
					<posy>210</posy>
					<visible>Skin.HasSetting(posterlessRightList)</visible>
					<control type="label">
						<description>Genre label</description>
						<posx>0</posx>
						<posy>0</posy>
						<width>550</width>
						<height>25</height>
						<label>$INFO[ListItem.Genre,[COLOR=orange]$LOCALIZE[515]:[/COLOR] ]</label>
						<align>left</align>
						<aligny>center</aligny>
						<font>cirrus_24</font>
						<textcolor>white</textcolor>
						<shadowcolor>black</shadowcolor>
					</control>
					<control type="textbox">
						<description>plot</description>
						<posx>0</posx>
						<posy>25</posy>
						<width>920</width>
						<height>68</height>
						<label>$INFO[ListItem.Plot]</label>
						<align>justify</align>
						<aligny>top</aligny>
						<font>cirrus_20</font>
						<textcolor>white</textcolor>
						<shadowcolor>black</shadowcolor>
						<autoscroll time="3000" delay="4000" repeat="5000">Skin.HasSetting(AutoScroll)</autoscroll>
					</control>
					<control type="label">
						<description>Year Label</description>
						<posx>0</posx>
						<posy>110</posy>
						<width>320</width>
						<height>30</height>
						<label>$INFO[ListItem.Year]</label>
						<align>left</align>
						<aligny>center</aligny>
						<font>cirrus_35</font>
						<textcolor>orange</textcolor>
						<shadowcolor>black</shadowcolor>
					</control>
					<control type="label">
						<description>Runtime label</description>
						<posx>80</posx>
						<posy>110</posy>
						<width>320</width>
						<height>30</height>
						<label>$INFO[ListItem.Duration] mins</label>
						<align>left</align>
						<aligny>center</aligny>
						<font>cirrus_35</font>
						<textcolor>white</textcolor>
						<shadowcolor>black</shadowcolor>
						<visible>!SubString(ListItem.Duration,mins)</visible>
					</control>
					<control type="label">
						<description>Runtime label</description>
						<posx>80</posx>
						<posy>110</posy>
						<width>320</width>
						<height>30</height>
						<label>$INFO[ListItem.Duration]</label>
						<align>left</align>
						<aligny>center</aligny>
						<font>cirrus_35</font>
						<textcolor>white</textcolor>
						<shadowcolor>black</shadowcolor>
						<visible>SubString(ListItem.Duration,mins)</visible>
					</control>
				</control>
				<control type="image">
					<width>240</width>
					<height>50</height>
					<posx>480</posx>
					<posy>50r</posy>
					<aspectratio>keep</aspectratio>
					<align>center</align>
					<aligny>bottom</aligny>
					<texture diffuse="maskflags.png">$INFO[listitem.Studio,flagging/studios/,.png]</texture>
				</control>
				<!-- Changes Begin Butchabay MOD 1.2.0 -->
				<control type="image">
					<posx>650</posx>
					<posy>40r</posy>
					<width>45</width>
					<height>30</height>
					<aspectratio aligny="bottom">stretch</aspectratio>
					<fadetime>IconCrossfadeTime</fadetime>
					<texture>trailer.png</texture>
					<visible>Control.IsVisible(569) + Container.Content(movies) + !IsEmpty(ListItem.Trailer) + !Player.HasVideo + !Skin.HasSetting(trailerflag)</visible>
					</control>
					<!-- Changes End Butchabay MOD 1.2.0 -->
				<control type="grouplist">
					<description>MPAA Rating Flagging Images</description>
					<posx>280r</posx>
					<posy>230</posy>
					<width>249</width>
					<height>57</height>
					<align>right</align>
					<itemgap>0</itemgap>
					<orientation>horizontal</orientation>
					<include>VideoMPAAFlaggingConditions</include>
				</control>
				<control type="grouplist">
					<description>Media Codec Flagging Images</description>
					<posx>580r</posx>
					<posy>320</posy>
					<width>550</width>
					<align>right</align>
					<itemgap>30</itemgap>
					<orientation>horizontal</orientation>
					<include condition="!Skin.HasSetting(newFlags)">VideoCodecFlaggingConditions</include>
					<include condition="!Skin.HasSetting(newFlags)">AudioCodecFlaggingConditions</include>
					<include condition="!Skin.HasSetting(newFlags)">AspectCodecFlaggingConditions</include>
					<include condition="Skin.HasSetting(newFlags)">VideoCodecFlaggingConditionsNew</include>
					<include condition="Skin.HasSetting(newFlags)">AudioCodecFlaggingConditionsNew</include>
					<include condition="Skin.HasSetting(newFlags)">AspectCodecFlaggingConditionsNew</include>
				</control>
			</control>
		</control>
	</include>
</includes>
