<?xml version="1.0" encoding="UTF-8" standalone="yes"?>
<addon id="plugin.video.hot.video" name="Hot" version="1.1.1" provider-name="shmulik">
    <requires>
        <import addon="xbmc.python" version="1.0"/>
    </requires>
    <extension point="xbmc.python.pluginsource" library="Default.py">
        <provides>video</provides>
    </extension>
    <extension point="xbmc.addon.metadata">
        <platform>all</platform>
        <minversion>31632</minversion>
        <summary>Wacth Hot content.</summary>
        <description>Wacth Hot contents.</description>
        <disclaimer>This addon parse Hot site, you should check Hot's TOS before you using. It's as is</disclaimer>
        <supportedcontent>
          <content>tvshows</content>
          <content>episodes</content>
        </supportedcontent>	
    </extension>
</addon>
