<window id="30000">
	<defaultcontrol>61</defaultcontrol>
	<controls>
		<control type="group">
			<animation effect="slide" start="1100,0" end="0,0" time="400" tween="quadratic" easing="out">WindowOpen</animation>
			<animation effect="slide" start="0,0" end="1100,0" time="400" tween="quadratic" easing="out">WindowClose</animation>
			
			<control type="image">
				<posx>10</posx>
				<posy>10</posy>
				<width>1260</width>
				<height>700</height>
				<texture border="15,0,0,0" flipx="true">ContentPanel.png</texture>
				<aspectratio> scalediffuse="false" align="center" aligny="top">stretch</aspectratio>
			</control>
			
			<control type="group">
				<animation effect="fade" delay="400" start="0" end="100" time="200">WindowOpen</animation>
				<animation effect="fade" start="100" end="0" time="200">WindowClose</animation>

	  			<control type="label">
					<description>Article headline</description>
					<posx>100</posx>
					<posy>20</posy>
					<width>1060</width>
					<height>80</height>
					<aligny>center</aligny>
					<align>left</align>
					<label>$INFO[Container(30000).Property(article_headline)]</label>
					<wrapmultiline>true</wrapmultiline>
					<font>font24_title</font>
					<textcolor>white</textcolor>
					<shadowcolor>grey</shadowcolor>
				</control>	

	  			<control type="label">
					<description>Date and time when article published</description>				
					<posx>430</posx>
					<posy>110</posy>
					<width>300</width>
					<height>10</height>
					<aligny>top</aligny>
					<align>left</align>
					<label>$INFO[Container(30000).Property(article_published)]</label>
					<wrapmultiline>true</wrapmultiline>
					<font>font12</font>
					<textcolor>white</textcolor>
				</control>	
				
	  			<control type="label">
					<description>Article author</description>				
					<posx>430</posx>
					<posy>135</posy>
					<width>1060</width>
					<height>10</height>
					<aligny>top</aligny>
					<align>left</align>
					<label>$INFO[Container(30000).Property(article_author)]</label>
					<wrapmultiline>true</wrapmultiline>
					<font>font12</font>
					<textcolor>white</textcolor>
				</control>	

	  			<control type="label">
					<description>Article photographer</description>				
					<posx>430</posx>
					<posy>160</posy>
					<width>1060</width>
					<height>10</height>
					<aligny>top</aligny>
					<align>left</align>
					<label>$INFO[Container(30000).Property(article_photographer)]</label>
					<wrapmultiline>true</wrapmultiline>
					<font>font12</font>
					<textcolor>white</textcolor>
				</control>					

				<control type="image">
					<description>Article image</description>				
					<posx>100</posx>
					<posy>110</posy>
					<width>320</width>
					<height>240</height>
					<texture>$INFO[Container(30000).Property(article_image)]</texture>
					<aspectratio scalediffuse="false" align="center" aligny="top">keep</aspectratio>
					<visible>!Container(30050).ListItem.Property(slideshowable)</visible>
				</control>	
				
				<control type="textbox">
					<description>textarea</description>
					<posx>100</posx>
					<posy>355</posy>
					<width>1060</width>
					<height>333</height>
					<label>$INFO[Container(30000).Property(article_text)]</label>
					<font>font13</font>
					<align>justify</align>
					<textcolor>white</textcolor>
					<shadowcolor>black</shadowcolor>
					<pagecontrol>61</pagecontrol>
				</control>
				
				<control type="scrollbar" id="61">
					<posx>1220</posx>
					<posy>320</posy>
					<width>25</width>
					<height>370</height>
					<texturesliderbackground border="0,14,0,14">ScrollBarV.png</texturesliderbackground>
					<texturesliderbar border="0,14,0,14">ScrollBarV_bar.png</texturesliderbar>
					<texturesliderbarfocus border="0,14,0,14">ScrollBarV_bar_focus.png</texturesliderbarfocus>
					<textureslidernib>ScrollBarNib.png</textureslidernib>
					<textureslidernibfocus>ScrollBarNib.png</textureslidernibfocus>
					<onleft>61</onleft>
					<onright>61</onright>
					<ondown>61</ondown>
					<onup>61</onup>
					<showonepage>true</showonepage>
					<orientation>vertical</orientation>
				</control>
			</control>
		</control>
		<include>Clock</include>
	</controls>
</window>
