﻿<?xml version="1.0" encoding="UTF-8" standalone="yes"?>
<addon id="plugin.video.serialonline.net"
       name="SerialOnline.net"
       version="0.1.0"
       provider-name="nuismons">
    <requires>
        <import addon="xbmc.python" version="2.1.0"/>
        <import addon="script.module.beautifulsoup"/>
    </requires>
    <extension point="xbmc.python.pluginsource" provides="video" library="default.py">
        <provides>video</provides>
    </extension>
    <extension point="xbmc.addon.metadata">
        <summary>Материалы сайта serialonline.net</summary>
        <description>Самая большая коллекция лучших сериалов мира</description>
        <platform>all</platform>
    </extension>
</addon>
