<?xml version="1.0" encoding="UTF-8"?>
<addon id="plugin.video.history.channel"
       name="History Channel"
       version="0.2.1"
       provider-name="ao">
  <requires>
    <import addon="xbmc.python" version="2.0"/>
    <import addon="script.module.beautifulsoup" version="3.0.8"/>
  </requires>
  <extension point="xbmc.python.pluginsource"
            library="default.py">
        <provides>video</provides>
  </extension>
  <extension point="xbmc.addon.metadata">
    <summary>History Channel</summary>
    <description>Full episodes from history.com</description>
    <platform>all</platform>
  </extension>
</addon>
