<?xml version="1.0" encoding="UTF-8" standalone="yes"?>
<addon id="plugin.video.kilogramme"
       name="KiloGramme"
       version="1.3.1"
       provider-name="delletenebre@gmail.com">
  <requires>
    <import addon="xbmc.python" version="2.1.0"/>
  </requires>
  <extension point="xbmc.python.pluginsource" provides="video" library="addon.py">
    <provides>video</provides>
  </extension>
  <extension point="xbmc.addon.repository" name="KGOnTV XBMC Add-ons">
    <info compressed="true">https://xbmc-kg-ontv.googlecode.com/svn/trunk/addons.xml</info>
    <checksum>https://xbmc-kg-ontv.googlecode.com/svn/trunk/addons.xml.md5</checksum>
    <datadir zip="true">https://xbmc-kg-ontv.googlecode.com/svn/trunk</datadir>
  </extension>
  <extension point="xbmc.addon.metadata">
    <summary lang="en">KiloGramme - watch online videos found at *.kg sites</summary>
    <description lang="en">
KiloGramme - watch online videos found at *.kg sites:
    * TS.KG (http://ts.kg/)
    * Cinema Online (http://cinemaonline.kg/)
    * OnlineTV (http://onlinetv.kg/)
    * Namba.Kinozal (http://movie.namba.kg/)
    * Namba.Serials (http://serials.namba.kg/)
    * Kinoman (http://www.kinoman.kg)
    * Category "TV" (http://startv.kg)
    * Category "Web-cameras" (http://live.saimanet.kg, http://smotri.kg, http://kt.kg)
    </description>
    <summary lang="ru">KiloGramme - просмотр видео с любимых сайтов в зоне *.kg</summary>
    <description lang="ru">
KiloGramme - просмотр видео с лучших сайтов Кыргызстана. Включает в себя:
    * TS.KG (http://ts.kg/)
    * Cinema Online (http://cinemaonline.kg/)
    * OnlineTV (http://onlinetv.kg/)
    * Namba.Кинозал (http://movie.namba.kg/)
    * Namba.Сериалы (http://serials.namba.kg/)
    * Kinoman (http://www.kinoman.kg)
    * Раздел "ТВ" (http://startv.kg)
    * Раздел "Веб-камеры" (http://live.saimanet.kg, http://smotri.kg, http://kt.kg)
    </description>
    <platform>all</platform>
  </extension>
</addon>