<?xml version="1.0" encoding="UTF-8" standalone="yes"?>
<addon id="plugin.video.revision3"
       name="Revision3"
       version="2.0.14" 
       provider-name="stacked">
  <requires>
    <import addon="xbmc.python" version="2.0"/>
	<import addon="script.module.parsedom" version="1.3.0"/>
	<import addon="script.module.simple.downloader" version="0.9.3"/>
	<import addon="script.module.buggalo" version="1.1.2"/>
	<import addon="script.module.simplejson" version="2.0.10"/>
  </requires>
  <extension point="xbmc.python.pluginsource"
            library="default.py">
        <provides>video</provides>
  </extension>
  <extension point="xbmc.addon.metadata">
    <summary lang="en">Revision3: The Best TV Shows on the Internet</summary>
    <description lang="en">The leading independent free online video service.</description>
    <platform>all</platform>
	<language>en</language>
	<website>https://code.google.com/p/plugin</website>
	<source>https://github.com/stacked/plugin.video.revision3</source>
	<forum>http://forum.xbmc.org/showthread.php?tid=42458</forum>
	<email>stacked.xbmc@gmail.com</email>
  </extension>
</addon>
