<?xml version="1.0" encoding="UTF-8" standalone="yes"?>
<addon id="repository.urlXL" name="urlXL XBMC Addon Repo for Frodo" version="1.0.2" provider-name="YoshioftheWire">
	<extension point="xbmc.addon.repository" name="urlXL Add-on Repository">
		<info compressed="false">http://urlxl-repo.googlecode.com/git/frodo/addons.xml</info>
		<checksum>http://urlxl-repo.googlecode.com/git/frodo/addons.xml.md5</checksum>
		<datadir zip="false">http://urlxl-repo.googlecode.com/git/frodo/</datadir>
	</extension>
	<extension point="xbmc.addon.metadata">
		<summary>Install Add-ons from urlXL Add-on Repository</summary>
		<description>urlXL plug-ins for XBMC 12.x; including Crunchyroll;xbmc</description>
		<disclaimer></disclaimer>
		<platform>all</platform>
	</extension>
</addon>
