<window>
	<defaultcontrol></defaultcontrol>

	<controls>
		<control type="group">
			<visible>Player.HasAudio</visible>
			<control type="largeimage">
				<posx>0</posx>
				<posy>0</posy>
				<width>1280</width>
				<height>720</height>
				<texture background="true">music-fixed.jpg</texture>
				<include>backgroundfade</include>
				<fadetime>FanartCrossfadeTime</fadetime>
			</control>
<!-- Music Info  -->         
			<control type="image">
				<posx>0</posx>
				<posy>0</posy>
				<width>1280</width>
				<height>720</height>
				<texture background="true">$INFO[MusicPlayer.Property(Fanart_Image)]</texture>
				<include>backgroundfade</include>
				<fadetime>FanartCrossfadeTime</fadetime>
				<visible>!IsEmpty(MusicPlayer.Property(Fanart_Image))</visible>
			</control>

			<control type="multiimage">
				<posx>0</posx>
				<posy>0</posy>
				<width>1280</width>
				<height>720</height>
				<imagepath background="true">plugin://plugin.image.artistmultifanart/?name=$INFO[MusicPlayer.Title]</imagepath>
				<timeperimage>10000</timeperimage>
				<randomize>true</randomize>
				<fadetime>1000</fadetime>
				<aspectratio>scale</aspectratio>
			</control>
			<control type="image">
				<description>media info background image</description>
				<posx>0</posx>
				<posy>270r</posy>
				<width>1280</width>
				<height>270</height>
				<texture>HomeNowPlayingBack.png</texture>
			</control>
			<control type="image">
				<description>media info background image</description>
				<posx>0</posx>
				<posy>270r</posy>
				<width>1280</width>
				<height>270</height>
				<colordiffuse>88FFFFFF</colordiffuse>
				<texture>HomeNowPlayingBack.png</texture>
			</control>
			<control type="image">
				<description>cover image</description>
				<posx>10</posx>
				<posy>290r</posy>
				<width>340</width>
				<height>260</height>
				<fadetime>200</fadetime>
				<texture background="true">$INFO[MusicPlayer.cover]</texture>
				<aspectratio aligny="bottom">keep</aspectratio>
				<bordertexture border="8">ThumbShadow.png</bordertexture>
				<bordersize>8</bordersize>
			</control>
			<control type="progress">
				<description>Progressbar</description>
				<posx>10</posx>
				<posy>23r</posy>
				<width>340</width>
				<height>14</height>
				<info>Player.Progress</info>
			</control>
			<control type="group">
				<posx>370</posx>
				<posy>180r</posy>
				<control type="grouplist">
					<description>Media Codec Flagging Images</description>
					<posx>340</posx>
					<posy>0</posy>
					<width>550</width>
					<align>right</align>
					<itemgap>0</itemgap>
					<orientation>horizontal</orientation>
					<control type="image">
						<description>Rating image</description>
						<width>120</width>
						<height>40</height>
						<aspectratio align="right">keep</aspectratio>
						<texture>LeftRating/$INFO[Player.StarRating]</texture>
					</control>
					<control type="image">
						<description>Codec Image</description>
						<width>80</width>
						<height>40</height>
						<aspectratio>keep</aspectratio>
						<texture>$INFO[MusicPlayer.Codec,flagging/audio/,.png]</texture>
					</control>
					<control type="image">
						<description>Channels Image</description>
						<width>80</width>
						<height>40</height>
						<aspectratio>keep</aspectratio>
						<texture>$INFO[MusicPlayer.Channels,flagging/audio/,.png]</texture>
					</control>
				</control>
				<control type="label">
					<description>Playing Label</description>
					<posx>0</posx>
					<posy>0</posy>
					<width>500</width>
					<height>25</height>
					<align>left</align>
					<aligny>center</aligny>
					<font>font13_title</font>
					<textcolor>blue</textcolor>
					<shadowcolor>black</shadowcolor>
					<label>31040</label>
				</control>
				<control type="label">
					<posx>10</posx>
					<posy>35</posy>
					<width>880</width>
					<height>30</height>
					<label>$INFO[MusicPlayer.Artist]$INFO[MusicPlayer.Album, - ]</label>
					<align>left</align>
					<aligny>center</aligny>
					<font>font13</font>
					<textcolor>grey</textcolor>
					<shadowcolor>black</shadowcolor>
				</control>
				<control type="label">
					<posx>10</posx>
					<posy>65</posy>
					<width>880</width>
					<height>30</height>
					<label>$INFO[MusicPlayer.Title]</label>
					<scroll>true</scroll>
					<align>left</align>
					<aligny>center</aligny>
					<font>font24_title</font>
					<textcolor>white</textcolor>
					<shadowcolor>black</shadowcolor>
				</control>
				<control type="label">
					<posx>0</posx>
					<posy>110</posy>
					<width>300</width>
					<height>20</height>
					<label>$INFO[musicplayer.Playlistposition,[COLOR=blue]$LOCALIZE[554]:[/COLOR] ]$INFO[musicplayer.Playlistlength, / ]</label>
					<align>left</align>
					<aligny>center</aligny>
					<font>font12_title</font>
					<textcolor>grey2</textcolor>
					<shadowcolor>black</shadowcolor>
				</control>
				<control type="label">
					<posx>890</posx>
					<posy>115</posy>
					<width>500</width>
					<height>25</height>
					<label>$INFO[Player.Time]$INFO[Player.Duration, / ]</label>
					<align>right</align>
					<aligny>center</aligny>
					<font>font35_title</font>
					<textcolor>grey</textcolor>
					<shadowcolor>black</shadowcolor>
				</control>
				<control type="fadelabel">
					<posx>0</posx>
					<posy>150</posy>
					<width>910</width>
					<height>20</height>
					<textoffsetx>910</textoffsetx>
					<font>font12_title</font>
					<textcolor>grey2</textcolor>
					<align>left</align>
					<aligny>center</aligny>
					<label>$INFO[MusicPlayer.Property(Album_Description)]$INFO[MusicPlayer.Property(Artist_Description), - ]</label>
				</control>
			</control>
		</control>
	</controls>
</window>