<?xml version="1.0" encoding="UTF-8" standalone="yes"?>
<addon id="script.nowplaying" name="Teraz odtwarzane" version="1.0.1" provider-name="smuto">
	<requires>
		<import addon="xbmc.python" version="2.0 "/>
        <import addon="plugin.image.artistmultifanart" version="1.0.3"/>
	</requires>
	<extension point="xbmc.python.script" library="default.py"/>
	<extension point="xbmc.addon.metadata">
		<summary>smut</summary>
		<description>smu</description>
		<disclaimer>smu</disclaimer>
		<platform>all</platform>
	</extension>
</addon>
