<?xml version="1.0" encoding="UTF-8" standalone="yes"?>
<addon id="plugin.audio.plex.itunes"
       name="iTunes Library"
       version="1.0.1"
       provider-name="maruchan">
  <requires>
    <import addon="xbmc.python" version="1.0"/>
    <import addon="script.module.beautifulsoup" version="3.0.8"/>
  </requires>
  <extension point="xbmc.python.pluginsource"
            library="default.py">
        <provides>audio</provides>
  </extension>
  <extension point="xbmc.addon.metadata">
    <platform>all</platform>
    <summary lang="en">Listen to music from your iTunes Library using Plex Media Server.</summary>
    <description lang="en">Have you ever wished you could connect to your iTunes library via Plex Media Server?  Now you can.</description>
  </extension>
</addon>
