<?xml version="1.0" encoding="UTF-8" standalone="yes"?>
<addon id="plugin.video.gamespot" name="GameSpot" version="1.2" provider-name="Dan Dar3 &lt;dan.dar33@gmail.com&gt;">
	<requires>
		<import addon="xbmc.python" version="1.0"/>
	</requires>
	<extension point="xbmc.python.pluginsource" library="addon.py">
		<provides>video</provides>
	</extension>
	<extension point="xbmc.addon.metadata">
		<platform>all</platform>
		<summary>Watch videos from GameSpot.com</summary>
		<description>Watch videos from GameSpot.com</description>
	</extension>
</addon>